!!!!!!
!@#$%^
!@#$%^&*()
!q
!qaz1qaz
!qaz2wsx
!qazxsw2
!turbine1
$hex
$hex[636f6e7472617365c3b161]
$p$
&
&#9679
&3
(password)
)ryan
*****
******
*******
********
*********
**********
*6cacbc497780934a0ae84ab363426
*nosave*
*password*
-
------
--123
-11
-9
-deleted-
.
..
...
....
.....
......
.......
........
..........
.adgj
.adgjm
.adgjmpt
.adgjmptw
.au
.br
.com
.ktymrf
0.0
0.0.0.
0.123456
0.123456789
00
000
0000
0000-00-00
00000
000000
0000000
00000000
000000000
0000000000
00000000000
000000000000
000000000000000
0000000000000000
00000000001
0000000000a
0000000000o
0000000001
000000001
000000009
00000000a
00000001
00000007
00000008
0000000a
0000001
0000007
000000a
000000aa
000000p
000000q
000000s
000000z
000001
0000011111
000002
000003
000005
000006
000007
000008
000009
0000099
00000a
00001
000010
000011
00001111
000012
0000123
00001234
000013
000021
000022
000023
000069
00007
00007777
00009999
0000aaaa
0000oooo
0001
0001-01-01
00010001
000111
000111222
000123
000222
0003
000321
000333
000420
000555
000666
0007
00070007
000777
000786
000888
0009
000911
000999
000999888
000aaa
000ooo
000webhost
000webhost.com
001
00100
001001
001001001
001002
001002003
001007
0011
001100
00110011
001122
00112233
0011223344
00114477
0012
001200
00120012
001212
00123
0012300
001234
0012345
00123456
00123456789
0013
001453
001903
001905
001907
001967
001968
001969
001971
001972
001973
001974
001975
001976
001977
001978
001979
001980
001981
001982
001983
001984
001985
001986
001987
001988
001989
001990
001991
001992
001993
001994
001995
001996
001997
001998
002
002001ab
002002
0022
002200
00220022
002233
00225588
00245111
003
003003
005500
0069
006900
007
0070
00700
007000
007007
007007007
007008
007008009
007123
0077
007700
00770077
007911
007bond
007james
007jamesbond
008008
008800
008hotboy
009
009009
0099
009900
00990099
009988
00998877
009d9cc2
00dada
01
010
010010
010012
0101
010100
0101001
010101
01010101
0101010101
0101011
010102
01010202
010103
010104
010105
010106
010107
010108
010109
010110
01011960
01011965
01011966
01011967
01011968
01011969
01011970
01011971
01011972
01011973
01011974
01011975
01011976
01011977
01011978
01011979
01011980
01011981
01011982
01011983
01011984
01011985
01011986
01011987
01011988
01011989
01011990
01011991
01011992
01011993
01011994
01011995
01011996
01011997
01011998
01011999
01012000
01012001
01012002
01012003
01012004
01012005
01012006
01012007
01012008
01012009
01012010
01012011
010166
010168
010169
010170
010171
010172
010173
010174
010175
010176
010177
010178
010179
010180
010181
010182
010183
010184
010185
010186
010187
010188
010189
010190
010191
010192
010193
010194
010195
010196
010197
010198
010199
0102
010200
010201
01020102
010203
0102030
01020300
010203010203
01020304
0102030405
010203040506
010203040506070809
0102031
010203123
010203a
010203aa
010204
010205
010206
010207
010208
010209
01021973
01021976
01021977
01021978
01021979
01021980
01021981
01021982
01021983
01021984
01021985
01021986
01021987
01021988
01021989
01021990
01021991
01021992
01021993
01021994
01021995
01021996
01021997
01021998
010277
010278
010279
010280
010281
010282
010283
010284
010285
010286
010287
010288
010289
010290
010291
010292
010293
010294
010295
010296
0103
010301
01030103
010304
010305
010306
010307
010308
010309
01031973
01031975
01031976
01031977
01031978
01031980
01031981
01031982
01031983
01031984
01031985
01031986
01031987
01031988
01031989
01031990
01031991
01031992
01031993
01031994
01031995
01031996
01031997
010377
010378
010379
010380
010381
010382
010383
010384
010385
010386
010387
010388
010389
010390
010391
010392
010393
010394
010395
010396
010397
0104
010400
01040104
010403
010405
010406
010407
010408
010409
01041977
01041978
01041979
01041980
01041981
01041982
01041983
01041984
01041985
01041986
01041987
01041988
01041989
01041990
01041991
01041992
01041993
01041994
01041995
01041996
01041997
01041998
01042000
010475
010477
010478
010479
010480
010481
010482
010483
010484
010485
010486
010487
010488
010489
010490
010491
010492
010493
010494
010495
010496
010497
010498
0105
010501
01050105
010503
010504
010505
010506
010507
010508
010509
01051976
01051978
01051979
01051980
01051981
01051982
01051983
01051984
01051985
01051986
01051987
01051988
01051989
01051990
01051991
01051992
01051993
01051994
01051995
01051996
010575
010576
010577
010578
010579
010580
010581
010582
010583
010584
010585
010586
010587
010588
010589
010590
010591
010592
010593
010594
010595
010596
010597
010599
0106
010601
010607
010608
010609
01061978
01061979
01061980
01061981
01061982
01061983
01061984
01061985
01061986
01061987
01061988
01061989
01061990
01061991
01061992
01061993
01061994
01061995
01061996
010676
010677
010678
010679
010680
010681
010682
010683
010684
010685
010686
010687
010688
010689
010690
010691
010692
010693
010694
010695
010696
0107
010700
01070107
010707
010708
010709
01071977
01071979
01071980
01071981
01071982
01071983
01071984
01071985
01071986
01071987
01071988
01071989
01071990
01071991
01071992
01071993
01071994
01071995
01071996
01071997
010776
010777
010778
010779
010780
010781
010782
010783
010784
010785
010786
010787
010788
010789
010790
010791
010792
010793
010794
010795
010796
010798
0108
01080108
010807
010808
010809
01081977
01081978
01081979
01081980
01081981
01081982
01081983
01081984
01081985
01081986
01081987
01081988
01081988m
01081989
01081990
01081991
01081992
01081993
01081994
01081995
01081996
01081997
010877
010878
010879
010880
010881
010882
010883
010884
010885
010886
010887
010888
010889
010890
010891
010892
010893
010894
010895
010896
010898
0109
010901
010905
010907
010908
010909
01091977
01091978
01091979
01091980
01091981
01091982
01091983
01091984
01091985
01091986
01091987
01091988
01091989
01091990
01091991
01091992
01091993
01091994
01091995
01091996
01091997
01092000
01092006
01092007
010978
010979
010980
010981
010982
010983
010984
010985
010986
010987
010988
010989
010990
010991
010992
010993
010994
010995
010996
010997
011
0110
011001
01100110
011008
011011
01101978
01101979
01101980
01101981
01101982
01101983
01101984
01101985
01101986
01101987
01101988
01101989
01101990
01101991
01101992
01101993
01101994
01101995
01101996
01101997
011077
011078
011079
011080
011081
011082
011083
011084
011085
011086
011087
011088
011089
011090
011091
011092
011093
011094
011095
011096
0111
011111
01111982
01111983
01111984
01111985
01111986
01111987
01111988
01111989
01111990
01111991
01111992
011177
011180
011181
011182
011183
011184
011185
011186
011187
011188
011189
011190
011191
011192
011193
011194
011196
0112
011201
01120112
01121978
01121979
01121980
01121981
01121982
01121983
01121984
01121985
01121986
01121987
01121988
01121989
01121990
01121991
01121992
01121993
01121994
01121995
0112358
011235813
01123581321
011276
011277
011278
011279
011280
011281
011282
011283
011284
011285
011286
011287
011288
011289
011290
011291
011292
011293
011294
011295
011296
0113
0114
0115
0116
0117
0118
0119
011979
011980
011981
011982
011983
011984
011985
011986
011987
011989
011990
012
0120
01200120
012009
012012
012012012
0121
01210121
0122
0123
01230
012300
01230123
012301230123
0123123
0123123123
0123321
01233210
01234
012345
0123451
0123456
01234560
01234561
01234567
012345678
0123456789
01234567890
01234567891
012345678910
0123456789a
0123456789q
0123456789vuonggialong
0123456987
0123456a
0123654
0123654789
012369
0123698745
0123789
0124
01240124
012409
0124578
012486
0125
01250125
012511
012569
012589
0126
0127
0128
0129
013
0130
013013
0131
01310131
013579
014
0147
01470147
01470258
014702580369
0147258
0147258369
01477410
0147852
01478520
0147852369
014789
01478963
0147896325
015
0159753
016
017
0174426
019283
0192837465
02
020
0201
02010201
020103
020109
02011980
02011981
02011982
02011983
02011984
02011985
02011986
02011987
02011988
02011989
02011990
02011991
02011992
02011993
02011994
02011995
02011996
02011997
020167
020176
020178
020180
020181
020183
020184
020185
020186
020187
020188
020189
020190
020191
020192
020193
020194
020195
0202
020201
020202
02020202
020203
020204
020205
020206
020207
020208
020209
02021973
02021974
02021976
02021977
02021978
02021979
02021980
02021981
02021982
02021983
02021984
02021985
02021986
02021987
02021988
02021989
02021990
02021991
02021992
02021993
02021994
02021995
02021996
02021997
02021998
02022000
02022002
020272
020274
020275
020276
020277
020278
020279
020280
020281
020282
020283
020284
020285
020286
020287
020288
020289
020290
020291
020292
020293
020294
020295
020296
020297
020298
020299
0203
020301
020302
02030203
020304
020305
020306
020307
020308
020309
02031977
02031978
02031979
02031980
02031981
02031982
02031983
02031984
02031985
02031986
02031987
02031988
02031989
02031990
02031991
02031992
02031993
02031994
02031995
02031996
02031997
020332007051
020377
020378
020379
020380
020381
020382
020383
020384
020385
020386
020387
020388
020389
020390
020391
020392
020393
020394
020395
020396
0204
020402
02040204
020405
020406
02040608
020407
020408
020409
02041979
02041980
02041981
02041982
02041983
02041984
02041985
02041986
02041987
02041988
02041989
02041990
02041991
02041992
02041993
02041994
02041995
02041996
02041997
02041998
020475
020477
020478
020479
020480
020481
020482
020483
020484
020485
020486
020487
020488
020489
020490
020491
020492
020493
020494
020495
020496
020497
0205
020500
02050205
020507
020508
020509
02051978
02051979
02051980
02051981
02051982
02051983
02051984
02051985
02051986
02051987
02051988
02051989
02051990
02051991
02051992
02051993
02051994
02051995
02051996
020575
020576
020577
020578
020579
020580
020581
020582
020583
020584
020585
020586
020587
020588
020589
020590
020591
020592
020593
020594
020595
020596
020597
0206
02060206
020607
020608
020609
02061973
02061979
02061980
02061981
02061982
02061983
02061984
02061985
02061986
02061987
02061988
02061989
02061990
02061991
02061992
02061993
02061994
02061995
02061996
020676
020677
020678
020679
020680
020681
020682
020683
020684
020685
020686
020687
020688
020689
020690
020691
020692
020693
020694
020695
020696
020697
0207
020708
020709
02071977
02071978
02071979
02071980
02071981
02071982
02071983
02071984
02071985
02071986
02071987
02071988
02071989
02071990
02071991
02071992
02071993
02071994
02071995
02071996
02071997
020777
020779
020780
020781
020782
020783
020784
020785
020786
020787
020788
020789
020790
020791
020792
020793
020794
020795
020796
0208
020802
02080208
020808
020809
02081974
02081977
02081979
02081980
02081981
02081982
02081983
02081984
02081985
02081986
02081987
02081988
02081989
02081990
02081991
02081992
02081993
02081994
02081995
02081996
02081997
02081998
020876
020877
020878
020879
020880
020881
020882
020883
020884
020885
020886
020887
020888
020889
020890
020891
020892
020893
020894
020895
020896
020897
0209
020906
020909
02091978
02091980
02091981
02091982
02091983
02091984
02091985
02091986
02091987
02091988
02091989
02091990
02091991
02091992
02091993
02091994
02091995
02091996
02091997
020968
020975
020977
020978
020979
020980
020981
020982
020983
020984
020985
020986
020987
020988
020989
020990
020991
020992
020993
020994
020995
020996
021
0210
02100210
02101977
02101978
02101979
02101980
02101981
02101982
02101983
02101984
02101985
02101986
02101987
02101988
02101989
02101990
02101991
02101992
02101993
02101994
02101995
02101996
02101997
02101998
021021
021065
021076
021077
021078
021079
021080
021081
021082
021083
021084
021085
021086
021087
021088
021089
021090
021091
021092
021093
021094
021095
021096
021098
021099
0211
021102
02110211
02111980
02111981
02111982
02111983
02111984
02111985
02111986
02111987
02111988
02111989
02111990
02111991
02111992
02111993
02111994
021176
021177
021178
021179
021180
021181
021182
021183
021184
021185
021186
021187
021188
021189
021190
021191
021192
021193
021194
021195
021196
021197
0212
021200
021202
02120212
021208
021209
02121978
02121979
02121980
02121981
02121982
02121983
02121984
02121985
02121986
02121987
02121988
02121989
02121990
02121991
02121992
02121993
02121994
02121995
02121996
02121997
021275
021276
021277
021278
021279
021280
021281
021282
021283
021284
021285
021286
021287
021288
021289
021290
021291
021292
021293
021294
021295
021296
021297
0213
02130213
0214
02140214
021408
021409
0215
02150215
021509
0216
0217
0218
0219
021975
021978
021979
021980
021981
021982
021983
021984
021985
021986
021987
021988
021989
021990
021992
021993
022
0220
02200220
022009
0221
0222
0223
0224
0225
0226
0227
0228
022809
023
023023
02410241
02468
024680
0246810
0246813579
025025
0258
02580258
0258456
0258520
0258741
02587410
02588520
0258963
0264jc
03
03.06.2014
030
0301
030103
03010301
030109
03011980
03011982
03011983
03011984
03011985
03011986
03011987
03011988
03011989
03011990
03011991
03011992
03011993
03011994
03011995
03011996
03011997
030177
030180
030181
030182
030183
030184
030185
030186
030187
030188
030189
030190
030191
030192
030193
030194
030195
030197
0302
030201
03020302
030209
03021977
03021980
03021981
03021982
03021983
03021984
03021985
03021986
03021987
03021988
03021989
03021990
03021991
03021992
03021993
03021994
03021995
03021998
030280
030281
030282
030283
030284
030285
030286
030287
030288
030289
030290
030291
030292
030293
030294
030295
030296
0303
030300
030301
030303
03030303
030305
030306
030307
030308
030309
03031976
03031977
03031978
03031979
03031980
03031981
03031982
03031983
03031984
03031985
03031986
03031987
03031988
03031989
03031990
03031991
03031992
03031993
03031994
03031995
03031996
03031997
03031998
03032003
0303456
030366
030373
030375
030376
030377
030378
030379
030380
030381
030382
030383
030384
030385
030386
030387
030388
030389
030390
030391
030392
030393
030394
030395
030396
030397
030398
030399
0304
03040304
030405
030407
030409
03041976
03041978
03041980
03041981
03041982
03041983
03041984
03041985
03041986
03041987
03041988
03041989
03041990
03041991
03041992
03041993
03041994
03041995
03041996
03041997
030477
030478
030479
030480
030481
030482
030483
030484
030485
030486
030487
030488
030489
030490
030491
030492
030493
030494
030495
030496
030499
0305
0305003x
030503
03050305
030507
030508
030509
03051978
03051980
03051981
03051982
03051983
03051984
03051985
03051986
03051987
03051988
03051989
03051990
03051991
03051992
03051993
03051994
03051995
03051996
030576
030577
030578
030579
030580
030581
030582
030583
030584
030585
030586
030587
030588
030589
030590
030591
030592
030593
030594
030595
030596
030597
030598
0306
030603
03060306
030606
030608
030609
03061979
03061980
03061981
03061982
03061983
03061984
03061985
03061986
03061987
03061988
03061989
03061990
03061991
03061992
03061993
03061994
03061995
03061996
030675
030676
030677
030679
030680
030681
030682
030683
030684
030685
030686
030687
030688
030689
030690
030691
030692
030693
030694
030695
030696
030697
0307
030708
030709
03071978
03071979
03071980
03071981
03071982
03071983
03071984
03071985
03071986
03071987
03071988
03071989
03071990
03071991
03071992
03071993
03071994
03071995
03071996
030777
030779
030780
030781
030782
030783
030784
030785
030786
030787
030788
030789
030790
030791
030792
030793
030794
030795
030798
0308
030802
030803
030808
030809
03081980
03081981
03081982
03081983
03081984
03081985
03081986
03081987
03081988
03081989
03081990
03081991
03081992
03081993
03081994
03081995
03081996
03082006
030876
030877
030878
030879
030880
030881
030882
030883
030884
030885
030886
030887
030888
030889
030890
030891
030892
030893
030894
030895
030896
030898
0309
030909
03091981
03091982
03091983
03091984
03091985
03091986
03091987
03091988
03091989
03091990
03091991
03091992
03091993
03091994
03091995
03091996
030978
030979
030980
030981
030982
030983
030984
030985
030986
030987
030988
030989
030990
030991
030992
030993
030994
030995
031
0310
03100310
031009
03101974
03101978
03101979
03101980
03101981
03101983
03101984
03101985
03101986
03101987
03101988
03101989
03101990
03101991
03101992
03101993
03101994
03101995
03101996
03101997
031074
031076
031077
031078
031079
031080
031081
031082
031083
031084
031085
031086
031087
031088
031089
031090
031091
031092
031093
031094
031095
031096
031097
0311
031103
03110311
031109
03111980
03111981
03111982
03111983
03111984
03111985
03111986
03111987
03111988
03111989
03111990
03111991
03111992
03111993
03111994
03111995
031177
031178
031179
031180
031181
031182
031183
031184
031185
031186
031187
031188
031189
031190
031191
031192
031193
031194
031195
031196
0312
03120312
031205
031209
03121980
03121981
03121982
03121983
03121984
03121985
03121986
03121987
03121988
03121989
03121990
03121991
03121992
03121993
03121994
03121995
03121996
03121997
031275
031276
031277
031278
031279
031280
031281
031282
031283
031284
031285
031286
031287
031288
031289
031290
031291
031292
031292var
031293
031294
031295
031296
031297
031299
0313
03130313
0314
03140314
031409
0315
03150315
031509
0316
03160316
031609
0317
0318
031809
0319
031982
031983
031984
031985
031986
031987
031988
031989
031990
031991
031993
031995
032
0320
032009
0321
03210321
032109
0321654
0321654987
0322
03220322
032209
032289
0323
03230323
032309
032323
0324
0325
032509
0326
03260326
0327
0328
032809
0329
0330
033028pw
033033
0331
03310331
0369
03690369
0376122
039703
039k16ki
04
040
0401
04010401
040109
04011981
04011982
04011983
04011984
04011985
04011986
04011987
04011988
04011989
04011990
04011991
04011992
04011993
04011994
04011995
040178
040180
040182
040183
040184
040185
040186
040187
040188
040189
040190
040191
040192
040193
040194
040195
040196
0402
040200
040209
04021980
04021981
04021982
04021983
04021984
04021985
04021986
04021987
04021988
04021989
04021990
04021991
04021992
04021993
04021994
04021995
04026828
040279
040280
040281
040282
040283
040284
040285
040286
040287
040288
040289
040290
040291
040292
040293
040294
040295
040296
040297
0403
040309
04031965
04031980
04031982
04031983
04031984
04031985
04031986
04031987
04031988
04031989
04031990
04031991
04031992
04031993
04031994
040380
040381
040382
040383
040384
040385
040386
040387
040388
040389
040390
040391
040392
040393
040394
040395
040396
0404
040404
04040404
040406
040408
040409
04041978
04041979
04041980
04041981
04041982
04041983
04041984
04041985
04041986
04041987
04041988
04041989
04041990
04041991
04041992
04041993
04041994
04041995
04041996
04041997
040471
040474
040475
040476
040477
040478
040479
040480
040481
040482
040483
040484
040485
040486
040487
040488
040489
040490
040491
040492
040493
040494
040495
040496
040497
040498
0405
04050405
040506
040507
040508
040509
04051977
04051978
04051980
04051981
04051982
04051983
04051984
04051985
04051986
04051987
04051988
04051989
04051990
04051991
04051992
04051993
04051994
04051995
04051996
040576
040577
040578
040579
040580
040581
040582
040583
040584
040585
040586
040587
040588
040589
040590
040591
040592
040593
040594
040595
040596
040597
040598
0406
040608
040609
04061977
04061980
04061981
04061982
04061983
04061984
04061985
04061986
04061987
04061988
04061989
04061990
04061991
04061992
04061993
04061994
04061995
04061996
040676
040678
040679
040680
040681
040682
040683
040684
040685
040686
040687
040688
040689
040690
040691
040692
040693
040694
040695
040696
0407
040709
04071980
04071981
04071982
04071983
04071984
04071985
04071986
04071987
04071988
04071989
04071990
04071991
04071992
04071993
04071994
04071995
04071996
040777
040778
040779
040780
040781
040782
040783
040784
040785
040786
040787
040788
040789
040790
040791
040792
040793
040794
040795
040797
040798
0408
040800
040806
040807
040808
040809
04081978
04081979
04081981
04081982
04081983
04081984
04081985
04081986
04081987
04081988
04081989
04081990
04081991
04081992
04081993
04081994
04081995
04081997
04081998
040877
040879
040880
040881
040882
040883
040884
040885
040886
040887
040888
040889
040890
040891
040892
040893
040894
040895
0409
040909
04091980
04091981
04091982
04091983
04091984
04091985
04091986
04091987
04091988
04091989
04091990
04091991
04091992
04091993
04091994
040977
040978
040979
040980
040981
040982
040983
040984
040985
040986
040987
040988
040989
040990
040991
040992
040993
040994
040995
040996
041
0410
041004
041008
04101982
04101983
04101984
04101985
04101986
04101987
04101988
04101989
04101990
04101991
04101992
04101993
04101994
04101995
04101996
041075
041077
041078
041079
041080
041081
041082
041083
041084
041085
041086
041087
041088
041089
041090
041091
041092
041093
041094
041095
041096
041097
0411
04110411
041109
04111980
04111983
04111984
04111985
04111986
04111987
04111988
04111989
04111990
04111991
04111992
04111993
041176
041177
041178
041179
041180
041181
041182
041183
041184
041185
041186
041187
041188
041189
041190
041191
041192
041193
041194
041195
041196
0412
041204
04120412
041209
04121979
04121981
04121982
04121983
04121984
04121985
04121986
04121987
04121988
04121989
04121990
04121991
04121992
04121993
04121994
04121995
04121996
04121997
041277
041278
041279
041280
041281
041282
041283
041284
041285
041286
041287
041288
041289
041290
041291
041292
041293
041294
041295
041296
041297
041299
0413
0414
0415
0416
0417
0418
0419
041909
041978
041980
041982
041983
041984
041985
041986
041987
041988
041989
041991
041992
042
0420
04200420
042009
0421
04210421
0422
0423
0424
0425
042506
0426
0427
0428
042809
0429
0430
05
050
0501
050109
05011980
05011981
05011982
05011983
05011984
05011985
05011986
05011987
05011988
05011989
05011990
05011991
05011992
05011993
05011994
05011995
05011996
05011998
050180
050181
050182
050183
050184
050185
050186
050187
050188
050189
050190
050191
050192
050193
050194
050195
050196
050197
0502
050209
0502123
05021980
05021981
05021982
05021983
05021984
05021985
05021986
05021987
05021988
05021989
05021990
05021991
05021992
05021993
05021994
05021995
05021996
05021998
050279
050280
050281
050282
050283
050284
050285
050286
050287
050288
050289
050290
050291
050292
050293
050294
050295
050296
0503
050305
050309
05031981
05031982
05031983
05031984
05031985
05031986
05031987
05031988
05031989
05031990
05031991
05031992
05031993
05031994
05031995
05031996
05031997
050377
050378
050379
050380
050381
050382
050383
050384
050385
050386
050387
050388
050389
050390
050391
050392
050393
050394
050395
050396
0504
050403
050408
050409
05041977
05041980
05041981
05041982
05041983
05041984
05041985
05041986
05041987
05041988
05041989
05041990
05041991
05041992
05041993
05041994
05041995
05041997
050477
050478
050480
050481
050482
050483
050484
050485
050486
050487
050488
050489
050490
050491
050492
050493
050494
050495
050496
0505
050501
050505
05050505
050506
050507
050508
050509
05051975
05051977
05051978
05051979
05051980
05051981
05051982
05051983
05051984
05051985
05051986
05051987
05051988
05051989
05051990
05051991
05051992
05051993
05051994
05051995
05051996
05051997
05052000
05052005
050572
050573
050575
050576
050577
050578
050579
050580
050581
050582
050583
050584
050585
050586
050587
050588
050589
050590
050591
050592
050593
050594
050595
050596
050597
050598
050599
0506
05060506
050607
050608
050609
05061979
05061980
05061981
05061982
05061983
05061984
05061985
05061986
05061987
05061988
05061989
05061990
05061991
05061992
05061993
05061994
05061995
05061996
05061998
050677
050678
050679
050680
050681
050682
050683
050684
050685
050686
050687
050688
050689
050690
050691
050692
050693
050694
050695
050696
0507
050708
050709
050710bn
05071980
05071981
05071982
05071983
05071984
05071985
05071986
05071987
05071988
05071989
05071990
05071991
05071992
05071993
05071994
05071995
05071996
05071997
050777
050778
050779
050780
050781
050782
050783
050784
050785
050786
050787
050788
050789
050790
050791
050792
050793
050794
050795
050796
0508
050805
05080508
050809
05081980
05081981
05081982
05081983
05081984
05081985
05081986
05081987
05081988
05081989
05081990
05081991
05081992
05081993
05081994
05081995
05081996
05081998
050876
050877
050878
050879
050880
050881
050882
050883
050884
050885
050886
050887
050888
050889
050890
050891
050892
050893
050894
050895
050896
050898
050899
0509
050909
05091978
05091979
05091980
05091981
05091982
05091983
05091984
05091985
05091986
05091987
05091988
05091989
05091990
05091991
05091992
05091993
05091994
05091995
05091996
050977
050978
050979
050980
050981
050982
050983
050984
050985
050986
050987
050988
050989
050990
050991
050992
050993
050994
050995
051
0510
05100510
051008
051009
05101981
05101982
05101983
05101984
05101985
05101986
05101987
05101988
05101989
05101990
05101991
05101992
05101993
05101994
05101995
051077
051078
051079
051080
051081
051082
051083
051084
051085
051086
051087
051088
051089
051090
051091
051092
051093
051094
051095
051096
0511
051105
05110511
051109
05111980
05111981
05111982
05111983
05111984
05111985
05111986
05111987
05111988
05111989
05111990
05111991
05111992
05111993
05111994
051176
051177
051178
051179
051180
051181
051182
051183
051184
051185
051186
051187
051188
051189
051190
051191
051192
051193
051194
051195
051196
0512
05120512
051208
051209
05121979
05121980
05121981
05121982
05121983
05121984
05121985
05121986
05121987
05121988
05121989
05121990
05121991
05121992
05121993
05121994
05121995
05121996
05121997
051276
051277
051278
051279
051280
051281
051282
051283
051284
051285
051286
051287
051288
051289
051290
051291
051292
051293
051294
051295
051296
051297
0513
05130513
0514
0515
0516
0517
0518
051809
0519
051973
051978
051980
051981
051982
051983
051984
051985
051986
051987
051988
051989
051990
051991
051993
052
0520
052009
0521
0522
0523
05230523
052309
0523213511
0524
0525
05250525
0526
0527
0528
0529
0530
0531
054
0544503040
055
0564335
0587
06
060
0601
060101
060109
06011981
06011982
06011983
06011984
06011985
06011986
06011987
06011988
06011989
06011990
06011991
06011992
06011993
06011994
06011995
060178
060179
060180
060181
060182
060183
060184
060185
060186
060187
060188
060189
060190
060191
060192
060193
060194
060195
060196
060197
060198liza
0602
060208
060209
06021979
06021980
06021981
06021982
06021983
06021984
06021985
06021986
06021987
06021988
06021989
06021990
06021991
06021992
06021993
06021994
06021995
06021996
060279
060280
060281
060282
060283
060284
060285
060286
060287
060288
060289
060290
060291
060292
060293
060294
060295
060296
0603
060300
060306
060309
060318
06031978
06031981
06031982
06031983
06031984
06031985
06031986
06031987
06031988
06031989
06031990
06031991
06031992
06031993
06031994
06031995
06031996
060380
060381
060382
060383
060384
060385
060386
060387
060388
060389
060390
060391
060392
060393
060394
060395
060396
0604
060409
06041982
06041983
06041984
06041985
06041986
06041987
06041988
06041989
06041990
06041991
06041992
06041993
06041994
06041995
060478
060479
060480
060481
060482
060483
060484
060485
060486
060487
060488
060489
060490
060491
060492
060493
060494
060495
0605
060504
060506
060509
06051980
06051982
06051983
06051984
06051985
06051986
06051987
06051988
06051989
06051990
06051991
06051992
06051993
06051994
06051995
06051996
060580
060581
060582
060583
060584
060585
060586
060587
060588
060589
060590
060591
060592
060593
060594
060595
060596
0606
060603
060606
06060606
060607
060608
060609
06061975
06061976
06061978
06061979
06061980
06061981
06061982
06061983
06061984
06061985
06061986
06061987
06061988
06061989
06061990
06061991
06061992
06061993
06061994
06061995
06061996
06061997
06061998
06062006
060675
060676
060677
060678
060679
060680
060681
060682
060683
060684
060685
060686
060687
060688
060689
060690
060691
060692
060693
06069392
060694
060695
060696
060697
060698
060699
0607
060708
060709
06071980
06071981
06071982
06071983
06071984
06071985
06071986
06071987
06071988
06071989
06071990
06071991
06071992
06071993
06071994
06071995
06071996
060777
060778
060779
060780
060781
060782
060783
060784
060785
060786
060787
060788
060789
060790
060791
060792
060793
060794
060795
060796
060797
0608
060806
060808
060809
06081979
06081980
06081981
06081982
06081983
06081984
06081985
06081986
06081987
06081988
06081989
06081990
06081991
06081992
06081993
06081994
06081995
06081996
06081998
060878
060879
060880
060881
060882
060883
060884
060885
060886
060887
060888
060889
060890
060891
060892
060893
060894
060895
060896
060897
0609
060906
060908
060909
06091980
06091981
06091982
06091983
06091984
06091985
06091986
06091987
06091988
06091989
06091990
06091991
06091992
06091993
06091994
06091995
06091996
060977
060978
060979
060980
060981
060982
060983
060984
060985
060986
060987
060988
060989
060990
060991
060992
060993
060994
060995
060996
061
0610
061009
06101980
06101982
06101983
06101984
06101985
06101986
06101987
06101988
06101989
06101990
06101991
06101992
06101993
06101994
06101997
061073
061077
061078
061079
061080
061081
061082
061083
061084
061085
061086
061087
061088
061089
061090
061091
061092
061093
061094
061095
061096
061097
0611
061106
06111980
06111982
06111983
06111984
06111985
06111986
06111987
06111988
06111989
06111990
06111991
06111992
06111993
061177
061178
061179
061180
061181
061182
061183
061184
061185
061186
061187
061188
061189
061190
061191
061192
061193
061194
061195
061196
061198
0612
061204
061206
06120612
061208
061209
06121980
06121981
06121982
06121983
06121984
06121985
06121986
06121987
06121988
06121989
06121990
06121991
06121992
06121993
06121994
06121995
061275
061276
061277
061278
061279
061280
061281
061282
061283
061284
061285
061286
061287
061288
061289
061290
061291
061292
061293
061294
061295
061296
061297
061299
0613
0614
061409
0615
061509
0616
061606
0617
0618
061809
0619
061974
061975
061976
061978
061979
061980
061981
061982
061983
061984
061985
061986
061987
061988
061989
061990
061991
061992
061993
061999
062
0620
062009
0621
0622
0623
0624
0625
0626
062609
0627
062709
0628
0629
0630
066
0666
07
070
0701
070107
070109
07011981
07011984
07011985
07011986
07011987
07011988
07011989
07011990
07011991
07011992
07011993
07011994
07011995
070180
070181
070182
070183
070184
070185
070186
070187
070188
070189
070190
070191
070192
070193
070194
070195
0702
070209
07021980
07021981
07021982
07021983
07021984
07021985
07021986
07021987
07021988
07021989
07021990
07021991
07021992
07021993
07021994
07021995
07021996
070279
070280
070282
070283
070284
070285
070286
070287
070288
070289
070290
070291
070292
070293
070294
070295
0703
070309
07031980
07031982
07031983
07031984
07031985
07031986
07031987
07031988
07031989
07031990
07031991
07031992
07031993
07031994
07031995
070380
070381
070382
070383
070384
070385
070386
070387
070388
070389
070390
070391
070392
070393
070394
070395
070396
0704
070401
07040704
070409
07041980
07041981
07041982
07041983
07041984
07041985
07041986
07041987
07041988
07041989
07041990
07041991
07041992
07041993
07041994
07041995
070477
070479
070480
070481
070482
070483
070484
070485
070486
070487
070488
070489
070490
070491
070492
070493
070494
070495
070496
0705
070503
070509
07051980
07051981
07051982
07051983
07051984
07051985
07051986
07051987
07051988
07051989
07051990
07051991
07051992
07051993
07051994
07051995
07051996
070577
070580
070581
070582
070583
070584
070585
070586
070587
070588
070589
070590
070591
070592
070593
070594
070595
070596
070597
0706
070608
07061981
07061983
07061984
07061985
07061985nina
07061986
07061987
07061988
07061989
07061990
07061991
07061992
07061993
07061994
07061995
07061996
070682
070683
070684
070685
070686
070687
070688
070689
070690
070691
070692
070693
070694
070695
070696
0707
070701
070707
07070707
070708
070709
07071977
07071978
07071979
07071980
07071981
07071982
07071983
07071984
07071985
07071986
07071987
07071988
07071989
07071990
07071991
07071992
07071993
07071994
07071995
07071996
07071997
07071998
07072000
07072007
070770
070773
070776
070777
070778
070779
070780
070781
070782
070783
070784
070785
070786
070787
070788
070789
070790
070791
070792
070793
070794
070795
070796
070797
070798
0708
070807
07080708
070808
070809
07081978
07081980
07081981
07081982
07081983
07081984
07081985
07081986
07081987
07081988
07081989
07081990
07081991
07081992
07081993
07081994
07081995
070878
070880
070881
070882
070883
070884
070885
070886
070887
070888
070889
070890
070891
070892
070893
070894
070895
070896
0709
070907
07090709
070908
07091981
07091982
07091983
07091984
07091985
07091986
07091987
07091988
07091989
07091990
07091991
07091992
07091993
07091994
07091995
070979
070980
070981
070982
070983
070984
070985
070986
070987
070988
070989
070990
070991
070992
070993
070994
070995
071
0710
07101981
07101982
07101983
07101984
07101985
07101986
07101987
07101988
07101989
07101990
07101991
07101992
07101993
07101994
07101995
07101996
071077
071078
071080
071081
071082
071083
071084
071085
071086
071087
071088
071089
071090
071091
071092
071093
071094
071095
071099
0711
071107
07110711
071108
07111981
07111982
07111983
07111984
07111985
07111986
07111987
07111988
07111989
07111990
07111991
07111992
07111994
071177
071178
071179
071180
071181
071182
071183
071184
071185
071186
071187
071188
071189
071190
071191
071192
071193
071194
071195
071197
071198
0712
071207
07120712
071208
07121976
07121980
07121981
07121982
07121983
07121984
07121985
07121986
07121987
07121988
07121989
07121990
07121991
07121992
07121993
07121994
07121996
071277
071278
071279
071280
071281
071282
071283
071284
071285
071286
071287
071288
071289
071290
071291
071292
071293
071294
071295
071296
0713
0714
071421
0715
0716
0717
0718
0719
071980
071981
071982
071983
071984
071985
071986
071987
071988
071989
071991
072
0720
0721
07210721
07211919
07214545
0722
0723
0724
0725
0726
0727
0728
0729
0731
0741020
077
07770777
07775000
07831505
0786
07860786
079055725
07931505
08
080
0801
080108
080109
08011981
08011983
08011984
08011985
08011986
08011987
08011988
08011989
08011990
08011991
08011992
08011993
08011994
08011995
080180
080181
080182
080183
080184
080185
080186
080187
080188
080189
080190
080191
080192
080193
080194
080195
080196
080198
0802
080208
080209
08021980
08021982
08021983
08021984
08021985
08021986
08021987
08021988
08021989
08021990
08021991
08021992
08021993
08021994
08021995
08021996
080278
080280
080281
080282
080283
080284
080285
080286
080287
080288
080289
080290
080291
080292
080293
080294
080295
080296
080297
0803
080308
080309
08031979
08031980
08031981
08031982
08031983
08031984
08031985
08031986
08031987
08031988
08031989
08031990
08031991
08031992
08031993
08031994
08031995
08031996
080378
080380
080382
080383
080384
080385
080386
080387
080388
080389
080390
080391
080392
080393
080394
080395
080396
0804
080406
080408
080409
08041980
08041982
08041983
08041984
08041985
08041986
08041987
08041988
08041989
08041990
08041991
08041992
08041993
08041994
08041995
080480
080482
080483
080484
080485
080486
080487
080488
080489
080490
080491
080492
080493
080494
080495
080497
0805
080502
080508
080509
08051982
08051983
08051984
08051985
08051986
08051987
08051988
08051989
08051990
08051991
08051992
08051993
08051994
08051995
080578
080579
080580
080581
080582
080583
080584
080585
080586
080587
080588
080589
080590
080591
080592
080593
080594
080595
080596
0806
080608
08061981
08061982
08061983
08061984
08061985
08061986
08061987
08061988
08061989
08061990
08061991
08061992
08061993
08061994
08061995
0806449
080677
080680
080681
080682
080683
080684
080685
080686
080687
080688
080689
080690
080691
080692
080693
080694
080695
080696
0807
080706
080708
08071977
08071980
08071981
08071982
08071983
08071984
08071985
08071986
08071987
08071988
08071989
08071990
08071991
08071992
08071993
08071994
08071997
080780
080782
080783
080784
080785
080786
080787
080788
080789
080790
080791
080792
080793
080794
080795
080796
080797
080798
080799
0808
080803
080807
080808
08080808
0808081
080809
08081973
08081976
08081977
08081978
08081979
08081980
08081981
08081982
08081983
08081984
08081985
08081986
08081987
08081988
08081989
08081990
08081991
08081992
08081993
08081994
08081995
08081996
08081997
08081998
08082008
080869
080873
080875
080877
080878
080879
080880
080881
080882
080883
080884
080885
080886
080887
080888
080889
080890
080891
080892
080893
080894
080895
080896
080897
080898
080899
0809
080900
080907
080908
08090809
080910
08091979
08091981
08091982
08091983
08091984
08091985
08091986
08091987
08091988
08091989
08091990
08091991
08091992
08091993
08091994
08091995
08091996
080977
080979
080980
080981
080982
080983
080984
080985
080986
080987
080988
080989
080990
080991
080992
080993
080994
080995
080997
081
0810
081008
08101980
08101982
08101983
08101984
08101985
08101986
08101987
08101988
08101989
08101990
08101991
08101992
08101993
08101994
08101995
08101996
081077
081079
081080
081081
081082
081083
081084
081085
081086
081087
081088
081089
081090
081091
081092
081093
081094
081096
0811
081108
08110811
08111983
08111984
08111985
08111986
08111987
08111988
08111989
08111990
08111991
08111992
08111993
08111994
081177
081178
081179
081180
081181
081182
081183
081184
081185
081186
081187
081188
081189
081190
081191
081192
081193
081194
081195
081196
081197
0812
081208
08120812
08121980
08121981
08121982
08121983
08121984
08121985
08121986
08121987
08121988
08121989
08121990
08121991
08121992
08121993
08121994
08121995
081276
081277
081278
081279
081280
081281
081282
081283
081284
081285
081286
081287
081288
081289
081290
081291
081292
081293
081294
081295
081296
0813
0814
0815
08150815
08154711
0816
0817
0818
081808
0819
081980
081982
081983
081984
081985
081986
081987
081988
081989
081990
081991
082
0820
0821
0822
0823
0824
0825
08250825
0826
0827
0828
0829
0830
0831
085
0852
08520852
08522580
086421
088011
08d140104
09
090
090078601
0901
090105
090109
09011981
09011982
09011983
09011984
09011985
09011986
09011987
09011988
09011989
09011990
09011991
09011992
09011993
09011994
09011995
09011996
09011997
090178
090180
090181
090182
090184
090185
090186
090187
090188
090189
090190
090191
090192
090193
090195
0902
090209
09021978
09021981
09021982
09021983
09021984
09021985
09021986
09021987
09021988
09021989
09021990
09021991
09021992
09021993
09021994
09021995
09021996
090278
090280
090281
090282
090283
090284
090285
090286
090287
090288
090289
090290
090291
090292
090293
090294
090295
0903
090309
09031981
09031982
09031983
09031984
09031985
09031986
09031987
09031988
09031989
09031990
09031991
09031992
09031993
09031994
09031995
090381
090382
090383
090384
090385
090386
090387
090388
090389
090390
090391
090392
090393
090394
090395
090396
0904
090409
09041980
09041981
09041982
09041983
09041984
09041985
09041986
09041987
09041988
09041989
09041990
09041991
09041992
09041993
09041994
090478
090479
090480
090481
090482
090483
090484
090485
090486
090487
090488
090489
090490
090491
090492
090493
090494
090495
090496
0905
090509
09051945
09051978
09051979
09051980
09051982
09051983
09051984
09051985
09051986
09051987
09051988
09051989
09051990
09051991
09051992
09051993
09051994
09051995
090545
090577
090579
090580
090581
090582
090583
090584
090585
090586
090587
090588
090589
090590
090591
090592
090593
090594
090595
090596
0906
090603
090609
09061976
09061980
09061981
09061982
09061983
09061984
09061985
09061986
09061987
09061988
09061989
09061990
09061991
09061992
09061993
09061994
09061995
09061996
090678
090679
090680
090681
090682
090683
090684
090685
090686
090687
090688
090689
090690
090691
090692
090693
090694
090695
090696
0907
090708
090709
09071980
09071981
09071983
09071984
09071985
09071986
09071987
09071988
09071989
09071990
09071991
09071992
09071993
09071994
09071996
090779
090780
090781
090782
090783
090784
090785
090786
090787
090788
090789
090790
090791
090792
090793
090794
090796
0908
090801
090803
090807
09080706
0908070605
090808
090809
09080908
09081981
09081982
09081983
09081984
09081985
09081986
09081987
09081988
09081989
09081990
09081991
09081992
09081993
09081994
09081995
09081996
090876
090877
090879
090880
090881
090882
090883
090884
090885
090886
090887
090888
090889
090890
090891
090892
090893
090894
090895
090896
090897
0909
090900
090905
090906
090907
090908
090909
09090909
0909090909
0909091
09091978
09091979
09091980
09091981
09091982
09091983
09091984
09091985
09091986
09091987
09091988
09091989
09091990
09091991
09091992
09091993
09091994
09091995
09091996
09091997
09091998
09091999
09092000
09092009
090975
090976
090977
090978
090979
090980
090981
090982
090983
090984
090985
090986
090987
090988
090989
090990
090991
090991b
090992
090993
090994
090995
090996
090997
090998
090999
091
0910
09100910
091011
09101980
09101982
09101983
09101984
09101985
09101986
09101987
09101988
09101989
09101990
09101991
09101992
09101993
09101995
091080
091081
091082
091083
091084
091085
091086
091087
091088
091089
091090
091091
091092
091093
091094
091095
091096
0911
091101
09110911
09111982
09111983
09111984
09111985
09111986
09111987
09111988
09111989
09111990
09111991
09111992
09111993
09111994
091177
091178
091179
091180
091181
091182
091183
091184
091185
091186
091187
091188
091189
091190
091191
091192
091193
091194
091195
091196
0912
091208
09120912
09121980
09121981
09121982
09121983
09121984
09121985
09121986
09121987
09121988
09121989
09121990
09121991
09121992
09121993
09121994
09121995
09121997
09123
091234
09123456
0912345678
09123456789
091276
091277
091278
091279
091280
091281
091282
091283
091284
091285
091286
091287
091288
091289
091290
091291
091292
091293
091294
091295
091296
091298
0913
0914
0915
0916
0917
0918
0918273645
0919
091979
091981
091982
091983
091984
091985
091986
091987
091988
091989
091991
091992
092
0920
0921
09210921
0922
0923
09230923
0924
0925
09250925
0926
0927
0928
09280928
0929
0930
0932313
098
098098
098098098
098123
0987
09870987
09871234
09876
098761
0987612345
098765
0987651
0987654
09876543
098765432
0987654321
09876543210
09876543211
0987654321a
0987654321q
09877890
0987poiu
098890
098poi
098poilkj
0a0a0a
0blivi0n
0blivion
0bqepl8339
0c95234760ae5a28
0cdh0v99ue
0icotpd785
0jflwm9479
0liver
0o0o0o
0o0o0o0o
0o9i8u
0o9i8u7y
0o9i8u7y6t
0okm9ijn
0okmnji9
0p9o8i
0p9o8i7u
0p9o8i7u6y
0range
0rb8mn0467
0u89z05578
0vffaid576
0w33520iu
0wnage
0xfhs03269
0xzryx
0zero0
1.11111e
1.12233e
1.23321e
1.23456e
1.23457e
1.23e
10
100
1000
10000
100000
1000000
10000000
1000000000
10000001
100001
10001000
10002000
1001
100100
1001001
100100100
100101
100102
100103
100108
100109
100110
10011001
10011977
10011978
10011979
10011980
10011981
10011982
10011983
10011984
10011985
10011986
10011987
10011988
10011989
10011990
10011991
10011992
10011993
10011994
10011995
10011996
10011997
10012000
10012002
100123
100168
100172
100174
100175
100176
100177
100178
100179
100180
100181
100182
100183
100184
100185
100186
100187
100188
100189
100190
100191
100192
100193
100194
100195
100196
100197
100198
100199
1001wdst
1002
100200
100200300
100202
100203
100204
100208
100209
10021002
10021976
10021977
10021978
10021979
10021980
10021981
10021982
10021983
10021984
10021985
10021986
10021987
10021988
10021989
10021990
10021991
10021992
10021993
10021994
10021995
10021996
10021997
10021998
10022001
100272
100273
100274
100275
100276
100277
100278
100279
100280
100281
100282
100283
100284
100285
100286
100287
100288
100289
100290
100291
100292
100293
100294
100295
100296
100297
100298
100299
1003
100300
100301
100303
100307
100308
100309
10031003
10031974
10031977
10031978
10031979
10031980
10031981
10031982
10031983
10031984
10031985
10031986
10031987
10031988
10031989
10031990
10031991
10031992
10031993
10031994
10031995
10031996
10031997
10031998
100372
100374
100375
100376
100377
100378
100379
100380
100381
100382
100383
100384
100385
100386
100387
100388
100389
100390
100391
100392
100393
100394
100395
100396
100397
100398
100399
1004
100400
100404
100408
10041004
10041977
10041978
10041979
10041980
10041981
10041982
10041983
10041984
10041985
10041986
10041987
10041988
10041989
10041990
10041991
10041992
10041993
10041994
10041995
10041996
10041997
10041998
100472
100473
100474
100475
100476
100477
100478
100479
100480
100481
100482
100483
100484
100485
100486
100487
100488
100489
100490
100491
100492
100493
100494
100495
100496
100497
100498
100499
1005
100500
100502
100503
100508
100509
10051005
10051977
10051978
10051979
10051980
10051981
10051982
10051983
10051984
10051985
10051986
10051987
10051988
10051989
10051990
10051991
10051992
10051993
10051994
10051995
10051996
100572
100573
100574
100575
100576
100577
100578
100579
100580
100581
100582
100583
100584
100585
100586
100587
100588
100589
100590
100591
100592
100593
100594
100595
100596
100597
100598
100599
1006
100600
100606
10061006
10061977
10061978
10061979
10061980
10061981
10061982
10061983
10061984
10061985
10061986
10061987
10061988
10061989
10061990
10061991
10061992
10061993
10061994
10061995
10061996
10061997
10061998
10061999
100670
100672
100673
100674
100675
100676
100677
100678
100679
100680
100681
100682
100683
100684
100685
100686
100687
100688
100689
100690
100691
100692
100693
100694
100695
100696
100697
100698
100699
1007
100700
100704
100707
100708
10071007
10071977
10071978
10071979
10071980
10071981
10071982
10071983
10071984
10071985
10071986
10071987
10071988
10071989
10071990
10071991
10071992
10071993
10071994
10071995
10071996
10071997
10071998
100770
100772
100775
100776
100777
100778
100779
100780
100781
100782
100783
100784
100785
100786
100787
100788
100789
100790
100791
100792
100793
100794
100795
100796
100797
100798
100799
1008
100800
100802
100805
100808
10081008
10081974
10081976
10081978
10081980
10081981
10081982
10081983
10081984
10081985
10081986
10081987
10081988
10081989
10081990
10081991
10081992
10081993
10081994
10081995
10081996
10086
100871
100873
100874
100875
100876
100877
100878
100879
100880
100881
100882
100883
100884
100885
100886
100887
100888
100888ktyf
100889
100890
100891
100892
100893
100894
100895
100896
100897
100898
100899
1009
100900
100908
10091009
10091977
10091978
10091979
10091980
10091981
10091982
10091983
10091984
10091985
10091986
10091987
10091988
10091989
10091990
10091991
10091992
10091993
10091994
10091995
10091996
100970
100975
100976
100977
100978
100979
100980
100981
100982
100983
100984
100985
100986
100987
100988
100989
100990
100991
100992
100993
100994
100995
100996
100997
100998
100999
100grand
100krotka
100million
100percent
100senha
100years
101
1010
101000
101001
101002
101003
101004
101005
101006
101007
101008
101009
10101
101010
1010101
10101010
1010101010
101010a
101011
1010110
101012
10101970
10101972
10101973
10101974
10101975
10101976
10101977
10101978
10101979
10101980
10101981
10101982
10101983
10101984
10101985
10101986
10101987
10101988
10101989
10101990
10101991
10101992
10101993
10101994
10101995
10101996
10101997
10101998
101020
10102000
10102001
10102002
10102003
10102008
10102010
10102020
1010220
101023
101055
101060
101064
101065
101066
101067
101068
101069
101070
101071
101072
101073
101074
101075
101076
101077
101078
101079
101080
101081
101082
101083
101084
101085
101086
101087
101088
101089
101090
101091
101092
101093
101094
101095
101096
101097
101098
101099
1011
101100
101101
101102
101103
101105
101106
101107
101108
101110
10111011
101111
101112
10111213
10111975
10111977
10111978
10111979
10111980
10111981
10111982
10111983
10111984
10111985
10111986
10111987
10111988
10111989
10111990
10111991
10111992
10111993
10111994
10111995
10111996
10111997
10112000
101123
101168
101169
101171
101172
101173
101174
101175
101176
101177
101178
101179
101180
101181
101182
101183
101184
101185
101186
101187
101188
101189
101190
101191
101192
101193
101194
101195
101196
101197
101198
101199
1012
101200
101201
101202
101203
101204
101205
101206
101208
101210
10121012
101213
101214
10121970
10121971
10121975
10121976
10121977
10121978
10121979
10121980
10121981
10121982
10121983
10121984
10121985
10121986
10121987
10121988
10121989
10121990
10121991
10121992
10121993
10121994
10121995
10121996
10121997
10121998
10121999
10123
101266
101267
101268
101269
101270
101271
101272
101273
101274
101275
101276
101277
101278
101279
101280
101281
101282
101283
101284
101285
101286
101287
101288
101289
101290
101291
101292
101293
101294
101295
101296
101297
101298
101299
1013
101300
101301
10131013
1014
101400
10141014
101488
101495
1015
101510
10151015
101520
101590
1016
10161016
101625
101646
101699
1017
10171017
101798
1018
101800
10181018
101811
1019
10191019
101918
10191984a
101968
101970
101972
101973
101974
101975
101976
101977
101978
101979
101980
101981
101982
101983
101984
101985
101986
101987
101988
101989
101990
101991
101992
101993
101994
101995
101996
101997
101998
102
1020
102000
102001
102003
102006
102007
102008
102010
10201020
10203
102030
1020300
1020301
10203010
102030102030
102030123
1020304
10203040
102030405
1020304050
102030405060
102030405060708090
10203040a
10203040q
102030a
102030aa
102080
102087
102088
102090
1021
102100
102102
102102102
102103
10211021
102188
102189
1022
102201
10221022
102288
102292
1023
102300
10231023
102345
1023456
102387
102390
102398
102399
1024
102400
10241024
1024768
102491
102498
1025
102500
10251025
102585
102588
102589
1026
102600
10261026
102688
1027
10271027
1028
102800
10281028
102888
102891
1029
10291029
102938
10293847
1029384756
1029384756a
1029384756q
102988
103
1030
10301030
103050
1031
103103
10311031
103164
1032
10321032
1033
1034
1035
10351035
1036
104
1040
10401040
104070
1041
104104
1042
1043
1044
1045
1047
1048
10481048
1048576
1049
105
1050
10501050
105105
1052
1053
1054
1055
1056
1057
10577
1058
1059
106
1060
106106
1063
1064
1065
1066
10661066
1068
1069
107
1070
1071
107107
10711071
1072
1075
1077
1078
108
1080
10801080
108108
1082
1084
1085
1086
1087
1088
1089
109
1090
109109
1092
1098
109876
1098765432
10987654321
1099
10fingers
10inches
10million
10pace
10qpalzm
10sne1
11
110
1100
110000
11001001
1100101
110011
11001100
110022
11002299
1101
110100
110101
110102
110103
110105
110108
110109
110110
110110110
110110jp
110110jpjp
110111
11011101
110112
110119
110119120
11011978
11011979
11011980
11011981
11011982
11011983
11011984
11011985
11011986
11011987
11011988
11011989
11011990
11011991
11011992
11011993
11011994
11011995
11011996
11011997
110120
11012001
110120119
110120130
110176
110177
110178
110179
110180
110181
110182
110183
110184
110185
110186
110187
110188
110189
110190
110191
110192
110193
110194
110195
110196
110197
110198
1102
110200
110202
110203
110204
110206
110208
110209
11021102
11021978
11021980
11021981
11021982
11021983
11021984
11021985
11021986
11021987
11021988
11021989
11021990
11021991
11021992
11021993
11021994
11021995
11021996
11021997
11021998
110220
11022000
110270
110271
110274
110275
110276
110277
110278
110279
110280
110281
110282
110283
110284
110285
110286
110287
110288
110289
110290
110291
110292
110293
110294
110295
110296
110297
110298
110299
1103
110300
110303
110304
110305
110306
110307
110308
110309
11031103
11031975
11031976
11031977
11031978
11031979
11031980
11031981
11031982
11031983
11031984
11031985
11031986
11031987
11031988
11031989
11031990
11031991
11031992
11031993
11031994
11031995
11031996
11031997
11031998
110331rahili
110370
110371
110372
110373
110374
110375
110376
110377
110378
110379
110380
110381
110382
110383
110384
110385
110386
110387
110388
110389
110390
110391
110392
110393
110394
110395
110396
110397
110398
110399
1104
110400
110404
110405
110408
110409
11041104
11041976
11041978
11041979
11041980
11041981
11041982
11041983
11041984
11041985
11041986
11041987
11041988
11041989
11041990
11041991
11041992
11041993
11041994
11041995
11041996
11041997
110470
110472
110473
110474
110475
110476
110477
110478
110479
110480
110481
110482
110483
110484
110485
110486
110487
110488
110489
110490
110491
110492
110493
110494
110495
110496
110497
110498
110499
1105
110500
110502
110503
110505
110506
110508
110509
11051105
11051977
11051978
11051979
11051980
11051981
11051982
11051983
11051984
11051985
11051986
11051987
11051988
11051989
11051990
11051991
11051992
11051993
11051994
11051995
11051996
11051998
110571
110572
110573
110574
110575
110576
110577
110578
110579
110580
110581
110582
110583
110584
110585
110586
110587
110588
110589
110590
110591
110592
110593
110594
110595
110596
110597
110598
110599
1106
110605
110606
110607
110608
110609
11061106
11061976
11061980
11061981
11061982
11061983
11061984
11061985
11061986
11061987
11061988
11061989
11061990
11061991
11061992
11061993
11061994
11061995
11061996
11061997
110670
110671
110672
110673
110674
110675
110676
110677
110678
110679
110680
110681
110682
110683
110684
110685
110686
110687
110688
110689
110690
110691
110692
110693
110694
110695
110696
110697
110698
110699
1107
110700
110707
110708
11071107
11071977
11071979
11071980
11071981
11071982
11071983
11071984
11071985
11071986
11071987
11071988
11071989
11071990
11071991
11071992
11071993
11071994
11071995
11071996
11071997
110774
110775
110776
110777
110778
110779
110780
110781
110782
110783
110784
110785
110786
110787
110788
110789
110790
110791
110792
110793
110794
110795
110796
110797
110798
110799
1108
110800
110801
110802
110803
110805
110806
110807
110808
11081108
11081976
11081978
11081979
11081980
11081981
11081982
11081983
11081984
11081985
11081986
11081987
11081988
11081989
11081990
11081991
11081992
11081993
11081994
11081995
11081996
11081997
11081998
11082003
11082007
110871
110872
110874
110875
110876
110877
110878
110879
110880
110881
110882
110883
110884
110885
110886
110887
110888
110889
110890
110891
110892
110893
110894
110895
110896
110897
110898
110899
1109
110901
110902
110904
110907
110908
110911
11091109
11091979
11091980
11091981
11091982
11091983
11091984
11091985
11091986
11091987
11091988
11091989
11091990
11091991
11091992
11091993
11091994
11091995
11091996
11091997
11092000
11092001
110970
110972
110973
110974
110975
110976
110977
110978
110979
110980
110981
110982
110983
110984
110985
110986
110987
110988
110989
110990
110991
110992
110993
110994
110995
110996
110997
110998
110999
111
1110
111000
111001
111007
111008
11101110
11101978
11101980
11101981
11101982
11101983
11101984
11101985
11101986
11101987
11101988
11101989
11101990
11101991
11101992
11101993
11101994
11101995
11101996
11101997
111075
111076
111077
111078
111079
111080
111081
111082
111083
111084
111085
111086
111087
111088
111089
111090
111091
111092
111093
111094
111095
111096
111097
111098
1111
111100
11110000
111103
111105
111106
111107
111108
11111
111110
1111100000
111111
1111110
1111111
11111111
111111111
1111111111
11111111111
111111111111
1111111111111
11111111111111
111111111111111
1111111111111111
11111111111111111111
1111111111a
1111111111q
111111111a
111111111q
11111111a
11111111d
11111111q
11111112
11111118
1111111a
1111111q
1111111z
1111112
11111122
111111222222
1111117
111111a
111111aa
111111aaa
111111abc
111111asd
111111d
111111m
111111q
111111qq
111111qw
111111s
111111z
111112
1111122222
111113
111115
111116
111119
11111978
11111979
11111980
11111981
11111982
11111983
11111984
11111985
11111986
11111987
11111988
11111989
11111990
11111991
11111992
11111993
11111994
11111995
11111997
11111a
11111aaaaa
11111q
11111qqqqq
11111z
11112
11112000
111122
11112222
111122223333
111123
11113333
11114444
111156
111169
111171
111173
111174
111175
111176
111177
111178
111179
111180
111181
111182
111183
111184
111185
111186
111187
111188
111189
111190
111191
111192
111193
111194
111195
111196
111197
111198
111199
11119999
1111aa
1111aaaa
1111qq
1111qqqq
1111zzzxxx
1112
111200
111203
111204
111205
111208
111211
11121112
111213
11121314
1112131415
11121975
11121977
11121978
11121979
11121980
11121981
11121982
11121983
11121984
11121985
11121986
11121987
11121988
11121989
11121990
11121991
11121992
11121993
11121994
11121995
11121996
11121997
11122
11122000
111222
111222111
1112223
11122233
111222333
111222333000
111222333444
111222333a
111222333q
111222a
111222q
111222tianya
111223
11123
111234
111272
111273
111275
111276
111277
111278
111279
111280
111281
111282
111283
111284
111285
111286
111287
111288
111289
111290
111291
111292
111293
111294
111295
111296
111297
111298
111299
1113
11131113
111333
1114
11141114
111444
1115
11151115
111555
111555999
1116
11161116
111666
1117
11171117
111777
111789
1118
11181118
111888
1119
11191119
111963
111965
111966
111968
111969
111970
111971
111972
111973
111974
111975
111976
111977
111978
111979
111980
111981
111982
111983
111984
111985
111986
111987
111988
111989
111990
111991
111992
111993
111994
111995
111996
111997
111998
111999
111aaa
111aaa111
111angel777
111f111
111qqq
111qqq111
111qqqaaa
111zzz
112
1120
112000
112001
112002
112003
112004
112005
112006
112007
112008
112009
112011
11201120
1121
112100
11211
112111
11211121
112112
112112112
112113
112123
112131
112143
112181
112187
112188
112189
112191
1122
112200
11221
112211
11221122
112212
11223
112233
1122330
11223300
1122331
11223311
112233112233
112233123
1122332211
1122333
112233332211
1122333qq
1122334
11223344
112233441
112233445
1122334455
11223344551
112233445566
11223344556677
1122334455667788
112233445566778899
1122334455a
11223344a
11223344aa
11223344q
11223345
112233456
11223355
11223366
112233a
112233aa
112233abc
112233as
112233asd
112233q
112233qq
112233qqwwee
112233qw
112233qwe
112233ss
112233z
112233zz
112234
112244
11224455
112255
112266
112277
112286
112288
112289
112299
1122aa
1122aabb
1122qq
1122qqww
1123
112300
112311
11231123
1123371
11234
112345
1123456
1123456789
11235
112358
11235813
1123581321
112358132134
11235813213455
112388
1124
112400
112411
11241124
112487
112489
1125
112500
112511
11251125
112567
112586
112588
112589
1126
112606
11261126
1127
11271127
112787
1128
112800
112808
11281128
112887
1129
112900
112911
11291129
113
1130
11301130
1131
11311131
113113
113114
1132
11321132
1133
113311
11331133
113322
11332244
113344
113355
11335577
1133557799
11335577mm
113366
11337799
1134
11341134
1135
1136
1137
113774lk
1138
11381138
114
1140
1141
114114
1142
11421142
1143
11431143
1144
114411
11441144
114433
114455
114477
1145
11451145
1146
1147
11471147
1148
115
1150
11501150
1151
115115
1152
1153
1154
1155
115511
11551155
115533
115566
1155665
115577
115599
1156
1157
1158
1159
116
1160
1161
116116
1163
1164
1165
1166
116611
116688
1167
1168
1169
117
1170
1171
117117
1172
1173
1174
1175
1176
1177
117711
11771177
1178
1179
11794591
118
1180
1181
118118
1182
118218
1183
1184
1185
118511
1186
1187
1188
118800
118811
11881188
1189
119
1190
1190711907
1191
119110
119119
1192
11921192
11922960
1194
1195
1196
1197
1198
1199
119900
119911
11991199
119922
119955
119988
11999911
11aa11
11aa22bb
11bravo
11eleven
11november
11q22q33q
11q22w33e
11qq11
11qq11qq
11qq22ww
11qq22ww33ee
11qqaazz
11qwerty
11september
12
12!
120
1200
120000
120012
12001200
1201
120100
120101
120102
120104
120105
120107
120108
120110ab
12011201
12011978
12011980
12011981
12011982
12011983
12011984
12011985
12011986
12011987
12011988
12011989
12011990
12011991
12011992
12011993
12011994
12011995
12011996
12012
120120
12012000
12012001
120120120
120170
120173
120174
120175
120176
120177
120178
120179
120180
120181
120182
120183
120184
120185
120186
120187
120188
120189
120190
120191
120192
120193
120194
120195
120196
120197
120198
120199
1202
120200
120201
120202
120203
120205
120207
120208
120212
12021202
12021974
12021975
12021976
12021977
12021978
12021979
12021980
12021981
12021982
12021983
12021984
12021985
12021986
12021987
12021988
12021989
12021990
12021991
12021992
12021993
12021994
12021995
12021996
12021997
12021998
120272
120274
120275
120276
120277
120278
120279
120280
120281
120282
120283
120284
120285
120286
120287
120288
120289
120290
120291
120292
120293
120294
120295
120296
120297
120298
120299
1203
120300
120301
120303
120304
120305
120306
120308
120309
12031203
12031978
12031979
12031980
12031981
12031982
12031983
12031984
12031985
12031986
12031987
12031988
12031989
12031990
12031991
12031992
12031993
12031994
12031995
12031996
12031997
12031999
120368
120369
120371
120372
120373
120374
120375
120376
120377
120378
120379
120380
120381
120382
120383
120384
120385
120386
120387
120388
120389
120390
120391
120392
120393
120394
120395
120396
120397
120398
120399
1204
120400
120401
120403
120404
120407
120408
120409
12041204
12041961
12041977
12041978
12041979
12041980
12041981
12041982
12041983
12041984
12041985
12041986
12041987
12041988
12041989
12041990
12041991
12041992
12041993
12041994
12041995
12041996
12041997
120469
120470
120471
120472
120473
120474
120475
120476
120477
120478
120479
120480
120481
120482
120483
120484
120485
120486
120487
120488
120489
120490
120491
120492
120493
120494
120495
120496
120497
120498
120499
1205
120500
120501
120505
120506
120507
120508
120509
12051205
12051974
12051977
12051978
12051979
12051980
12051981
12051982
12051983
12051984
12051985
12051986
12051987
12051988
12051989
12051990
12051991
12051992
12051993
12051994
12051995
12051996
12051997
120568
120569
120570
120571
120572
120573
120574
120575
120576
120577
120578
120579
120580
120581
120582
120583
120584
120585
120586
120587
120588
120589
120590
120591
120592
120593
120594
120595
120596
120597
120598
120599
1206
120600
120603
120604
120606
120607
120608
120609
12061206
12061977
12061978
12061979
12061980
12061981
12061982
12061983
12061984
12061985
12061986
12061987
12061988
12061989
12061990
12061991
12061992
12061993
12061994
12061995
12061996
12061997
12061998
120669
120670
120671
120672
120673
120674
120675
120676
120677
120678
120679
120680
120681
120682
120683
120684
120685
120686
120687
120688
120689
120690
120691
120692
120693
120694
120695
120696
120697
120698
120699
1207
120700
120703
120707
120708
12071207
12071976
12071977
12071978
12071979
12071980
12071981
12071982
12071983
12071984
12071985
12071986
12071987
12071988
12071989
12071990
12071991
12071992
12071993
12071994
12071995
12071996
12071997
12071998
120772
120773
120774
120775
120776
120777
120778
120779
120780
120781
120782
120783
120784
120785
120786
120787
120788
120789
120790
120791
120792
120793
120794
120795
120796
120797
120798
120799
1208
120800
120801
120803
120805
120806
120807
120808
12081208
12081976
12081977
12081978
12081979
12081980
12081981
12081982
12081983
12081984
12081985
12081986
12081987
12081988
12081989
12081990
12081991
12081992
12081993
12081994
12081995
12081996
12081997
12081998
12082000
120869
120872
120873
120874
120875
120876
120877
120878
120879
120880
120881
120882
120883
120884
120885
120886
120887
120888
120889
120890
120891
120892
120893
120894
120895
120896
120897
120898
120899
1209
120900
120903
120906
120908
120909
12091209
12091976
12091978
12091979
12091980
12091981
12091982
12091983
12091984
12091985
12091986
12091987
12091988
12091989
12091990
12091991
12091992
12091993
12091994
12091995
12091996
12091997
12092000
120967
120969
120970
120973
120974
120975
120976
120977
120978
120979
120980
120981
120982
120983
120984
120985
120986
120987
120988
120989
120990
120991
120992
120993
120994
120995
120996
120997
120998
120999
121
1210
121000
121001
121002
121004
121005
121006
121007
121008
121010
121012
12101210
12101974
12101976
12101977
12101978
12101979
12101980
12101981
12101982
12101983
12101984
12101985
12101986
12101987
12101988
12101989
12101990
12101991
12101992
12101993
12101994
12101995
12101996
12101997
12101998
12102000
121065
121068
121069
121070
121071
121072
121073
121074
121075
121076
121077
121078
121079
121080
121081
121082
121083
121084
121085
121086
121087
121088
121089
121090
121091
121092
121093
121094
121095
121096
121097
121098
121099
1211
121100
121101
121102
121104
121105
121106
121107
121108
121110
121111
12111211
12111976
12111977
12111978
12111979
12111980
12111981
12111982
12111983
12111984
12111985
12111986
12111987
12111988
12111989
12111990
12111991
12111992
12111993
12111994
12111995
12111996
12111997
121121
121170
121171
121172
121173
121174
121175
121176
121177
121178
121179
121180
121181
121182
121183
121184
121185
121186
121187
121188
121189
121190
121191
121192
121193
121194
121195
121196
121197
121198
121199
1212
121200
121201
121202
121203
121204
121205
121206
121207
121208
121209
12121
121210
121211
1212112
121212
1212121
12121212
121212121
1212121212
121212121212
12121212a
1212123
12121234
121212a
121212aa
121212ab
121212abc
121212as
121212ced
121212q
121212qq
121212qw
121212z
121213
12121313
121214
12121970
12121972
12121974
12121975
12121976
12121977
12121978
12121979
12121980
12121981
12121982
12121983
12121984
12121985
12121986
12121987
12121988
12121989
12121990
12121991
12121992
12121993
12121994
12121995
12121996
12121997
12121998
12121999
12122000
12122002
12122012
121221
12122121
121223
121224
12123
121231
1212312121
121231234
121232
121233
121234
12123434
1212345
12123456
121245
121255
121256
121258
121260
121263
121264
121265
121266
121267
121268
121269
121270
121271
121272
121273
121274
121275
121276
121277
121278
121279
121280
121281
121282
121283
121284
121285
121286
121287
121288
121289
121290
121291
121292
121293
121294
121295
121296
121297
121298
121299
1212qw
1212qwqw
1213
121300
121308
121312
12131213
121313
121314
12131415
1213141516
121314aa
121315
121321
121345
121388
121389
1214
121400
121412
12141214
121415
121415aaa
121416
12141618
1215
121500
121512
12151215
121518
1215225
121578
121586
121588
121589
1216
121600
12161216
121688
1217
12171217
121787
121788
1218
121800
121808
12181218
121890
121899
1219
121908
12191219
121965
121966
121967
121968
121969
121970
121971
121972
121973
121974
121975
121976
121977
121978
121979
121980
121981
121982
121983
121984
121985
121986
121987
121988
121989
121990
121991
121992
121993
121994
121995
121996
121997
121998
121999
122
1220
122000
122001
122002
122003
122005
122006
122007
122008
12201220
122097
1221
122100
122108
122112
12211221
122121
122122
122123
122133
122134
12213443
122183
122185
122189
122190
1222
12221222
122221
122222
122288
1223
12231223
122333
1223334444
122333444455555
122334
12233445
122345
1223456
122388
1224
122400
122408
122412
12241224
122436
12243648
122448
122488
122490
1225
122500
122508
12251225
122580
122588
122589
1226
12261226
122686
122687
122689
1227
12271227
122788
122789
122790
1228
122800
122808
12281228
122885
122888
122890
122891
1229
122900
12291229
122987
123
123!
123!@#
123-123
123...
123.123
123.321
123.456
123.com
1230
12300
123000
12300000
123001
12300123
123003
12300321
123007
123012
1230123
12301230
123012301230
12301230a
1230321
123045
1230456
12304560
123045607890
1230456789
123056
12305678
123089
123098
1231
123100
123103
123111
12311231
12312
123121
123123
123123.
123123..
1231230
12312300
123123000
1231231
12312311
12312312
123123123
1231231230
1231231231
123123123123
123123123123123
1231231234
123123123a
123123123aa
123123123b
123123123d
123123123e
123123123g
123123123m
123123123q
123123123qwe
123123123s
123123123w
123123123z
1231233
123123321
123123321321
1231234
12312344
12312345
123123456
123123456456
1231235
1231236
123123a
123123aa
123123aaa
123123ab
123123abc
123123as
123123asd
123123asdasd
123123az
123123b
123123d
123123e
123123f
123123g
123123gg
123123k
123123l
123123lol
123123m
123123mm
123123q
123123qaz
123123qq
123123qqq
123123qw
123123qwe
123123qweqwe
123123qwer
123123r
123123s
123123ss
123123vuonggialong
123123w
123123ww
123123x
123123z
123123zx
123123zxc
123123zz
123124
123125
1231313
123132
123147
12315
1231512315
123156
123159
123159147
123181
123190
123199
1232
12321
123210
123211
123212
1232123
12321232
123212321
123213
123223
12323
123231
1232323
1232323q
123233
123234
123234345
123234423
123258
1232580
123258789
1233
123312
12331233
12332
123321
1233210
12332100
123321000
1233211
12332111
12332112
123321123
123321123321
1233211234567
123321123a
123321123q
1233212
1233214
12332145
123321456
123321456654
1233215
123321a
123321aa
123321aaa
123321abc
123321as
123321asd
123321d
123321l
123321m
123321q
123321qaz
123321qq
123321qqq
123321qw
123321qwe
123321qweewq
123321qwer
123321r
123321s
123321ss
123321v
123321w
123321www
123321z
123321zx
123321zxc
123321zz
123321zzz
12333
1233321
123333
123344
123345
1233456
123357
123369
1234
1234!
12340
123400
12340000
12340987
12341
123411
123412
1234123
12341234
123412341
123412341234
123412345
12341234a
12341234q
1234126
12341qaz
12342
12342234
123423
12343
123432
1234321
12343212
1234321a
1234321q
123434
12343412
12344
123443
12344321
123443211
12344321a
12344321aa
12344321q
12344321qwe
123444
123445
1234456
12345
12345!
12345.
123450
1234500
1234509876
123451
1234510
1234512
12345123
123451234
1234512345
123451234512345
1234512345a
123452
123453
123454
12345432
123454321
123454321a
123454321q
1234545
123455
1234554321
1234554321a
1234554321q
1234555
1234556
123456
123456!
123456*
123456+
123456-
123456.
123456..
123456...
123456.a
1234560
1234560.
12345600
123456000
12345601
1234560987
1234560a
1234560v
1234561
12345610
12345611
12345612
123456123
1234561234
12345612345
123456123456
123456123a
123456151
1234561731
1234562
1234563
123456321
1234564
123456456
1234565
12345652
12345654
1234565432
12345654321
12345656
1234566
12345665
123456654
123456654321
12345666
12345667
1234567
1234567!
12345670
12345671
1234567123
12345671234567
12345676
1234567654321
123456767
12345677
12345677654321
123456777
12345678
123456780
1234567809
123456781
123456781122
12345678123
1234567812345678
123456787
123456788
1234567887654321
1234567889
123456789
123456789!
123456789*
123456789+
123456789-
123456789.
123456789..
1234567890
1234567890-
1234567890-=
1234567890.
12345678900
123456789000
1234567890098765
12345678900987654321
12345678901
123456789010
123456789012
1234567890123
123456789012345
1234567890123456
12345678901234567890
12345678909
1234567890987654321
1234567890a
1234567890aa
1234567890abc
1234567890as
1234567890asd
1234567890b
1234567890c
1234567890d
1234567890e
1234567890f
1234567890g
1234567890i
1234567890k
1234567890l
1234567890m
1234567890n
1234567890o
1234567890p
1234567890q
1234567890qaz
1234567890qq
1234567890qw
1234567890qwe
1234567890qwer
1234567890qwert
1234567890qwerty
1234567890qwertyuiop
1234567890r
1234567890s
1234567890t
1234567890v
1234567890vuonggialong
1234567890w
1234567890x
1234567890z
1234567890zxc
1234567891
12345678910
123456789101
1234567891011
123456789101112
1234567891011121
12345678910a
12345678910q
12345678911
12345678912
123456789123
1234567891234
12345678912345
123456789123456
1234567891234567
123456789123456789
123456789159
1234567892
1234567893
123456789456
1234567895
1234567896
12345678963
1234567897
123456789789
1234567898
123456789852
12345678987654321
1234567899
12345678991
123456789963
123456789987
1234567899876543
123456789987654321
12345678999
123456789@
123456789_
123456789a
123456789aa
123456789aaa
123456789ab
123456789abc
123456789abcd
123456789alex
123456789ali
123456789as
123456789asd
123456789asdf
123456789az
123456789b
123456789bb
123456789c
123456789d
123456789dd
123456789dima
123456789e
123456789f
123456789fb
123456789g
123456789gs
123456789h
123456789i
123456789j
123456789k
123456789kk
123456789l
123456789leo
123456789ll
123456789lol
123456789love
123456789m
123456789mm
123456789n
123456789o
123456789ok
123456789op
123456789p
123456789pp
123456789q
123456789qaz
123456789qq
123456789qqq
123456789qw
123456789qwe
123456789qwer
123456789qwert
123456789qwerty
123456789qwertyu
123456789qwertyuio
123456789qwertyuiop
123456789r
123456789s
123456789sa
123456789ss
123456789t
123456789ten
123456789u
123456789v
123456789vuonggialong
123456789w
123456789ww
123456789www
123456789x
123456789xx
123456789y
123456789ya
123456789z
123456789za
123456789zx
123456789zxc
123456789zxcvbnm
123456789zz
123456789zzz
12345678a
12345678aa
12345678aaa
12345678ab
12345678abc
12345678as
12345678asd
12345678b
12345678c
12345678d
12345678e
12345678f
12345678g
12345678h
12345678i
12345678j
12345678k
12345678l
12345678m
12345678n
12345678o
12345678p
12345678q
12345678qq
12345678qw
12345678qwe
12345678qwer
12345678qwertyu
12345678qwertyui
12345678r
12345678s
12345678t
12345678u
12345678v
12345678vuonggialong
12345678w
12345678x
12345678y
12345678z
12345679
123456798
1234567a
1234567aa
1234567ab
1234567abc
1234567as
1234567asd
1234567b
1234567c
1234567d
1234567e
1234567f
1234567g
1234567h
1234567i
1234567j
1234567k
1234567l
1234567lyz
1234567m
1234567n
1234567o
1234567p
1234567q
1234567qq
1234567qw
1234567qwe
1234567qwerty
1234567qwertyu
1234567r
1234567s
1234567t
1234567u
1234567v
1234567vuonggialong
1234567w
1234567x
1234567y
1234567z
1234568
123456852
12345687
123456879
12345688
12345689
1234569
12345690
123456963
12345698
123456987
12345699
123456@
123456_
123456a
123456a.
123456a1
123456aa
123456aaa
123456ab
123456abc
123456abcd
123456abcde
123456abcdef
123456ac
123456ad
123456ak
123456al
123456alex
123456ali
123456am
123456an
123456aq
123456as
123456asd
123456asdf
123456asdfgh
123456az
123456aze
123456azerty
123456b
123456bb
123456bn
123456c
123456cc
123456chi
123456d
123456da
123456dd
123456e
123456ee
123456er
123456f
123456fb
123456ff
123456fr
123456g
123456gg
123456gh
123456go
123456gs
123456h
123456hh
123456hi
123456i
123456j
123456jj
123456jk
123456k
123456kk
123456kl
123456l
123456li
123456ll
123456lol
123456love
123456m
123456ma
123456mama
123456max
123456me
123456mk
123456mm
123456mmm
123456mn
123456n
123456nn
123456o
123456ok
123456oo
123456p
123456pa
123456po
123456pp
123456ppp
123456pro
123456q
123456qa
123456qaz
123456qazwsx
123456qq
123456qqq
123456qw
123456qwe
123456qweasd
123456qwer
123456qwert
123456qwerty
123456qwertz
123456r
123456rm
123456rr
123456rt
123456ru
123456s
123456sa
123456sd
123456ss
123456sss
123456t
123456tr
123456tt
123456txj
123456ty
123456u
123456v
123456vn
123456vv
123456w
123456we
123456ww
123456www
123456wyd
123456x
123456xd
123456xx
123456xxx
123456xyz
123456y
123456yu
123456yy
123456z
123456za
123456zaq
123456zx
123456zx3d56
123456zxc
123456zxcv
123456zxcvbn
123456zz
123456zzz
123457
1234576
1234578
12345789
123458
1234589
123459
123459876
12345a
12345aa
12345aaa
12345ab
12345abc
12345abcd
12345abcde
12345as
12345asd
12345asdf
12345asdfg
12345az
12345b
12345c
12345d
12345dima
12345e
12345f
12345g
12345h
12345i
12345j
12345k
12345l
12345line
12345lol
12345love
12345m
12345mama
12345n
12345ndby
12345o
12345p
12345q
12345qaz
12345qazwsx
12345qq
12345qqq
12345qw
12345qwe
12345qwer
12345qwert
12345qwertasdfg
12345qwerty
12345r
12345rewq
12345s
12345sex
12345six
12345ssdlh
12345t
12345tgb
12345trewq
12345tt
12345u
12345v
12345vfif
12345w
12345www
12345x
12345xxx
12345y
12345z
12345zx
12345zxc
12345zxcvb
12345zzz
12346
123465
123466
123467
1234678
12346789
123468
12347
123478
1234789
12347890
12348765
123489
12349
12349876
123498765
1234a
1234a1234
1234aa
1234aaa
1234aaaa
1234ab
1234abc
1234abcd
1234as
1234asd
1234asdf
1234az
1234azer
1234er
1234five
1234go
1234lol
1234love
1234m1234
1234me
1234pass
1234q
1234q1234
1234qaz
1234qq
1234qw
1234qwe
1234qweasz
1234qwer
1234qwer1234
1234qwerasdf
1234qwerasdfzxcv
1234qwert
1234qwerty
1234rewq
1234rfv
1234rtyu
1234test
1234vas
1234wert
1234yolo
1234zxc
1234zxcv
1235
12351235
123520
123521
12354
123546
12354bla
12355
123555
123556
12356
123564
123567
12356789
12356790
123568
1235689
123569
12357
1235755279
1235755280
123578
1235789
12357891
123578951
123579
12358
123580
1235810994
1235813
123581321
123587
123589
1236
12361236
123645
12365
123654
1236540
12365400
1236541
123654123
123654123654
1236547
12365478
123654789
1236547890
1236547891
123654789a
123654789q
1236548
123654987
123654a
123654aa
123654as
123654asd
123654q
123654qwe
123666
123678
12368901
12369
123690
123695
1236951
123698
1236985
123698547
1236987
12369874
123698741
1236987415
123698745
1236987450
1236987456
123698745a
12369874a
123699
1237
123700
123741
123777
123786
123789
1237890
1237891
123789123
12378945
123789456
1237894560
123789456a
1237895
123789654
123789852
123789a
1238
12381238
123852
123888
123890
1239
12391239
123951
123963
123987
123987456
1239875
123987654
123999
123a
123a123
123a123a
123a123a123a
123a321
123a456
123a456a
123a456a789a
123a456b
123a456s
123aa123
123aaa
123aaa123
123abc
123abc!
123abc1
123abc123
123abc123abc
123abc321
123abc456
123abc456def
123abcd
123abcde
123abcdef
123admin
123admin32
123admin321
123admin321a
123aeiou
123alex
123ali
123angel
123apple
123as123
123asa
123asd
123asd123
123asd123asd
123asd456
123asdasd
123asdf
123asdfg
123asdfgh
123asdqwe
123asdzxc
123ass
123aze
123azerty
123bbb
123bob
123cat
123chris
123cool
123dan
123daniel
123david
123deoliveira4
123dog
123dragon
123e123e
123e456
123edc
123edsaqw
123ert
123ewq
123ewq123
123ewqasd
123ewqasdcxz
123four
123frytki
123go
123hallo
123happy
123hc321
123hello
123hfjdk147
123iloveyou
123india
123jesus
123kdd
123kid
123killer
123king
123lol
123lol123
123lol321
123love
123lucas
123m123
123mama
123man
123masha
123max
123max123
123mc123
123meins
123mmm
123mnb
123money
123mudar
123obama1
123odidol
123pass
123password
123patru
123poi
123pop
123pormi
123pro
123q
123q123
123q123q
123q321
123qaz
123qaz12
123qaz123
123qazwsx
123qazwsxedc
123qazxsw
123qq123
123qqq
123qqqwwwsssaaa
123qw
123qw123
123qwaszx
123qwe
123qwe!
123qwe,./
123qwe1
123qwe12
123qwe123
123qwe123qwe
123qwe321
123qwe4
123qwe45
123qwe456
123qwe456asd
123qwe456rty
123qwe4r
123qweas
123qweasd
123qweasd123
123qweasdaf
123qweasdyxc
123qweasdz
123qweasdzx
123qweasdzxc
123qweasdzxc123
123qweqwe
123qwer
123qwer123
123qwert
123qwerty
123qwerty123
123qwertyuiop
123qwezxc
123red
123rf
123rrr
123rty
123s123
123sam
123sasha
123se045
123senha
123sex
123smile
123soleil
123spill
123sss
123start
123stella
123test
123v123
123vladwolf
123w123
123w123w
123wer
123wert
123werty
123wwe
123www
123xxx
123xxx123
123xyz
123z123
123z123z
123z321
123zaq
123zxc
123zxc123
123zxc123zxc
123zxc456
123zxcv
123zxcvb
123zxcvbnm
123zzz
124
1240
12401240
1241
12411241
124124
1242
12421242
1243
12431243
124356
12435687
1244
12441244
124421
1244244
1245
124512
12451245
124536
12456
124563
124567
12456789
124578
1245780
12457800
12457812
124578369
1245789
12457896
124578963
124578a
124589
1246
1247
12471247
1248
12481248
124816
12481632
1249
125
1250
125000
12501250
1251
12511251
125125
125125125
1252
12521252
1253
12531253
125325
1254
125412
12541254
125463
125478
125478963
125487
1255
12551255
125521
1256
12561256
125634
125678
125689
125690
125698
1257
12571257
1258
12580
125800
1258000
12581258
125874
12589
125896
1258963
1259
126
1260
1260b450
1261
126126
1262
1263
1264
1265
1266
1267
1268
1269
12691269
127
1270
1271
127127
127127aa
1272
1273
1274
127474
1275
1276
1277
1278
12781278
1279
128
1280
12801280
1281
128128
1282
1283
1284
1285
128500
1286
1287
1288
12881288
1289
12891289
129
1290
12901290
1291
129129
1293
1295
1296
1297
1298
12981298
1299
12991299
12a34b56c
12ab34
12ab34cd
12abcd
12as12as
12as34df
12fuckyou
12inches
12love
12many
12monkey
12monkeys
12password
12q12q
12q12q12q
12q34w56e
12qaz2wsx
12qazwsx
12qw
12qw!
12qw12
12qw12qw
12qw23we
12qw34
12qw34er
12qw34er56
12qw34er56ty
12qwas
12qwasyx
12qwaszx
12qwaszx12
12qwaszxc
12qweasd
12qwer
12qwer34
12qwert
12qwerty
12roses
12s3t4p55
12sister
12step
12stones
12string
12three
12u225txzk
12wq12wq
12wqasxz
12wsxzaq
13
130
1300
130000
130013
13001300
1301
13011301
13011977
13011979
13011981
13011982
13011983
13011984
13011985
13011986
13011987
13011988
13011989
13011990
13011991
13011992
13011993
13011994
13011995
13011996
13011997
13011998
130130
130176
130177
130178
130179
130180
130181
130182
130183
130184
130185
130186
130187
130188
130189
130190
130191
130192
130193
130194
130195
130196
130198
1302
130209
13021302
13021978
13021979
13021980
13021981
13021982
13021983
13021984
13021985
13021986
13021987
13021988
13021989
13021990
13021991
13021992
13021993
13021994
13021995
13021996
13021997
13021998
130271
130274
130275
130276
130277
130278
130279
130280
130281
130282
130283
130284
130285
130286
130287
130288
130289
130290
130291
130292
130293
130294
130295
130296
130297
130298
1303
130303
130309
13031303
13031974
13031975
13031977
13031978
13031979
13031980
13031981
13031982
13031983
13031984
13031985
13031986
13031987
13031988
13031989
13031990
13031991
13031992
13031993
13031994
13031995
13031996
13031997
130373
130375
130376
130377
130378
130379
130380
130381
130382
130383
130384
130385
130386
130387
130388
130389
130390
130391
130392
130393
130394
130395
130396
130397
1304
13041304
13041978
13041980
13041981
13041982
13041983
13041984
13041985
13041986
13041987
13041988
13041989
13041990
13041991
13041992
13041993
13041994
13041995
13041996
130475
130476
130477
130478
130479
130480
130481
130482
130483
130484
130485
130486
130487
130488
130489
130490
130491
130492
130493
130494
130495
130496
130497
1305
130500
13051305
13051977
13051978
13051980
13051981
13051982
13051983
13051984
13051985
13051986
13051987
13051988
13051989
13051990
13051991
13051992
13051993
13051994
13051995
13051996
13051997
130574
130575
130576
130577
130578
130579
130580
130581
130582
130583
130584
130585
130586
130587
130588
130589
130590
130591
130592
130593
130594
130595
130596
130597
130598
1306
13061306
13061978
13061979
13061980
13061981
13061982
13061983
13061984
13061985
13061986
13061987
13061988
13061989
13061990
13061991
13061992
13061993
13061994
13061995
13061996
13061997
13061998
130674
130676
130677
130678
130679
130680
130681
130682
130683
130684
130685
130686
130687
130688
130689
130690
130691
130692
130693
130694
130695
130696
130697
130698
1307
13071307
13071978
13071980
13071981
13071982
13071983
13071984
13071985
13071986
13071987
13071988
13071989
13071990
13071991
13071992
13071993
13071994
13071995
13071996
130775
130776
130777
130778
130779
130780
130781
130782
130783
130784
130785
130786
130787
130788
130789
130790
130791
130792
130793
130794
130795
130796
130798
1308
13081308
13081980
13081981
13081982
13081983
13081984
13081985
13081986
13081987
13081988
13081989
13081990
13081991
13081992
13081993
13081994
13081995
13081996
130874
130875
130876
130877
130878
130879
130880
130881
130882
130883
130884
130885
130886
130887
130888
130889
130890
130891
130892
130893
130894
130895
130896
130897
130899
1309
13091309
13091980
13091981
13091982
13091983
13091984
13091985
13091986
13091987
13091988
13091989
13091990
13091991
13091992
13091993
13091994
13091995
13091996
13091997
130972
130975
130976
130977
130978
130979
130980
130981
130982
130983
130984
130985
130986
130987
130988
130989
130990
130991
130992
130993
130993arman
130994
130995
130996
131
1310
13101310
13101976
13101978
13101979
13101980
13101981
13101982
13101983
13101984
13101985
13101986
13101987
13101988
13101989
13101990
13101991
13101992
13101993
13101994
13101995
13101996
13101997
13101998
131071
131072
131075
131076
131077
131078
131079
131080
131081
131082
131083
131084
131085
131086
131087
131088
131089
131090
131091
131092
131093
131094
131095
131096
131097
131098
131099
1311
13111311
13111978
13111980
13111981
13111982
13111983
13111984
13111985
13111986
13111987
13111988
13111989
13111990
13111991
13111992
13111993
13111994
13111995
13111996
131131
131172
131174
131175
131176
131177
131178
131179
131180
131181
131182
131183
131184
131185
131186
131187
131188
131189
131190
131191
131192
131193
131194
131195
131196
131197
131198
1312
131200
131208
131211
131213
13121312
13121976
13121977
13121978
13121979
13121980
13121981
13121982
13121983
13121984
13121985
13121986
13121987
13121988
13121989
13121990
13121991
13121992
13121993
13121994
13121995
13121996
13121997
131273
131274
131275
131276
131277
131278
131279
131280
131281
131282
131283
131284
131285
131286
131287
131288
131289
131290
131291
131292
131293
131294
131295
131296
1313
13131
131313
1313131
13131313
1313131313
131313a
131313aa
131331
1313666
1314
131400
131413
13141314
131415
13141516
1314159
131420
131421
131425
1314258
13143344
131452
1314520
13145200
1314520a
1314521
1315
13151315
131517
1316
13161316
131619
1317
13171317
1318
13181318
1319
13191319
131972
131975
131977
131978
131979
131980
131981
131982
131983
131984
131985
131986
131987
131988
131989
131990
131991
131992
131993
131994
131995
131996
132
1320
132000
13201320
1321
13211321
132123
132132
132132132
1322
13221322
1323
132313
13231323
132333
1323456
1323456789
1324
13241324
132435
13243546
1324354657
1324354657687980
132442311a
13245
132456
1324567
13245678
132456789
132457
13245768
1324576890
132465
132465798
1324657980
1324qewr
1325
13251325
132546
1326
13261326
132639
1327
13271327
1328
13281328
1329
133
1330
1331
133113
13311331
133133
1332
13321332
13324124
1333
1334
1335
1337
13371337
1337leet
1337ness
1337sauce
1338
134
1340
13401340
1341
13411341
134134
1342
13421342
134256
1343
13431343
1344
1345
13451345
13456
134567
13456789
1346
13461346
134625
134652
134679
1346790
13467913
134679134679
134679258
1346795
13467982
134679825
13467985
134679852
1346798520
134679a
1347
1348
13481348
1349
13491349
135
1350
13501350
13507510797
1351
13511351
135135
135135135
1352
13521352
13524
135246
1353
13531353
1354
13541354
1355
13551355
135531
1356
13561356
135642
1357
135711
13571357
1357246
13572468
1357642
13577531
135789
13579
13579-
135790
1357900
13579000
1357901
1357902468
1357908642
135790a
135791
1357910
1357911
135791113
1357911q
1357913
13579135
1357913579
135792
1357924
13579246
135792468
1357924680
13579246810
135792468a
135795
135797531
135798
135798642
1357986420
135799
1357997531
13579a
13579qetuo
13579qwe
1357qetu
1358
13581358
1359
13591359
136
1360
13601360
1361
136136
1362
13621362
1363
13631363
1364
13641364
136479
1365
13651365
1366
13661366
13666
1366613
136666
1367
13671367
1368
13681368
1369
136900
13691369
137
1370
13701370
1371
13711371
137137
1372
13721372
1373
13731373
1374
13741374
1375
13751375
1376
13761376
1377
13771377
1378
13781378
1379
137900
13791379
137946
13795
137950
137955
137huangb
138
1380
13801380
1381
138138
1383
1384
1385
1386
1387
13879428
1388
13881388
1389
139
1390
1391
139139
1392
1394
13941394
1397
13971397
139742685
1399
13pass13
13qeadzc
14
140
1400
140000
14001400
1401
14011401
14011980
14011981
14011982
14011983
14011984
14011985
14011986
14011987
14011988
14011989
14011990
14011991
14011992
14011993
14011994
14011995
14011997
140140
140140d
140178
140179
140180
140181
140182
140183
140184
140185
140186
140187
140188
140189
140190
140191
140192
140193
140194
140195
140196
140197
1402
140200
140201
140202
140203
140204
140205
140206
140207
140208
140209
14021402
14021975
14021977
14021978
14021979
14021980
14021981
14021982
14021983
14021984
14021985
14021986
14021987
14021988
14021989
14021990
14021991
14021992
14021993
14021994
14021995
14021996
14021997
14021998
14022002
14022008
14022009
140272
140274
140275
140277
140278
140279
140280
140281
140282
140283
140284
140285
140286
140287
140288
140289
140290
140291
140292
140293
140294
140295
140296
140297
140298
140299
1403
140309
14031403
14031972
14031978
14031979
14031980
14031981
14031982
14031983
14031984
14031985
14031986
14031987
14031988
14031989
14031990
14031991
14031992
14031993
14031994
14031995
14031996
140377
140378
140379
140380
140381
140382
140383
140384
140385
140386
140387
140388
140389
140390
140391
140392
140393
140394
140395
140396
140397
140398
1404
140400
140404
14041404
14041977
14041979
14041980
14041981
14041982
14041983
14041984
14041985
14041986
14041987
14041988
14041989
14041990
14041991
14041992
14041993
14041994
14041995
14041996
14041997
14041998
14045
140474
140475
140476
140477
140478
140479
140480
140481
140482
140483
140484
140485
140486
140487
140488
140489
140490
140491
140492
140493
140494
140495
140496
140498
1405
140505
14051405
14051979
14051980
14051981
14051982
14051983
14051984
14051985
14051986
14051987
14051988
14051989
14051990
14051991
14051992
14051993
14051994
14051995
14051996
14051997
14051998
140570
140575
140576
140577
140578
140579
140580
140581
140582
140583
140584
140585
140586
140587
140588
140589
140590
140591
140592
140593
140594
140595
140596
140597
140599
1406
14061406
14061979
14061980
14061981
14061982
14061983
14061984
14061985
14061986
14061987
14061988
14061989
14061990
14061991
14061992
14061993
14061994
14061995
14061996
14061997
14061998
140675
140676
140677
140678
140679
140680
140681
140682
140683
140684
140685
140686
140687
140688
140689
140690
140691
140692
140693
140694
140695
140696
1407
140707
14071407
14071977
14071980
14071981
14071982
14071983
14071984
14071985
14071986
14071987
14071988
14071989
14071990
14071991
14071992
14071993
14071994
14071995
14071997
140775
140776
140777
140778
140779
140780
140781
140782
140783
140784
140785
140786
140787
140788
140789
140790
140791
140792
140793
140794
140795
140796
1408
14081408
14081979
14081980
14081981
14081982
14081983
14081984
14081985
14081986
14081987
14081988
14081989
14081990
14081991
14081992
14081993
14081994
14081995
14081996
140875
140876
140877
140878
140879
140880
140881
140882
140883
140884
140885
140886
140887
140888
140889
140890
140891
140892
140893
140894
140895
140896
140897
140899
1409
14091409
14091980
14091981
14091982
14091983
14091984
14091985
14091986
14091987
14091988
14091989
14091990
14091991
14091992
14091993
14091994
14091995
14091996
14091997
14091998
140975
140976
140977
140978
140979
140980
140981
140982
140983
140984
140985
140986
140987
140988
140989
140990
140991
140992
140993
140994
140995
140996
141
1410
141000
14101410
14101978
14101979
14101980
14101981
14101982
14101983
14101984
14101985
14101986
14101987
14101988
14101989
14101990
14101991
14101992
14101993
14101994
14101995
14101996
14101997
14101998
14102000
141070
141075
141076
141077
141078
141079
141080
141081
141082
141083
141084
141085
141086
141087
141088
141089
141090
141091
141092
141093
141094
141095
141096
1411
14111411
14111978
14111980
14111981
14111982
14111983
14111984
14111985
14111986
14111987
14111988
14111989
14111990
14111991
14111992
14111993
14111994
14111995
14111996
14111997
141141
141174
141176
141177
141178
141179
141180
141181
141182
141183
141184
141185
141186
141187
141188
141189
141190
141191
141192
141193
141194
141195
141196
141197
141198
1412
141200
141202
141208
141214
14121412
14121975
14121977
14121978
14121979
14121980
14121981
14121982
14121983
14121984
14121985
14121986
14121987
14121988
14121989
14121990
14121991
14121992
14121993
14121994
14121995
14121996
14121997
141242
141274
141275
141276
141277
141278
141279
141280
141281
141282
141283
141284
141285
141286
141287
141288
141289
141290
141291
141292
141293
141294
141295
141296
1413
141312
14131413
1414
141414
1414141
14141414
141415
141421
14142135
141421356
14142323af
1415
14151415
141516
14151617
14155585
141592
1415926
14159265
1415926535
1416
14161416
141618
1417
14171417
1418
14181418
14183945
141888
1419
14191419
141977
141978
141980
141981
141982
141983
141984
141985
141986
141987
141988
141989
141990
141991
141992
141993
141994
141995
141996
142
1420
142000
14201420
1421
14211421
142142
1422
14221422
1423
14231423
142356
1424
14241424
142434
1425
142500
14251425
142536
142536789
142536987
142536a
1426
14261426
1427
142753869
1428
14281428
142857
1429
143
1430
143000
14301430
1431
143123
143143
1431431
143143143
1432
14321432
14324
143256
1433
14331433
143341
1434
14344
143441
143442
143443
143444
143445
143445254
1435
1435254
14352541
1436
14361436
143637
1437
14371437
1438
143iloveyou
143jesus
143love
143ortega
144
1440
144000
1441
14411441
144144
1441998yfcnz
1442
1443
1444
1447
145
1450
1451
145145
1452
14521452
145236
145236987
145263
1453
145300
14531071
14531453
14533541
145353
1454
14541454
1455
14551455
145541
1456
14561456
145623
145632
1456321
1456987
1457
1458
14581458
1459
146
1460
146146
1463
1464688081
1467
1469
14691469
147
1470
147000
14701470
1471
14711471
147123
147147
147147147
147159
147159123
1472
14721472
14725
147258
1472580
1472580369
1472581
1472583
14725836
147258369
1472583690
14725836900
1472583691
147258369123
147258369a
147258369m
147258369q
147258369s
147258369z
147258963
147258a
147369
147369258
1473695
147369852
1474
14741474
147456
1475
1475369
1475963
1476
1477
14771477
147741
147789
1478
14781478
14785
147852
1478520
1478521
1478523
14785236
147852369
1478523690
1478523691
147852369a
147852369q
147852963
147852a
14789
147895
147895623
147896
1478963
14789630
14789632
147896321
147896325
1478963250
1478963258
147896325a
14789632a
14789633
14789635
1478963a
1478965
147896523
14789653
1479
147963
147963258
148
1480
148148
1484
14841484
148635
1488
148814
14881488
148888
1489
149
1490
149149
1492
14921492
15
150
1500
150000
15001500
1501
15011501
15011980
15011981
15011982
15011983
15011984
15011985
15011986
15011987
15011988
15011989
15011990
15011991
15011992
15011993
15011994
15011995
15011996
150150
150150as
150174
150175
150177
150179
150180
150181
150182
150183
150184
150185
150186
150187
150188
150189
150190
150191
150192
150193
150194
150195
150196
150197
1502
150200
150203
15021502
15021977
15021978
15021979
15021980
15021981
15021982
15021983
15021984
15021985
15021986
15021987
15021988
15021989
15021990
15021991
15021992
15021993
15021994
15021995
15021996
15021997
150275
150276
150277
150278
150279
150280
150281
150282
150283
150284
150285
150286
150287
150288
150289
150290
150291
150292
150293
150294
150295
150296
150297
1503
150309
15031503
15031975
15031977
15031978
15031979
15031980
15031981
15031982
15031983
15031984
15031985
15031986
15031987
15031988
15031989
15031990
15031991
15031992
15031993
15031994
15031995
15031996
150374
150375
150376
150377
150378
150379
150380
150381
150382
150383
150384
150385
150386
150387
150388
150389
150390
150391
150392
150393
150394
150395
150396
1504
15041504
15041978
15041979
15041980
15041981
15041982
15041983
15041984
15041985
15041986
15041987
15041988
15041989
15041990
15041991
15041992
15041993
15041994
15041995
15041996
15041997
150475
150476
150477
150478
150479
150480
150481
150482
150483
150484
150485
150486
150487
150488
150489
150490
150491
150492
150493
150494
150495
150496
150497
1505
150505
15051505
15051975
15051977
15051979
15051980
15051981
15051982
15051983
15051984
15051985
15051986
15051987
15051988
15051989
15051990
15051991
15051992
15051993
15051994
15051995
15051996
15051998
150574
150575
150576
150577
150578
150579
150580
150581
150582
150583
150584
150585
150586
150587
150588
150589
150590
150591
150592
150593
150594
150595
150596
150597
1506
15061506
15061977
15061978
15061979
15061980
15061981
15061982
15061983
15061984
15061985
15061986
15061987
15061988
15061989
15061990
15061991
15061992
15061993
15061994
15061995
15061996
150673
150674
150676
150677
150678
150679
150680
150681
150682
150683
150684
150685
150686
150687
150688
150689
150690
150691
150692
150693
150694
150695
150696
1507
150700
15071980
15071981
15071982
15071983
15071984
15071985
15071986
15071987
15071988
15071989
15071990
15071991
15071992
15071993
15071994
15071995
15071996
150777
150778
150779
150780
150781
150782
150783
150784
150785
150786
150787
150788
150789
150790
150791
150792
150793
150794
150795
150796
150797
1508
15081508
15081975
15081977
15081978
15081979
15081980
15081981
15081982
15081983
15081984
15081985
15081986
15081987
15081988
15081989
15081990
15081991
15081992
15081993
15081994
15081995
15081996
15081997
150874
150875
150877
150878
150879
150880
150881
150882
150883
150884
150885
150886
150887
150888
150889
150890
150891
150892
150893
150894
150895
150896
150897
150898
1509
15091509
15091978
15091979
15091980
15091981
15091982
15091983
15091984
15091985
15091986
15091987
15091988
15091989
15091990
15091991
15091992
15091993
15091994
15091995
15091996
15091999
150973
150976
150977
150978
150979
150980
150981
150982
150983
150984
150985
150986
150987
150988
150989
150990
150991
150992
150993
150994
150995
150996
151
1510
15101510
15101975
15101976
15101977
15101978
15101979
15101980
15101981
15101982
15101983
15101984
15101985
15101986
15101987
15101988
15101989
15101990
15101991
15101992
15101993
15101994
15101995
15101996
15101997
151075
151076
151077
151078
151079
151080
151081
151082
151083
151084
151085
151086
151087
151088
151089
151090
151091
151092
151093
151094
151095
151096
151098
1511
151108
15111978
15111979
15111980
15111981
15111982
15111983
15111984
15111985
15111986
15111987
15111988
15111989
15111990
15111991
15111992
15111993
15111994
15111995
151151
151174
151175
151176
151177
151178
151179
151180
151181
151182
151183
151184
151185
151186
151187
151188
151189
151190
151191
151192
151193
151194
151195
151196
151197
1512
151200
151214
15121512
15121977
15121978
15121979
15121980
15121981
15121982
15121983
15121984
15121985
15121986
15121987
15121988
15121989
15121990
15121991
15121992
15121993
15121994
15121995
15121996
15121997
15121998
151271
151273
151275
151276
151277
151278
151279
151280
151281
151282
151283
151284
151285
151286
151287
151288
151289
151290
151291
151292
151293
151294
151295
151296
1513
1514
15141312
1515
151515
1515151
15151515
1515151515
151526
1516
15161516
151617
15161718
1517
15171517
1518
15181518
1519
151980
151982
151983
151984
151985
151986
151987
151988
151989
151990
151991
151992
151993
151994
151995
152
1520
152000
15201520
1521
15211521
152152
1522
152207
15221522
1523
15231523
1524
15241524
15243
152436
1525
15251525
152535
15253545
1526
15261526
152634
1527
1528
1529
153
1530
15301530
153045
1531
153123
153153
153153153
1532
15321532
153246
1533
15331533
153351
153426
153486
1535
15351535
15357595
1536
153624
153759
154
1540
1541
15411541
154154
1542
15421542
154236
154263
15426378
15426378l
1543
154322358
1545
15451545
1546
1548
15481548
155
1550
1551
15511551
155155
1554
1555
155555
1557
1558
1559
15591559
156
1560
156156
1563
156324
156354
1564
15641564
156423
1565
1566
1567
156789
1568
1569
15691569
157
1570
157157
157157157
157359
15735946
1574
1575
1577
157751
1578
1578956
1579
15791579
157953
158
1580
158158
158158qq
1582
15821582
1583
15836923
1585
1587
1588
1589
15891589
159
1590
159000
15901590
1590753
1591
159123
159147
159159
159159159
159159a
1592
159236
159258
159258357
159263
159263487
1592648
1593
159357
1593570
15935700
1593571
159357123
159357159357
1593572468
1593572486
159357258
159357258456
15935728
159357456
159357456258
159357456852
15935746
1593574682
1593574862
1593575
15935755
159357789
1593578
1593578246
159357852
159357852456
15935789
159357a
159357aa
159357asd
159357q
159369
159456
1594826
159487
159487263
1595
15951
15951595
1596
15961596
159623
15963
159630
159632
1596321
15963210
159632147
159632478
1596357
159635741
159654
1597
15971597
159741
15975
159753
1597530
15975300
1597531
15975312
159753123
159753123456
159753159
159753159753
1597532
15975321
1597532468
1597532486
159753258
159753258456
1597532684
15975328
1597532846
159753456
159753456852
15975346
1597534682
1597534862
1597535
15975355
1597536
159753654
1597536842
15975369
15975382
1597538246
1597538426
159753852
159753852456
159753a
159753aa
159753as
159753asd
159753q
159753qq
159753qwe
159753z
159789
1598
15981598
159852
15987
159874
1598741
15987410
159874123
159874236
159874632
1598753
15987532
159875321
1599
159951
1599510
159951123
159951159
159951159951
15995123
159951357753
159951a
159963
159987
15lovelove
15s9pu03
16
160
1600
160000
1601
16011980
16011981
16011982
16011983
16011984
16011985
16011986
16011987
16011988
16011989
16011990
16011991
16011992
16011993
16011994
16011995
16011996
160160
160178
160178z
160179
160180
160181
160182
160183
160184
160185
160186
160187
160188
160189
160190
160191
160192
160193
160194
160195
160196
160197
1602
16021602
16021980
16021981
16021982
16021983
16021984
16021985
16021986
16021987
16021988
16021989
16021990
16021991
16021992
16021993
16021994
16021995
16021996
160275
160277
160278
160279
160280
160281
160282
160283
160284
160285
160286
160287
160288
160289
160290
160291
160292
160293
160294
160295
160296
1603
16031603
16031978
16031980
16031981
16031982
16031983
16031984
16031985
16031986
16031987
16031988
16031989
16031990
16031991
16031992
16031993
16031994
16031995
16031996
160376
160377
160378
160379
160380
160381
160382
160383
160384
160385
160386
160387
160388
160389
160390
160391
160392
160393
160394
160395
160396
1604
16041604
16041978
16041980
16041981
16041982
16041983
16041984
16041985
16041986
16041987
16041988
16041989
16041990
16041991
16041992
16041993
16041994
16041995
16041996
16041997
16041998
160476
160477
160478
160479
160480
160481
160482
160483
160484
160485
160486
160487
160488
160489
160490
160491
160492
160493
160494
160495
160496
160497
1605
16051605
16051978
16051980
16051981
16051982
16051983
16051984
16051985
16051986
16051987
16051988
16051989
16051990
16051991
16051992
16051993
16051994
16051995
16051996
16051997
160574
160576
160577
160578
160579
160580
160581
160582
160583
160584
160585
160586
160587
160588
160589
160590
160591
160592
160593
160594
160595
160596
160597
1606
160606
16061606
16061976
16061977
16061978
16061980
16061981
16061982
16061983
16061984
16061985
16061986
16061987
16061988
16061989
16061990
16061991
16061992
16061993
16061994
16061995
16061996
16061997
160676
160677
160678
160679
160680
160681
160682
160683
160684
160685
160686
160687
160688
160689
160690
160691
160692
160693
160694
160695
160696
160697
1607
16071981
16071982
16071983
16071984
16071985
16071986
16071987
16071988
16071989
16071990
16071991
16071992
16071993
16071994
16071995
16071996
160777
160778
160779
160780
160781
160782
160783
160784
160785
160786
160787
160788
160789
160790
160791
160792
160793
160794
1608
160808
16081608
16081978
16081979
16081980
16081981
16081982
16081983
16081984
16081985
16081986
16081987
16081988
16081989
16081990
16081991
16081992
16081993
16081994
16081995
16081996
160874
160877
160878
160879
160880
160881
160882
160883
160884
160885
160886
160887
160888
160889
160890
160891
160892
160893
160894
160895
160896
160898
1609
16091980
16091981
16091982
16091983
16091984
16091985
16091986
16091987
16091988
16091989
16091990
16091991
16091992
16091993
16091994
16091995
16091996
160976
160977
160978
160979
160980
160981
160982
160983
160984
160985
160986
160987
160988
160989
160990
160991
160992
160993
160994
160995
160997
161
1610
16101610
16101973
16101974
16101975
16101976
16101977
16101978
16101979
16101980
16101981
16101982
16101983
16101984
16101985
16101986
16101987
16101988
16101989
16101990
16101991
16101992
16101993
16101994
16101995
16101996
16101997
161074
161077
161078
161079
161080
161081
161082
161083
161084
161085
161086
161087
161088
161089
161090
161091
161092
161093
161094
161095
161096
161097
1611
16111979
16111980
16111981
16111982
16111983
16111984
16111985
16111986
16111987
16111988
16111989
16111990
16111991
16111992
16111993
16111994
16111995
161161
161173
161177
161178
161179
161180
161181
161182
161183
161184
161185
161186
161187
161188
161189
161190
161191
161192
161193
161194
161195
161196
1612
161200
16121612
16121976
16121980
16121981
16121982
16121983
16121984
16121985
16121986
16121987
16121988
16121989
16121990
16121991
16121992
16121993
16121994
16121995
16121996
16121997
16121998
161274
161277
161278
161279
161280
161281
161282
161283
161284
161285
161286
161287
161288
161289
161290
161291
161292
161293
161294
161295
161296
161298
1613
1614
1616
161616
16161616
16164649
1617
161718
1618
16181618
1619
161976
161978
161980
161982
161983
161984
161985
161986
161987
161988
161989
161990
161991
161992
161993
162
1620
16201620
1621
1622
1623
16231623
1624
16241624
1625
16251625
162534
1626
16261626
162636
1627
1628
163
1630
163163
1632
1633
1634
163420q
164
1640
1645
165
165165
1654
165432
1654321
166
1660
1661
166166
1664
16641664
1666
1669
166hhhijae
167
1670
167167
167349
167669123
16777216
1678
167943
168
1680
168168
168168168
16859537
1688
16881688
168888
16897168
168asd168
169
1690
1691
16912194
169169
169xr600
16bx3qvali
16d7f906289d77b3
17
170
1700
170000
1701
17011701
17011982
17011983
17011984
17011985
17011986
17011987
17011988
17011989
17011990
17011991
17011992
17011993
17011994
17011995
17011996
17011997
170170
170177
170178
170179
170180
170181
170182
170183
170184
170185
170186
170187
170188
170189
170190
170191
170192
170193
170194
170195
170196
1702
17021978
17021979
17021980
17021981
17021982
17021983
17021984
17021985
17021986
17021987
17021988
17021989
17021990
17021991
17021992
17021993
17021994
17021995
17021996
17021997
170275
170277
170278
170280
170281
170282
170283
170284
170285
170286
170287
170288
170289
170290
170291
170292
170293
170294
170295
170296
1703
17031703
17031978
17031980
17031981
17031982
17031983
17031984
17031985
17031986
17031987
17031988
17031989
17031990
17031991
17031992
17031993
17031994
17031995
17031996
17031997
170376
170377
170378
170379
170380
170381
170382
170383
170384
170385
170386
170387
170388
170389
170390
170391
170392
170393
170394
170395
170396
1704
17041978
17041979
17041980
17041981
17041982
17041983
17041984
17041985
17041986
17041987
17041988
17041989
17041990
17041991
17041992
17041993
17041994
17041995
17041996
17041997
170477
170478
170479
170480
170481
170482
170483
170484
170485
170486
170487
170488
170489
170490
170491
170492
170493
170494
170495
170496
170498
1705
17051705
17051980
17051981
17051982
17051983
17051984
17051985
17051986
17051987
17051988
17051989
17051990
17051991
17051992
17051993
17051994
17051995
17051996
17051997
17052000
170574
170576
170577
170578
170579
170580
170581
170582
170583
170584
170585
170586
170587
170588
170589
170590
170591
170592
170593
170594
170595
170596
1706
170606
17061977
17061980
17061981
17061982
17061983
17061984
17061985
17061986
17061987
17061988
17061989
17061990
17061991
17061992
17061993
17061994
17061995
170677
170678
170679
170680
170681
170682
170683
170684
170685
170686
170687
170688
170689
170690
170691
170692
170693
170694
170695
170696
1707
170707
17071707
17071977
17071980
17071981
17071982
17071983
17071984
17071985
17071986
17071987
17071988
17071989
17071990
17071991
17071992
17071993
17071994
17071995
17071996
17071997
17071998
170770
170777
170778
170779
170780
170781
170782
170783
170784
170785
170786
170787
170788
170789
170790
170791
170792
170793
170794
170795
170796
170797
1708
170808
17081945
17081977
17081980
17081981
17081982
17081983
17081984
17081985
17081986
17081987
17081988
17081989
17081990
17081991
17081992
17081993
17081994
17081995
17081996
170845
170876
170877
170878
170879
170880
170881
170882
170883
170884
170885
170886
170887
170888
170889
170890
170891
170892
170893
170894
170895
170896
1709
17091979
17091980
17091981
17091982
17091983
17091984
17091985
17091986
17091987
17091988
17091989
17091990
17091991
17091992
17091993
17091994
17091995
170976
170977
170979
170980
170981
170982
170983
170984
170985
170986
170987
170988
170989
170990
170991
170992
170993
170994
170995
170996
171
1710
17101710
17101975
17101976
17101978
17101979
17101980
17101981
17101982
17101983
17101984
17101985
17101986
17101987
17101988
17101989
17101990
17101991
17101992
17101993
17101994
17101995
17101996
17101997
171077
171078
171079
171080
171081
171082
171083
171084
171085
171086
171087
171088
171089
171090
171091
171092
171093
171094
171095
171096
1711
17111979
17111980
17111981
17111982
17111983
17111984
17111985
17111986
17111987
17111988
17111989
17111990
17111991
17111992
17111993
17111994
17111995
171171
171176
171177
171178
171179
171180
171181
171182
171183
171184
171185
171186
171187
171188
171189
171190
171191
171192
171193
171194
171195
171196
1712
171204jg
17121712
17121976
17121977
17121978
17121979
17121980
17121981
17121982
17121983
17121984
17121985
17121986
17121987
17121988
17121989
17121990
17121991
17121992
17121993
17121994
17121995
17121996
17121997
17121998
171275
171276
171277
171278
171279
171280
171281
171282
171283
171284
171285
171286
171287
171288
171289
171290
171291
171292
171293
171294
171295
171296
171297
1713
1714
1715
17151715
1716
1717
171717
1717171
17171717
1718
17181718
171819
1719
171980
171981
171982
171983
171984
171985
171986
171987
171988
171989
171990
171991
171992
171993
171994
172
1720
1721
1721k1721
1722
1723
1724
1725
1725782
1726
1726354
1727
172737
1728
172839
172839456
1729
1730
1731
173173
1732
17320508
1734
1738
17391739
174
174174
1745
175
175175
1755
1756
1759
177
1770
1771
17711771
177177
1775
1776
17761776
1777
177777
178
178178
17831783
178500
1786
178663a6
1788
1789
17891789
179
1791
1793
17931793
17932486
179324865
1798
17agustus
17n6fpn233
18
180
1800
180000
18001800
1801
18011980
18011982
18011983
18011984
18011985
18011986
18011987
18011988
18011989
18011990
18011991
18011992
18011993
18011994
18011995
18011996
18011997
180178
180179
180180
180181
180182
180183
180184
180185
180186
180187
180188
180189
180190
180191
180192
180193
180194
180195
180196
1802
18021802
18021977
18021978
18021980
18021981
18021982
18021983
18021984
18021985
18021986
18021987
18021988
18021989
18021990
18021991
18021992
18021993
18021994
18021995
18021996
18021997
180277
180278
180279
180280
180281
180282
180283
180284
180285
180286
180287
180288
180289
180290
180291
180292
180293
180294
180295
180296
1803
18031977
18031979
18031980
18031981
18031982
18031983
18031984
18031985
18031986
18031987
18031988
18031989
18031990
18031991
18031992
18031993
18031994
18031995
18031996
18031997
180377
180378
180379
180380
180381
180382
180383
180384
180385
180386
180387
180388
180389
180390
180391
180392
180393
180394
180395
180396
180397
1804
18041804
18041979
18041980
18041981
18041982
18041983
18041984
18041985
18041986
18041987
18041988
18041989
18041990
18041991
18041992
18041993
18041994
18041995
18041996
18041997
180475
180476
180477
180478
180479
180480
180481
180482
180483
180484
180485
180486
180487
180488
180489
180490
180491
180492
180493
180494
180495
180496
180497
1805
18051805
18051978
18051980
18051981
18051982
18051983
18051984
18051985
18051986
18051987
18051988
18051989
18051990
18051991
18051992
18051993
18051994
18051995
18051996
180575
180576
180577
180578
180579
180580
180581
180582
180583
180584
180585
180586
180587
180588
180589
180590
180591
180592
180593
180594
180595
180596
1806
18061979
18061980
18061981
18061982
18061983
18061984
18061985
18061986
18061987
18061988
18061989
18061990
18061991
18061992
18061993
18061994
18061996
180676
180677
180678
180679
180680
180681
180682
180683
180684
180685
180686
180687
180688
180689
180690
180691
180692
180693
180694
180695
180696
1807
18071980
18071981
18071982
18071983
18071984
18071985
18071986
18071987
18071988
18071989
18071990
18071991
18071992
18071993
18071994
18071995
180777
180778
180779
180780
180781
180782
180783
180784
180785
180786
180787
180788
180789
180790
180791
180792
180793
180794
180795
180796
1808
180808
18081808
18081976
18081977
18081980
18081981
18081982
18081983
18081984
18081985
18081986
18081987
18081988
18081989
18081990
18081991
18081992
18081993
18081994
18081995
18081997
18081998
180876
180878
180879
180880
180881
180882
180883
180884
180885
180886
180887
180888
180889
180890
180891
180892
180893
180894
180895
180896
180898
1809
18091978
18091979
18091980
18091981
18091982
18091983
18091984
18091985
18091986
18091987
18091988
18091989
18091990
18091991
18091992
18091993
18091994
18091995
18091996
180973
180977
180978
180979
180980
180981
180982
180983
180984
180985
180986
180987
180988
180989
180990
180991
180992
180993
180994
180995
181
1810
18101810
18101979
18101980
18101981
18101982
18101983
18101984
18101985
18101986
18101987
18101988
18101989
18101990
18101991
18101992
18101993
18101994
18101995
18101996
181075
181077
181078
181079
181080
181081
181082
181083
181084
181085
181086
181087
181088
181089
181090
181091
181092
181093
181094
181095
181096
1811
18111980
18111981
18111982
18111983
18111984
18111985
18111986
18111987
18111988
18111989
18111990
18111991
18111992
18111993
18111994
18111995
18111996
181175
181177
181178
181179
181180
181181
181182
181183
181184
181185
181186
181187
181188
181189
181190
181191
181192
181193
181194
181195
181196
1812
181200
18121812
18121977
18121978
18121979
18121980
18121981
18121982
18121983
18121984
18121985
18121986
18121987
18121988
18121989
18121990
18121991
18121992
18121993
18121994
18121995
18121996
18121997
18121998
181272
181274
181275
181276
181277
181278
181279
181280
181281
181282
181283
181284
181285
181286
181287
181288
181289
181290
181291
181292
181293
181294
181295
181296
1813
1814
1815
1818
181818
1818181
18181818
1819
18191819
181920
181980
181982
181984
181985
181986
181987
181988
181989
181990
181991
181992
181993
181994
182
1820
182000
1821
18211821
182182
1822
1823
1824
1825
1826
1827
18273645
1828
18281828
182838
1829
182blink
183
1830
1831
183183
1832
1833
183456
183461
1835
1836
183729
1837837
184
18436572
1844
184684
1848
185
185185
1855
1856
1860
186186
1864
1868
1869
187
1870
1871
187187
187211
1874
1876
1877
1878
1879
188
1880
1881
18811881
18811938
188188
1882
1885
1887
1887415157
1888
18881888
188888
1889
189
1890
1891
189189
1892
1896
1899
18991899
18hibird00
18n28n24a5
19
190
1900
190000
19001560
19001570
19001900
1900561252
1901
19011901
19011977
19011978
19011980
19011981
19011982
19011983
19011984
19011985
19011986
19011987
19011988
19011989
19011990
19011991
19011992
19011993
19011994
19011995
19011996
19012001
190178
190179
190180
190181
190182
190183
190184
190185
190186
190187
190188
190189
190190
190191
190192
190193
190194
190195
190196
1902
19021902
19021975
19021976
19021977
19021979
19021980
19021981
19021982
19021983
19021984
19021985
19021986
19021987
19021988
19021989
19021990
19021991
19021992
19021993
19021994
19021995
19021996
19021997
19022000
190277
190278
190279
190280
190281
190282
190283
190284
190285
190286
190287
190288
190289
190290
190291
190292
190293
190294
190295
190296
1903
190300
190303
19031903
19031979
19031980
19031981
19031982
19031983
19031984
19031985
19031986
19031987
19031988
19031989
19031990
19031991
19031992
19031993
19031994
19031995
19031996
19031997
19031998
19032000
19032003
190374
190375
190377
190378
190379
190380
190381
190382
190383
190384
190385
190386
190387
190388
190389
190390
190391
190392
190393
190394
190395
190396
1903bjk
1904
19041904
19041978
19041979
19041980
19041981
19041982
19041983
19041984
19041985
19041986
19041987
19041988
19041989
19041990
19041991
19041992
19041993
19041994
19041995
19041996
19041997
190477
190478
190479
190480
190481
190482
190483
190484
190485
190486
190487
190488
190489
190490
190491
190492
190493
190494
190495
190496
1905
190500
190505
19051905
19051977
19051979
19051980
19051981
19051982
19051983
19051984
19051985
19051986
19051987
19051988
19051989
19051990
19051991
19051992
19051993
19051994
19051995
19051996
19051997
19051998
19052000
19052005
190573
190576
190577
190578
190579
190580
190581
190582
190583
190584
190585
190586
190587
190588
190589
190590
190591
190592
190593
190594
190595
190596
1905gs
1906
19061906
19061978
19061979
19061980
19061981
19061982
19061983
19061984
19061985
19061986
19061987
19061988
19061989
19061990
19061991
19061992
19061993
19061994
19061995
19061996
19061997
190676
190677
190678
190679
190680
190681
190682
190683
190684
190685
190686
190687
190688
190689
190690
190691
190692
190693
190694
190695
190696
190699
1907
190700
190707
19071907
19071979
19071980
19071981
19071982
19071983
19071984
19071985
19071986
19071987
19071988
19071989
19071990
19071991
19071992
19071993
19071994
19071995
19071996
19071997
19071998
19071999
19072007
190776
190777
190779
190780
190781
190782
190783
190784
190785
190786
190787
190788
190789
190790
190791
190792
190793
190794
190795
190796
1907fb
1907fb1907
1907fener
1908
19081908
19081977
19081978
19081980
19081981
19081982
19081983
19081984
19081985
19081986
19081987
19081988
19081989
19081990
19081991
19081992
19081993
19081994
19081995
19081996
19081997
190877
190878
190879
190880
190881
190882
190883
190884
190885
190886
190887
190888
190889
190890
190891
190892
190893
190894
190895
1909
190909
19091909
19091977
19091978
19091979
19091980
19091981
19091982
19091983
19091984
19091985
19091986
19091987
19091988
19091989
19091990
19091991
19091992
19091993
19091994
19091995
19091996
19091997
19091999
190978
190979
190980
190981
190982
190983
190984
190985
190986
190987
190988
190989
190989val
190990
190991
190992
190993
190994
190995
190996
191
1910
19101910
19101976
19101977
19101979
19101980
19101981
19101982
19101983
19101984
19101985
19101986
19101987
19101988
19101989
19101990
19101991
19101992
19101993
19101994
19101995
19101996
19101997
191077
191078
191079
191080
191081
191082
191083
191084
191085
191086
191087
191088
191089
191090
191091
191092
191093
191094
191095
191096
1911
19111911
19111980
19111982
19111983
19111984
19111985
19111986
19111987
19111988
19111989
19111990
19111991
19111992
19111993
19111994
19111995
19111996
191177
191178
191179
191180
191181
191182
191183
191184
191185
191186
191187
191188
191189
191190
191191
191192
191193
191194
191195
191196
1911a1
1912
191207
19121912
19121978
19121979
19121980
19121981
19121982
19121983
19121984
19121985
19121986
19121987
19121988
19121989
19121990
19121991
19121992
19121993
19121994
19121995
19121996
19121997
191277
191278
191279
191280
191281
191282
191283
191284
191285
191286
191287
191288
191289
191290
191291
191292
191293
191294
191295
191296
191297
1913
1914
19141914
19141918
1915
1916
1917
19171917
1918
191817
19181918
1919
19190721
191919
19191919
191979
191980
191981
191982
191983
191984
191985
191986
191987
191988
191989
191990
191991
191992
191993
192
1920
192000
19201920
192021
1921
19211921
192168
19216801
19216811
192192
1922
19221922
1923
19231923
1924
19241924
1925
19251925
1926
1927
19271927
1928
19281928
192837
192837456
19283746
192837465
1928374650
1928374655
192837465a
192837465q
1929
19291929
192939
193
1930
1931
193193
1932
1933
19331933
1934
19348054
1935
1936
19361936
1937
19371937
193728
19372846
193728465
193746
193755
1938
19381938
1939
19391939
19391945
194
1940
19401940
1941
1941-1945
19411941
19411945
1942
19421942
1943
19431943
1944
19441944
1945
19451945
1946
19461946
1947
19471947
1948
19481948
1949
19491001
19491949
1949qwea
195
1950
19501950
1951
19511951
195195
1952
19521952
1953
19531953
1954
19541954
1955
19551955
195555
1956
19561956
1957
195700
19571957
1957chevy
1958
19581228
19581958
1959
19591959
196
1960
196000
19601960
1961
19611961
1962
19621962
1963
196300
19631963
196363
1964
196400
19641964
1965
196500
19650317
19651965
196565
1966
196600
19661966
196666
1967
196700
19671967
19671994
196767
1968
196800
19681968
196868
1969
196900
19691969
196969
1969camaro
197
1970
197000
19701970
197070
1971
197100
197111
19711209
19711971
197171
197197
1972
197200
197211
19721972
197222
197272
1973
197300
19730316
197310
197311
197312
197319
19731973
197328
19733791
197346
19734682
197346825
19735
197355
197373
197382
19738246
197382465
1974
197400
197410
197411
197412
197419
19741974
197474
1975
197500
197510
197511
197512
197519
19751975
197575
1976
197600
197610
197611
197612
197619
19761976
197666
197676
1977
197700
197711
197712
19771202
197719
19771977
197777
1978
197800
197803
197810
197811
197812
197819
19781978
197878
197888
1979
197900
197901
19790208a
197910
197911
197912
197919
19791979
19791980
19791981
197922
197926
197929
197979
197999
198
1980
198000
198001
198010
198011
198012
198019
19801980
19801981
19801982
19801983
198020
198021
198022
198023
198024
198025
198026
198027
198028
198029
198080
1981
198100
198101
198102
19810520
198107
198110
198111
19811127
198112
198119
19811981
19811982
198121
198122
198123
198124
198125
198126
198127
198128
198181
198198
1982
198200
198201
198202
198203
198204
198205
198206
198207
198208
198209
19820918
19820922
198210
19821001
19821010
19821012
19821028
198211
1982111
19821122
198212
19821212
19821218
198213
198215
198216
198219
19821982
19821983
19821984
198221
198222
198223
198224
198225
198226
198227
198228
19822891
198282
1982gonzo
1983
198300
198301
198302
198303
19830305
198305
198306
198307
198308
198309
198310
19831010
19831011
19831013
19831015
19831016
19831019
19831020
19831022
198311
19831120
198312
19831212
19831227
198313
198314
198319
19831983
19831984
19831985
198320
198321
198322
198323
198324
198325
198326
198327
198328
198329
198333
19833891
198383
1984
198400
198401
19840101
198402
19840209
198403
198404
198405
198406
198407
198408
198409
198410
19841004
19841010
19841011
19841012
19841013
19841014
19841015
19841016
19841017
19841018
19841019
19841020
19841021
19841022
19841023
19841024
19841025
19841026
19841027
19841028
19841029
198411
19841102
19841103
19841120
19841121
19841122
19841123
19841124
19841125
19841126
198412
19841212
19841221
19841224
19841225
19841226
198413
198414
198415
198416
198417
198418
198419
19841984
19841985
19841986
198420
198421
198422
198423
198424
198425
198426
198427
198428
198429
198444
19844891
198456
198484
1985
198500
198501
19850101
198502
198503
198504
198505
198506
198507
198508
198509
198510
19851005
19851010
19851011
19851012
19851013
19851015
19851016
19851018
19851019
19851020
19851022
19851023
19851024
19851025
19851026
19851028
19851030
198511
19851104
19851111
19851113
19851115
19851120
19851121
19851122
19851123
19851125
19851126
19851127
19851128
198512
19851202
19851205
19851210
19851211
19851212
19851213
19851214
19851215
19851216
19851217
19851218
19851220
19851221
19851223
19851224
19851225
19851228
1985123
19851230
198513
198514
198515
198516
198517
198518
198519
19851985
19851986
19851987
198520
198521
198522
198523
198524
198525
198526
198527
198528
198531
1985329
198555
19855891
198585
198586
1986
198600
198601
19860101
19860126
198602
19860202
19860214
198603
198604
198605
19860503
198606
19860606
19860610
198607
198608
198609
198610
19861001
19861002
19861010
19861011
19861012
19861013
19861014
19861015
19861016
19861017
19861018
19861020
19861021
19861022
19861023
19861024
19861025
19861026
19861027
19861028
19861029
19861030
198611
19861103
19861105
19861106
19861108
19861110
19861111
19861112
19861115
19861116
19861119
19861120
19861121
19861122
19861123
19861125
19861126
19861129
198612
19861204
19861209
19861210
19861211
19861212
19861213
19861214
19861215
19861216
19861217
19861218
19861219
19861220
19861221
19861223
19861224
19861225
19861226
19861228
1986123
198613
198614
198615
198616
198617
198618
198619
19861986
19861987
19861988
198620
198621
198622
198623
198624
198625
198626
198627
198628
198629
198631
198666
19866891
198677
198686
198688
198689
198699
1987
198700
198701
19870101
198702
19870212
19870214
198703
198705
19870513
198706
198707
19870718
198708
198709
198710
19871004
19871010
19871011
19871012
19871013
19871014
19871015
19871016
19871017
19871019
19871020
19871021
19871022
19871023
19871024
19871025
19871026
19871027
19871028
19871029
19871030
198711
19871102
19871105
19871111
19871120
19871121
19871122
19871123
19871125
19871126
19871128
198712
19871210
19871211
19871212
19871213
19871215
19871218
19871221
19871224
19871225
19871226
1987123
198713
198714
198715
198716
198717
198718
198719
19871987
19871988
198720
198721
198722
198723
198724
198725
198726
198727
198728
198729
198731
198736
198765
198777
19877891
198787
198788
198799
1988
198800
198801
198802
198805
198807
19880728
198808
19880808
198810
19881010
19881011
19881012
19881013
19881018
19881019
19881020
19881021
19881022
19881025
19881028
198811
19881120
19881121
19881125
19881128
198812
19881210
19881212
19881213
19881215
19881220
19881224
19881225
198813
198814
198815
198816
198817
198818
198819
19881988
19881989
198820
198821
198822
198823
198824
198825
198826
198827
198828
198829
198877
198888
19888891
1988comeer
1989
198900
198901
198902
198903
198905
198906
198907
198908
198909
198910
19891010
19891012
19891016
19891020
198911
19891110
19891120
198912
19891212
19891218
19891225
19891226
198913
198914
198915
198916
198917
198918
198919
19891989
198920
198921
198922
198923
198925
198926
198927
198928
198929
198989
19899891
198999
199
1990
199000
199001
19900991
199010
199011
199012
199015
199016
199017
199018
199019
19901990
19901990p
199020
199021
199022
199023
199025
199026
199028
199090
1991
199100
199101
199102
199104
199105
199106
199107
199108
199109
199110
199111
199112
199113
199115
199116
199117
199118
199119
19911991
19911992
199120
199121
199122
199123
199124
199126
199127
199128
199129
199191
199199
1992
199200
199202
19920328
199207
199210
199211
19921124
199212
199213
199214
199215
199216
199217
199218
199219
19921992
19921993
19921994
199221
199222
199223
199226
199227
199228
19922991
199292
1993
199300
199305
199310
199311
199312
199313
199314
199315
199316
199317
19931993
19931994
19932007
19932008
19932009
199321
199322
199323
19933991
199393
1994
199400
199405
199410
199411
199412
199413
199414
199415
199416
199417
199418
199419
19941994
19941995
19941996
199423
19944991
199494
1995
199500
199505
199507
199510
199511
199512
1995123
199513
199514
199515
19951995
19951996
19952009
19952009sa
199525
199555
19955991
199595
1996
199600
199606
199610
199611
199612
199613
199615
19961907
19961996
19961997
19961998
19962009
199626
19966991
199696
1997
199700
199710
199711
199712
19971997
19971998
199771
19977991
199797
1998
199800
199810
199811
199812
19981998
199819981998
19981998a
19982002
19988991
199898
1999
199900
199911
19991999
19992000
19992001
199999
19aa14aa
19weed
1a1a1a
1a1a1a1a
1a1a1a1a1a
1a1a1a1b
1a23456
1a2a3a
1a2a3a4a
1a2a3a4a5a
1a2a3a4a5a6
1a2a3a4a5a6a
1a2b3c
1a2b3c4d
1a2b3c4d5e
1a2b3c4d5e6f
1a2s3d
1a2s3d4f
1a2s3d4f5g
1a2s3d4f5g6h
1a2s3d4f5g6h7j
1a2z3e4r
1aaaaa
1abcdefg
1adam12
1adgjmptw
1alexander
1allah
1america
1andonly
1angel
1anthony
1apple
1arsenal
1asdfghjkl
1asshole
1b3456789
1babyboy
1babygirl
1banana
1baseball
1bigdick
1billion
1bitch
1blood
1brandon
1brother
1bulldog
1butterfly
1cecream
1chance
1charlie
1cheese
1chelsea
1chicken
1chocolate
1chris
1ck75iflga
1computer
1cookie
1d2d3d4d
1daddy
1daniel
1ddf2556
1derful
1destiny
1diamond
1direction
1dollar
1dolphin
1dontknow
1dragon
1drowssap
1drummer
1e
1elephant
1elizabeth
1faith
1family
1fckoeln
1fcnykg992
1fineday
1fish2fi
1fish2fish
1flower
1football
1forever
1fptjtl919
1fr
1fr2rfq7xl
1freedom
1friend
1fucker
1fuckyou
1g2w3e4r
1gangsta
1gpu7ms328
1gubbins1
1hateyou
1heart
1hello
1hotmama
1hottie
1hro3lew5x
1hundred
1hunter
1hxboqg2s
1iffqb66tw
1ikhoq7l1i
1iloveyou
1jackson
1james
1jasmine
1jennifer
1jessica
1jesus
1killer
1l0v3y0u
1ladybug
1letmein
1life2live
1liverpool
1love
1love1
1love4me
1lovegod
1lovejesus
1loveme
1lover
1loveu
1loveyou
1madison
1malaysia
1manarmy
1master
1matthew
1melissa
1michael
1michelle
1million
1mommy
1money
1monkey
1monkey1
1monster
1moretime
1mother
1mp0r7ant
1mustang
1myspace
1newlife
1nf1n1ty
1nicole
1nt3rn3t
1nternet
1nuyasha
1ofakind
1onelove
1oovba9b4d
1orange
1passion
1password
1password1
1password2
1patrick
1peanut
1piece
1pioneer
1player
1pokemon
1princess
1q
1q0o2w9i
1q0p2w9o
1q1a1z
1q1q1q
1q1q1q1q
1q1q1q1q1q
1q1q2w2w
1q1w1e1r
1q1z2wsx
1q2
1q21q2
1q21q21q2
1q2345
1q2a3z
1q2q3q
1q2q3q4q
1q2q3q4q5q
1q2q3q4q5q6q
1q2w
1q2w1q2w
1q2w3
1q2w3e
1q2w3e123
1q2w3e1q2w3e
1q2w3e3e2w1q
1q2w3e4
1q2w3e4e3w2q
1q2w3e4r
1q2w3e4r1
1q2w3e4r5
1q2w3e4r5t
1q2w3e4r5t6
1q2w3e4r5t6y
1q2w3e4r5t6y7
1q2w3e4r5t6y7u
1q2w3e4r5t6y7u8
1q2w3e4r5t6y7u8i
1q2w3e4r5t6y7u8i9o
1q2w3e4r5t6y7u8i9o0p
1q2w3e4r5t6z
1q2w3e4rr
1q2w3e4w
1q2w3easd
1q2w3eazsxdc
1q2w3ee3w2q1
1q2w3er4
1q2wazsx
1q32w3e4r
1q32w3e4r5t
1q3e2w4r
1q3e5t
1q3e5t7u
1q3e5t7u9o
1qa
1qa1qa
1qa2ws
1qa2ws3e
1qa2ws3ed
1qa2ws3ed12345
1qa2ws3ed4rf
1qa2ws3ed4rf5tg
1qasw2
1qasw23ed
1qaw321
1qay1qay
1qay2wsx
1qay2wsx3edc
1qayxsw2
1qaz
1qaz!qaz
1qaz0okm
1qaz0plm
1qaz1234
1qaz1qaz
1qaz1qaz1qaz
1qaz1qazz3
1qaz2w
1qaz2ws
1qaz2wsx
1qaz2wsx1
1qaz2wsx3
1qaz2wsx3e
1qaz2wsx3ed
1qaz2wsx3edc
1qaz2wsx3edc4rfv
1qaz2wsx3edc4rfv5tgb
1qaz32wsx
1qaz3edc
1qaz3edc2wsx
1qaz3edc5tgb
1qaz@wsx
1qazaq1
1qazqaz
1qazse4
1qazse4rfv
1qazwsx
1qazwsxedc
1qazxc
1qazxcv
1qazxcvb
1qazxcvbnm
1qazxdr5
1qazxs
1qazxsw
1qazxsw2
1qazxsw21
1qazxsw23
1qazxsw23edc
1qazxsw23edcvfr4
1qazxsw@
1qazzaq!
1qazzaq1
1qw21qw2
1qw23e
1qw23er4
1qw23er45t
1qw23er45ty6
1qweasdzxc
1qwert
1qwerty
1qwerty1
1qwerty2
1qwerty7
1qwertyu
1qwertyui
1qwertyuio
1qwertyuiop
1r2r3r
1rainbow
1richard
1robert
1s2a3s4h5a
1s2s3s4s
1samantha
1samsung
1secret
1shadow
1shot1kill
1stclass
1stlove
1stsarge
1stunna
1summer
1sunshine
1superman
1superstar
1sza98bqiq
1tasjy38yx
1teacher
1thomas
1tiger
1treehill
1truelove
1tweaker
1two3four
1united
1v7upjw3nt
1w1w1w
1w2e3r
1w2e3r4t
1w2q3r4e
1w2w3w
1w2w3w4w
1w2w3w4w5w
1warrior
1waxzsq2
1wbe6ygw2o
1werty
1wertyu
1wh9gp4dwq
1william
1winner
1x2x3x
1x2x3x4x
1x2x3x4x5x
1xsqxc6b9t
1z1z1z
1z2x3c
1z2x3c4v
1z2x3c4v5b
1z2x3c4v5b6n
1z2x3c4v5b6n7m
1z2z3z
1z2z3z4z
1z2z3z4z5z
1zg1h9suza
1zn6fpn01n
1zxcvbnm
1zyybyt82a
1zzzzz
2
20
200
2000
20000
200000
2000000
20000000
200001
200002
200011
20002000
20002001
2000comeer
2000q
2001
200100
200101
200107
200111
20011977
20011978
20011979
20011980
20011981
20011982
20011983
20011984
20011985
20011986
20011987
20011988
20011989
20011990
20011991
20011992
20011993
20011994
20011995
20011996
20011997
20011998
20012001
20012002
20012003
20012004
20012005
20012006
20012007
200177
200178
200179
200180
200181
200182
200183
200184
200185
200186
200187
200188
200189
200190
200191
200192
200193
200194
200195
200196
200197
2002
200200
200202
200206
200209
20021976
20021978
20021979
20021980
20021981
20021982
20021983
20021984
20021985
20021986
20021987
20021988
20021989
20021990
20021991
20021992
20021993
20021994
20021995
20021996
20021997
20021998
200220
20022002
20022003
20022004
20022006
200275
200277
200278
200279
200280
200281
200282
200283
200284
200285
200286
200287
200288
200289
200290
200291
200292
200293
200294
200295
200296
200297
2003
200300
200303
200309
20031978
20031979
20031980
20031981
20031982
20031983
20031984
20031985
20031986
20031987
20031988
20031989
20031990
20031991
20031992
20031993
20031994
20031995
20031996
20031997
20031998
20032003
20032004
20032005
20032006
20032007
20032008
20032009
200375
200376
200377
200378
200379
200380
200381
200382
200383
200384
200385
200386
200387
200388
200389
200390
200391
200392
200393
200394
200395
200396
2003vkom
2004
200400
20041889
20041976
20041977
20041978
20041979
20041980
20041981
20041982
20041983
20041984
20041985
20041986
20041987
20041988
20041989
20041990
20041991
20041992
20041993
20041994
20041995
20041996
20042004
20042005
20042007
20042008
200474
200477
200478
200479
200480
200481
200482
200483
200484
200485
200486
200487
200488
200489
200490
200491
200492
200493
200494
200495
200496
2005
200500
200505
200506
20051977
20051979
20051980
20051981
20051982
20051983
20051984
20051985
20051986
20051987
20051988
20051989
20051990
20051991
20051992
20051993
20051994
20051995
20051996
20051997
20051998
20052000
20052005
20052006
20052007
20052008
200574
200575
200576
200577
200578
200579
200580
200581
200582
200583
200584
200585
200586
200587
200588
200589
200590
200591
200592
200593
200594
200595
200596
200597
200598
2006
200600
200606
200609
20061980
20061981
20061982
20061983
20061984
20061985
20061986
20061987
20061988
20061989
20061990
20061991
20061992
20061993
20061994
20061995
20061996
20061997
20062006
20062007
20062008
20062009
200666
200675
200676
200677
200678
200679
200680
200681
200682
200683
200684
200685
200686
200687
200688
200689
200690
200691
200692
200693
200694
200695
200696
200697
200698
2007
200700
200707
20071980
20071981
20071982
20071983
20071984
20071985
20071986
20071987
20071988
20071989
20071990
20071991
20071992
20071993
20071994
20071995
20071996
20071997
20072007
20072008
200776
200777
200778
200779
200780
200781
200782
200783
200784
200785
200786
200787
200788
200789
200790
200791
200792
200793
200794
200795
200796
200799mk
2008
200800
200805
200808
20080808
20081975
20081977
20081980
20081981
20081982
20081983
20081984
20081985
20081986
20081987
20081988
20081989
20081990
20081991
20081992
20081993
20081994
20081995
20081996
20081997
20081998
20082008
20082009
2008520085
200873
200876
200877
200878
200879
200880
200881
200882
200883
200884
200885
200886
200887
200888
200889
200890
200891
200892
200893
200894
200895
200896
2009
200900
200908
200909
20091979
20091980
20091981
20091982
20091983
20091984
20091985
20091986
20091987
20091988
20091989
20091990
20091991
20091992
20091993
20091994
20091995
20091996
200919ab
20092008
20092009
20092010
200976
200977
200978
200979
200980
200981
200982
200983
200984
200985
200986
200987
200988
200989
200990
200991
200992
200993
200994
200995
200996
200997
200999
201
2010
201000
201001
20100728
201010
20101978
20101979
20101980
20101981
20101982
20101983
20101984
20101985
20101986
20101987
20101988
20101989
20101990
20101991
20101992
20101993
20101994
20101995
20101996
20101997
20101998
201020
20102000
20102007
20102010
20102011
201030
201070
201075
201076
201077
201078
201079
201080
201081
201082
201083
201084
201085
201086
201087
201088
201089
201090
201091
201092
201093
201094
201095
201096
201099
2010comer
2011
20111978
20111979
20111980
20111981
20111982
20111983
20111984
20111985
20111986
20111987
20111988
20111989
20111990
20111991
20111992
20111993
20111994
20111995
20111996
20111997
20112011
20112012
201175
201176
201177
201178
201179
201180
201181
201182
201183
201184
201185
201186
201187
201188
201189
201190
201191
201192
201193
201194
201195
201196
201198
201199
2012
201200
201201
201202
201203
201208
20121976
20121977
20121978
20121980
20121981
20121982
20121983
20121984
20121985
20121986
20121987
20121988
20121989
20121990
20121991
20121992
20121993
20121994
20121995
20121996
20121997
20122012
201274
201275
201276
201277
201278
201279
201280
201281
201282
201283
201284
201285
201286
201287
201288
201289
201290
201291
201292
201293
201294
201295
201296
201297
2012comeer
2013
201314
20132013
2014
20142014
2015
20152015
2016
20162016
2017
2018
2019
20192019
201976
201984
201985
201986
201987
201988
201989
202
2020
202010
20202
202020
20202020
2020202020
202030
2020327
2021
20212021
202122
202123
2022
202202
2023
20232023
2024
2025
20252025
2026
2027
2028
2029
203
2030
20302030
203040
20304050
2031
2032
203203
2033
204
2040
20402040
204060
204204
2046
20462046
20471120
2048
205
2050
2051
205205
2054
2055
205gti
206
206206
207
207207
207660a
208
2080
2081
2082
208208
209
2091
2099
20fghtkz79
20himmel3
21
210
2100
210000
21002100
2101
210100
210101
21011974
21011980
21011981
21011982
21011983
21011984
21011985
21011986
21011987
21011988
21011989
21011990
21011991
21011992
21011993
21011994
21011995
21011996
21011997
21012001
21012101
210175
210176
210177
210178
210179
210180
210181
210182
210183
210184
210185
210186
210187
210188
210189
210190
210191
210192
210193
210194
210195
210196
210197
2102
210210
21021978
21021979
21021980
21021981
21021982
21021983
21021984
21021985
21021986
21021987
21021988
21021989
21021990
21021991
21021992
21021993
21021994
21021995
21021996
21021997
21022102
210275
210277
210278
210279
210280
210281
210282
210283
210284
210285
210286
210287
210288
210289
210290
210291
210292
210293
210294
210295
210296
210297
2103
210309
21031977
21031978
21031979
21031980
21031981
21031982
21031983
21031984
21031985
21031986
21031987
21031988
21031989
21031990
21031991
21031992
21031993
21031994
21031995
21031996
21031997
21032103
210374
210375
210376
210377
210378
210379
210380
210381
210382
210383
210384
210385
210386
210387
210388
210389
210390
210391
210392
210393
210394
210395
210396
210397
2104
21041978
21041979
21041981
21041982
21041983
21041984
21041985
21041986
21041987
21041988
21041989
21041990
21041991
21041992
21041993
21041994
21041995
21041996
21041997
21042104
210472
210474
210476
210477
210478
210479
210480
210481
210482
210483
210484
210485
210486
210487
210488
210489
210490
210491
210492
210493
210494
210495
210496
2105
210505
21051978
21051979
21051980
21051981
21051982
21051983
21051984
21051985
21051986
21051987
21051988
21051989
21051990
21051991
21051992
21051993
21051994
21051995
21051996
21051997
21051998
21052105
210574
210575
210576
210577
210578
210579
210580
210581
210582
210583
210584
210585
210586
210587
210588
210589
210590
210591
210592
210593
210594
210595
210596
210597
2106
21061978
21061979
21061980
21061981
21061982
21061983
21061984
21061985
21061986
21061987
21061988
21061989
21061990
21061991
21061992
21061993
21061994
21061995
21061996
21062008
21062106
210674
210675
210676
210677
210678
210679
210680
210681
210682
210683
210684
210685
210686
210687
210688
210689
210690
210691
210692
210693
210694
210695
210696
210697
210698
2107
210707
21071980
21071981
21071982
21071983
21071984
21071985
21071986
21071987
21071988
21071989
21071990
21071991
21071992
21071993
21071994
21071995
21072107
210775
210776
210777
210778
210779
210780
210781
210782
210783
210784
210785
210786
210787
210788
210789
210790
210791
210792
210793
210794
210795
210796
210797
210798
2108
21081978
21081979
21081980
21081981
21081982
21081983
21081984
21081985
21081986
21081987
21081988
21081989
21081990
21081991
21081992
21081993
21081994
21081995
21081996
21081998
21082000
21082108
210874
210875
210876
210877
210878
210879
210880
210881
210882
210883
210884
210885
210886
210887
210888
210889
210890
210891
210892
210893
210894
210895
210896
210897
210898
210899
2109
210900
21091979
21091980
21091981
21091982
21091983
21091984
21091985
21091986
21091987
21091988
21091989
21091990
21091991
21091992
21091993
21091994
21091995
21091996
21092109
210975
210976
210977
210978
210979
210980
210981
210982
210983
210984
210985
210986
210987
210988
210989
210990
210991
210992
210993
210994
210995
210996
210999
211
2110
21101976
21101979
21101980
21101981
21101982
21101983
21101984
21101985
21101986
21101987
21101988
21101989
21101990
21101991
21101992
21101993
21101994
21101995
21101996
21101997
21102110
211075
211077
211078
211079
211080
211081
211082
211083
211084
211085
211086
211087
211088
211089
211090
211091
211092
211093
211094
211095
211096
211099211zaq211
2111
211111
211112
21111980
21111981
21111982
21111983
21111984
21111985
21111986
21111987
21111988
21111989
21111990
21111991
21111992
21111993
21111994
21111995
21111996
21111997
211174
211176
211177
211178
211179
211180
211181
211182
211183
211184
211185
211186
211187
211188
211189
211190
211191
211192
211193
211194
211195
211196
2112
211200
211208
211211
211212
21121977
21121978
21121980
21121981
21121982
21121983
21121984
21121985
21121986
21121987
21121988
21121989
21121990
21121991
21121992
21121993
21121994
21121995
21121996
21122001
21122012
211221
21122112
211271
211275
211276
211277
211278
211279
211280
211281
211282
211283
211284
211285
211286
211287
211288
211289
211290
211291
211292
211293
211294
211295
211296
211298
2112rush
2113
211314
211314108
2114
2115
2116
2117
2118
2119
211983
211984
211985
211986
211987
211988
211989
211990
211991
211994
211995
212
2120
21202120
2121
21212
212121
2121211
21212121
2121212121
212121a
212121abc
2121998asdf
2122
212212
21222122
212223
21222324
212224
212224236
2123
21232123
212325
2124
21242124
2125
21252125
2126
2127
2128
21282128
2128506
2129
213
2130
21302130
2131
21312131
213141
21314151
2132
213213
213213213
21322132
213243
2133
21332133
213344
2134
21342134
213456
213546
213546879
2136
214
2140
2141
21412141
2142
214214
21422142
2143
21432143
214365
21436587
2143658709
2144
2145
21452145
2147
21472147
2147483647
2148
215
2150
21512151
215215
2154
215487
2155
216
2160
2161
216216
2163
2165
2166
2169
217
2170
217217
2176
2177
218
2180
218218
2184
2185
2188
219
2190
219219
219262377
21guns
21november
21wqsaxz
22
220
2200
220011
220022
22002200
2200498
2201
22011976
22011981
22011982
22011983
22011984
22011985
22011986
22011987
22011988
22011989
22011990
22011991
22011992
22011993
22011994
22011995
22011996
22011997
22012201
220175
220176
220177
220178
220179
220180
220181
220182
220183
220184
220185
220186
220187
220188
220189
220190
220191
220192
220193
220194
220195
220196
220197
220198
2202
220202
22021977
22021978
22021979
22021980
22021982
22021983
22021984
22021985
22021986
22021987
22021988
22021989
22021990
22021991
22021992
22021993
22021994
22021995
22021996
22021997
22021998
220220
22022000
22022002
22022202
220272
220276
220277
220278
220279
220280
220281
220282
220283
220284
220285
220286
220287
220288
220289
220290
220291
220292
220293
220294
220295
220296
220297
2203
22031978
22031979
22031980
22031981
22031982
22031983
22031984
22031985
22031986
22031987
22031988
22031989
22031990
22031991
22031992
22031993
22031994
22031995
22031996
22031997
22032203
220376
220377
220378
220379
220380
220381
220382
220383
220384
220385
220386
220387
220388
220389
220390
220391
220392
220393
220394
220395
220396
220397
2204
22041977
22041978
22041980
22041981
22041982
22041983
22041984
22041985
22041986
22041987
22041988
22041989
22041990
22041991
22041992
22041993
22041994
22041995
22041996
22041997
22041998
22042204
220470
220474
220475
220476
220477
220478
220479
220480
220481
220482
220483
220484
220485
220486
220487
220488
220489
220490
220491
220492
220493
220494
220495
220496
220497
220498
2204cherie
2205
22051980
22051981
22051982
22051983
22051984
22051985
22051986
22051987
22051988
22051989
22051990
22051991
22051992
22051993
22051994
22051995
22051996
22051997
22051998
22052205
220574
220575
220576
220577
220578
220579
220580
220581
220582
220583
220584
220585
220586
220587
220588
220589
220590
220591
220592
220593
220594
220595
220596
220597
220598
220599
2206
22061941
22061973
22061978
22061981
22061982
22061983
22061984
22061985
22061986
22061987
22061988
22061989
22061990
22061991
22061992
22061993
22061994
22061995
22061996
22061997
22062206
220641
220674
220675
220676
220677
220678
220679
220680
220681
220682
220683
220684
220685
220686
220687
220688
220689
220690
220691
220692
220693
220694
220695
220696
220697
220698
220699
2207
22071972
22071977
22071980
22071981
22071982
22071983
22071984
22071985
22071986
22071987
22071988
22071989
22071990
22071991
22071992
22071993
22071994
22071995
22071996
22071997
220776
220777
220778
220779
220780
220781
220782
220783
220784
220785
220786
220787
220788
220789
220790
220791
220792
220793
220794
220795
220796
220797
2208
220808
22081978
22081980
22081981
22081982
22081983
22081984
22081985
22081986
22081987
22081988
22081989
22081990
22081991
22081992
22081993
22081994
22081995
22081996
220874
220875
220877
220878
220879
220880
220881
220882
220883
220884
220885
220886
220887
220888
220889
220890
220891
220892
220893
220894
220895
220896
220897
220898
2209
22091978
22091980
22091981
22091982
22091983
22091984
22091985
22091986
22091987
22091988
22091989
22091990
22091991
22091992
22091993
22091994
22091995
22091996
22091997
22091998
22092209
220975
220976
220977
220978
220979
220980
220981
220982
220983
220984
220985
220986
220987
220988
220989
220990
220991
220992
220993
220994
220995
220996
220997
221
2210
221005
22101976
22101978
22101979
22101980
22101981
22101982
22101983
22101984
22101985
22101986
22101987
22101988
22101989
22101990
22101991
22101992
22101993
22101994
22101995
22101996
22101997
22101998
22102210
221070
221073
221074
221075
221076
221077
221078
221079
221080
221081
221082
221083
221084
221085
221086
221087
221088
221089
221090
221091
221092
221093
221094
221095
221096
221097
221098
221099
2211
221100
221108
22111976
22111978
22111979
22111980
22111981
22111982
22111983
22111984
22111985
22111986
22111987
22111988
22111989
22111990
22111991
22111992
22111993
22111994
22111995
22111996
221122
22112211
221133
221133qwe
221166
221171
221172
221173
221174
221175
221176
221177
221178
221179
221180
221181
221182
221183
221184
221185
221186
221187
221188
221189
221190
221191
221192
221193
221194
221195
221196
221197
221199
2212
221200
221202
221206
22121978
22121979
22121980
22121981
22121982
22121983
22121984
22121985
22121986
22121987
22121988
22121989
22121990
22121991
22121992
22121993
22121994
22121995
22121996
22121997
22121998
221221
221222
22122212
221226
221271
221272
221274
221275
221276
221277
221278
221279
221280
221281
221282
221283
221284
221285
221286
221287
221288
221289
221290
221291
221292
221293
221294
221295
221296
221297
221298
221299
2213
22132213
2214
22142214
2215
22152215
2216
2217
2218
2219
221969
221978
221979
221980
221981
221982
221983
221984
221985
221986
221987
221988
221989
221990
221991
221992
221993
221994
222
2220
222000
2221
222111
2222
22221111
22222
222221
222222
2222221
2222222
22222222
222222222
2222222222
22222222221
222222222222
222222a
222223
22222a
22223333
22224444
22225555
2223
222324
222333
222333444
2224
222444
2225
222555
2226
222666
2227
222777
2228
222888
2229
222999
223
2230
2231
22312
22312231
2232
223223
2233
223311
223322
22332233
223344
22334455
2233445566
223355
223366
2234
22342234
223456
2234562
2235
2236
22360679
22362236
2237
223856
2238qwer
223qwe
224
2241985
2242
224224
2243
2244
224422
22442244
224455
224466
22446688
2244668800
224488
2245
2246
2247
2248
225
2250
2251
2252
225225
225365
2254
2255
225500
225522
22552255
225566
225577
225588
22558800
2256
2257
2258
2259
226
2260
2262
226226
2264
2265
2266
226622
22662266
226688
2268
2269
227
22711882
2272
227227
2274
2275
2276
2277
227722
22772277
2278
228
2280
2281337
2282
228228
228228228
2283
2285
2287
2288
228822
22882288
229
2290
2292
229229
2299
23
230
2300
230000
2301
230101
23011980
23011981
23011982
23011983
23011984
23011985
23011986
23011987
23011988
23011989
23011990
23011991
23011992
23011993
23011994
23011995
23011996
23011997
23011998
23012301
230176
230177
230178
230179
230180
230181
230182
230183
230184
230185
230186
230187
230188
230189
230190
230191
230192
230193
230194
230195
230196
230197
230198
2302
23021977
23021978
23021979
23021980
23021981
23021982
23021983
23021984
23021985
23021986
23021987
23021988
23021989
23021990
23021991
23021992
23021993
23021994
23021995
23021996
23021998
23022302
230230
230274
230276
230277
230278
230279
230280
230281
230282
230283
230284
230285
230286
230287
230288
230289
230290
230291
230292
230293
230294
230295
230296
2303
230303
23031980
23031981
23031982
23031983
23031984
23031985
23031986
23031987
23031988
23031988kim
23031989
23031990
23031991
23031992
23031993
23031994
23031995
23031996
23031997
23032303
230373
230374
230376
230377
230378
230379
230380
230381
230382
230383
230384
230385
230386
230387
230388
230389
230390
230391
230392
230393
230394
230395
230396
230399
2304
23041977
23041978
23041979
23041980
23041981
23041982
23041983
23041984
23041985
23041986
23041987
23041988
23041989
23041990
23041991
23041992
23041993
23041994
23041995
23041996
23041997
23041998
23042304
230475
230476
230477
230478
230479
230480
230481
230482
230483
230484
230485
230486
230487
230488
230489
230490
230491
230492
230493
230494
230495
230496
2305
23050120257
23051979
23051980
23051981
23051982
23051983
23051984
23051985
23051986
23051987
23051988
23051989
23051990
23051991
23051992
23051993
23051994
23051995
23051996
23051997
23052305
230569
230571
230574
230575
230576
230577
230578
230579
230580
230581
230582
230583
230584
230585
230586
230587
230588
230589
230590
230591
230592
230593
230594
230595
230596
230597
230598
2306
23061978
23061980
23061981
23061982
23061983
23061984
23061985
23061986
23061987
23061988
23061989
23061990
23061991
23061992
23061993
23061994
23061995
23061996
23061997
23062306
230672
230674
230675
230676
230677
230678
230679
230680
230681
230682
230683
230684
230685
230686
230687
230688
230689
230690
230691
230692
230693
230694
230695
230696
2307
23071977
23071979
23071980
23071981
23071982
23071983
23071984
23071985
23071986
23071987
23071988
23071989
23071990
23071991
23071992
23071993
23071994
23071995
23071996
23071997
23071998
23072307
230776
230777
230778
230779
230780
230781
230782
230783
230784
230785
230786
230787
230788
230789
230790
230791
230792
230793
230794
230795
230796
230797
230798
2308
230808
23081979
23081980
23081981
23081982
23081983
23081984
23081985
23081986
23081987
23081988
23081989
23081990
23081991
23081992
23081993
23081994
23081995
23081996
23082308
230874
230876
230877
230878
230879
230880
230881
230882
230883
230884
230884007
230885
230886
230887
230888
230889
230890
230891
230892
230893
230894
230895
230896
230897
2309
230900
230911an
23091977
23091979
23091980
23091981
23091982
23091983
23091984
23091985
23091986
23091987
23091988
23091989
23091990
23091991
23091992
23091993
23091994
23091995
23091996
23092309
230974
230975
230976
230977
230978
230979
230980
230981
230982
230983
230984
230985
230986
230987
230988
230989
230990
230991
230992
230993
230994
230995
230996
231
2310
231000
23101971
23101979
23101980
23101981
23101982
23101983
23101984
23101985
23101986
23101987
23101988
23101989
23101990
23101991
23101992
23101993
23101994
23101995
23101996
23101997
23101998
23102310
231073
231074
231075
231076
231077
231078
231079
231080
231081
231082
231083
231084
231085
231086
231087
231088
231089
231090
231091
231092
231093
231094
231095
231096
231097
231098
231099
2311
23111978
23111979
23111980
23111981
23111982
23111983
23111984
23111985
23111986
23111987
23111988
23111989
23111990
23111991
23111992
23111993
23111994
23111995
231123
23112311
231170
231173
231175
231176
231177
231178
231179
231180
231181
231182
231183
231184
231185
231186
231187
231188
231189
231190
231191
231192
231193
231194
231195
231196
231197
231199
2312
231200
231206
23121978
23121980
23121981
23121982
23121983
23121984
23121985
23121986
23121987
23121988
23121989
23121990
23121991
23121992
23121993
23121994
23121995
23121996
23121997
23121998
23122312
231231
231273
231274
231275
231276
231277
231278
231279
231280
231281
231282
231283
231284
231285
231286
231287
231288
231289
231290
231291
231292
231293
231294
231295
231296
231297
231298
2313
23132313
2314
23142314
231456
2315
23152315
231564
2316
2317
2318
2319
23192319
231978
231980
231981
231982
231983
231984
231985
231986
231987
231988
231989
231990
231991
231992
231993
231994
231995
232
2320
2321
23212321
2322
232232
2323
232323
2323231
23232323
2323232323
232323a
2324
23242324
232425
23242526
2325
23252325
2326
23262326
232629
2327
23272327
2328
2329
233
2330
2331
2332
233223
23322332
233233
2333
233391
2334
2335
2336
2337
234
2341
23412341
2342
234234
234234234
2343
2344
234432
2345
23452345
23456
234561
234567
2345671
2345678
23456789
234567890
234567891
234589
2346
234678
2347
2348
234wer
235
235235
2354
2355
2356
23562356
235689
235689741
2357
235711
23571113
23572357
2358
2359
236
236236
2363
2365
23652365
2366
2367
2368
2369
23692369
237
237237
2375
2377
2378
238
2381
238238
2384
2388
2389
239
239239
23jordan
23skidoo
23vec4rpcc
23wesdxc
24
240
2400
2401
24011980
24011981
24011982
24011983
24011984
24011985
24011986
24011987
24011988
24011989
24011990
24011991
24011992
24011993
24011994
24011995
24011996
24011997
24012401
240176
240177
240178
240179
240180
240181
240182
240183
240184
240185
240186
240187
240188
240189
240190
240191
240192
240193
240194
240195
240196
240197
2402
24021980
24021981
24021982
24021983
24021984
24021985
24021986
24021987
24021988
24021989
24021990
24021991
24021992
24021993
24021994
24021995
24021996
24021997
240277
240279
240280
240281
240282
240283
240284
240285
240286
240287
240288
240289
240290
240291
240292
240293
240294
240295
240296
2403
24031979
24031980
24031981
24031982
24031983
24031984
24031985
24031986
24031987
24031988
24031989
24031990
24031991
24031992
24031993
24031994
24031995
24032403
240374
240377
240378
240379
240380
240381
240382
240383
240384
240385
240386
240387
240388
240389
240390
240391
240392
240393
240394
240395
240397
2404
240404
24041978
24041979
24041980
24041981
24041982
24041983
24041984
24041985
24041986
24041987
24041988
24041989
24041990
24041991
24041992
24041993
24041994
24041995
24041996
24041997
24041998
24042004
24042404
240474
240476
240478
240479
240480
240481
240482
240483
240484
240485
240486
240487
240488
240489
240490
240491
240492
240493
240494
240495
240496
240497
2405
24051980
24051981
24051982
24051983
24051984
24051985
24051986
24051987
24051988
24051989
24051990
24051991
24051992
24051993
24051994
24051995
24051996
24051997
240575
240576
240577
240578
240579
240580
240581
240582
240583
240584
240585
240586
240587
240588
240589
240590
240591
240592
240593
240594
240595
240596
2406
24061978
24061980
24061981
24061982
24061983
24061984
24061985
24061986
24061987
24061988
24061989
24061990
24061991
24061992
24061993
24061994
24061995
24061996
24061997
240675
240677
240678
240679
240680
240681
240682
240683
240684
240685
240686
240687
240688
240689
240690
240691
240692
240693
240694
240695
240696
240698
2407
24071980
24071981
24071982
24071983
24071984
24071985
24071986
24071987
24071988
24071989
24071990
24071991
24071992
24071993
24071994
24071995
24071996
24071997
240778
240779
240780
240781
240782
240783
240784
240785
240786
240787
240788
240789
240790
240791
240792
240793
240794
240795
240796
240798
2408
24081980
24081981
24081982
24081983
24081984
24081985
24081986
24081987
24081988
24081989
24081990
24081991
24081992
24081993
24081994
24081995
24081996
24082408
240876
240877
240878
240879
240880
240881
240882
240883
240884
240885
240886
240887
240888
240889
240890
240891
240892
240893
240894
240895
240896
2409
24091979
24091982
24091983
24091984
24091985
24091986
24091987
24091988
24091989
24091990
24091991
24091992
24091993
24091994
24091995
24091996
240977
240978
240979
240980
240981
240982
240983
240984
240985
240986
240987
240988
240989
240990
240991
240992
240993
240994
240995
240996
241
2410
241000
24101977
24101978
24101980
24101981
24101982
24101983
24101984
24101985
24101986
24101987
24101988
24101989
24101990
24101991
24101992
24101993
24101994
24101995
24101996
24101997
24101998
24102410
241074
241075
241076
241077
241078
241079
241080
241081
241082
241083
241084
241085
241086
241087
241088
241089
241090
241091
241092
241093
241094
241095
241096
241097
241098
2411
241100
24111978
24111979
24111981
24111982
24111983
24111984
24111985
24111986
24111987
24111988
24111989
24111990
24111991
24111992
24111993
24111994
24111995
24112411
241175
241176
241177
241178
241179
241180
241181
241182
241183
241184
241185
241186
241187
241188
241189
241190
241191
241192
241193
241194
241195
241196
241197
2412
241200
24121977
24121980
24121981
24121982
24121983
24121984
24121985
24121986
24121987
24121988
24121989
24121990
24121991
24121992
24121993
24121994
24121995
24121996
24121997
24121998
24122003
24122412
241241
241275
241276
241277
241278
241279
241280
241281
241282
241283
241284
241285
241286
241287
241288
241289
241290
241291
241292
241293
241294
241295
241296
2413
24132413
2414
2415
24152415
2416
2417
2418
241978
241982
241983
241984
241985
241986
241987
241988
241989
241990
241991
241992
241995
242
2420
2421
2422
242242
2423
2424
242424
2424241
24242424
2425
24252425
242526
2426
24262426
242628
2427
2428
24282428
2429
243
2430
2431
2432
243243
2433
2435
2436
244
2442
24422442
2443
24434
2444
2448
245
2451
24512451
245245
2453
2455
2456
24562456
2457
2458
2459
246
2460
24601
246135
2461962
246246
246357
2466
246789
2468
24680
246800
246801
2468013579
246802
246810
2468101
24681012
2468101214
246812
2468123
246813
24681357
246813579
24681379
246824
24682468
24685
246855
24688642
24689
246890
246891
2469
24692469
247
247247
247365
2474
2475
2476
2477
2478
2479
248
2480
2481632
248163264
248248
2486
24861793
248624
24862486
24865
248655
2488
2489
249
2499
24992499
24b12v
24coxh4uzy
24crow
24gordon
24seven
24vquo5kgt
25
250
2500
250000
25002500
2501
250100
25011981
25011982
25011983
25011984
25011985
25011986
25011987
25011988
25011989
25011990
25011991
25011992
25011993
25011994
25011995
25011996
25012501
250177
250178
250179
250180
250181
250182
250183
250184
250185
250186
250187
250188
250189
250190
250191
250192
250193
250194
250195
250196
250197
2502
25021977
25021978
25021979
25021980
25021981
25021982
25021983
25021984
25021985
25021986
25021987
25021988
25021989
25021990
25021990a
25021991
25021992
25021993
25021994
25021995
25021998
250250
250277
250278
250279
250280
250281
250282
250283
250284
250285
250286
250287
250288
250289
250290
250291
250292
250293
250294
250295
250296
250297
250298
2503
25031978
25031980
25031981
25031982
25031983
25031984
25031985
25031986
25031987
25031988
25031989
25031990
25031991
25031992
25031993
25031994
25031995
25031996
25031997
25031998
25032503
250375
250376
250377
250378
250379
250380
250381
250382
250383
250384
250385
250386
250387
250388
250389
250390
250391
250392
250393
250394
250395
250396
250397
250398
2504
250409
25041977
25041979
25041980
25041981
25041982
25041983
25041984
25041985
25041986
25041987
25041988
25041989
25041990
25041991
25041992
25041993
25041994
25041995
25041996
25041997
25042504
250475
250476
250477
250478
250479
250480
250481
250482
250483
250484
250485
250486
250487
250488
250489
250490
250491
250492
250493
250494
250495
250496
250497
250498
2505
250500
250505
25051975
25051977
25051979
25051980
25051981
25051982
25051983
25051984
25051985
25051986
25051987
25051988
25051989
25051990
25051991
25051992
25051993
25051994
25051995
25051996
25051998
25052005
25052505
250573
250575
250576
250577
250578
250579
250580
250581
250582
250583
250584
250585
250586
250587
250588
250589
250590
250591
250592
250593
250594
250595
250596
250598
2506
25061978
25061980
25061981
25061982
25061983
25061984
25061985
25061986
25061987
25061988
25061989
25061990
25061991
25061992
25061993
25061994
25061995
25061996
25061997
25061998
25062506
250676
250677
250678
250679
250680
250681
250682
250683
250684
250685
250686
250687
250688
250689
250690
250691
250692
250693
250694
250695
250696
250697
250698
2507
25071980
25071981
25071982
25071983
25071984
25071985
25071986
25071987
25071988
25071989
25071990
25071991
25071992
25071993
25071994
25071995
25071996
250776
250777
250778
250779
250780
250781
250782
250783
250784
250785
250786
250787
250788
250789
250790
250791
250792
250793
250794
250795
250796
250797
2508
25081980
25081981
25081982
25081983
25081984
25081985
25081986
25081987
25081988
25081989
25081990
25081991
25081992
25081993
25081994
25081995
25082508
250876
250877
250878
250879
250880
250881
250882
250883
250884
250885
250886
250887
250888
250889
250890
250891
250892
250893
250894
250895
250896
2509
25091979
25091980
25091981
25091982
25091983
25091984
25091985
25091986
25091987
25091988
25091989
25091990
25091991
25091992
25091993
25091994
25091995
25091996
25092509
250970
250976
250977
250978
250979
250980
250981
250982
250983
250984
250985
250986
250987
250988
250989
250990
250991
250992
250993
250994
250995
250996
250999
251
2510
25101978
25101979
25101980
25101981
25101982
25101983
25101984
25101985
25101986
25101987
25101988
25101989
25101990
25101991
25101992
25101993
25101994
25101995
25101996
25101997
25102000
25102510
251074
251075
251076
251077
251078
251079
251080
251081
251082
251083
251084
251085
251086
251087
251088
251089
251090
251091
251092
251093
251094
251095
251096
251099
2511
251100
25111978
25111980
25111981
25111982
25111983
25111984
25111985
25111986
25111987
25111988
25111989
25111990
25111991
25111992
25111993
25111994
25111995
25111996
25111997
25112511
251175
251176
251177
251178
251179
251180
251181
251182
251183
251184
251185
251186
251187
251188
251189
251190
251191
251192
251193
251194
251195
251196
251197
251198
2512
251200
251201
251207
251208
25121975
25121977
25121978
25121979
25121980
25121981
25121982
25121983
25121984
25121985
25121986
25121987
25121988
25121989
25121990
25121991
25121992
25121993
25121994
25121995
25121996
25121997
25122000
25122512
251251
251259a
251269
251273
251274
251276
251277
251278
251279
251280
251281
251282
251283
251284
251285
251286
251287
251288
251289
251290
251291
251292
251293
251294
251295
251296
251297
251298
251299
2513
251314
25132513
2514
25142514
2515
25152515
2516
25162516
2517
25172517
2518
25182518
2519
25192519
251978
251980
251981
251982
251983
251984
251985
251986
251987
251988
251989
251990
251991
251992
251993
251994
251995
251996
252
2520
25202520
2521
25212521
2522
25222522
252252
2523
25232523
2524
25242524
2525
25251325
252525
2525251
25252525
2525252525
2525775
25257758
2526
25262526
252627
2527
25272527
2528
25282528
2529
25292529
253
2530
25302530
2531
25312531
2532
25322532
253253
2533
25332533
2534
25342534
2535
25352535
253545
2536
25362536
253634
2537
2538
25382538
2539
25392539
254
2540
25402540
2541
25412541
2541435
2542
254254
25432543
2544
25442544
2545
25452545
2546
25462546
2547
25472547
2548
255
2550
2552
255225
25522552
255255
2553
2555
255555
2556
2558
256
256256
2563
25632563
2565
2569
25692569
256buowriz
257
257257
2575
2577
2578
2579
258
2580
25800
258000
25800852
2580098otilem
258012
2580123
258013
258025
25802580
258036
2580369
2580456
258046
2580852
258123
258147
258147369
2582
258258
258258258
2583
258369
258369147
258369dbd
2584
258456
258456258456
25846
2585
2586
258654
2587
258741
258741369
2587758
258789
2588
258852
2589
25892589
258963
258963147
259
259758
2597758
25d39959
25e5xyqbeh
25g8gb9975
25or6to4
25tolife
26
260
2600
2601
26011980
26011981
26011982
26011983
26011984
26011985
26011986
26011987
26011988
26011989
26011990
26011991
26011992
26011993
26011994
26011995
26011996
260176
260177
260178
260179
260180
260181
260182
260183
260184
260185
260186
260187
260188
260189
260190
260191
260192
260193
260194
260195
260196
2602
26021980
26021981
26021982
26021983
26021984
26021985
26021986
26021987
26021988
26021989
26021990
26021991
26021992
26021993
26021994
26021995
26021996
26021997
260260
260277
260278
260279
260280
260281
260282
260283
260284
260285
260286
260287
260288
260289
260290
260291
260292
260293
260294
260295
260296
2603
26031980
26031981
26031982
26031983
26031984
26031985
26031986
26031987
26031988
26031989
26031990
26031991
26031992
26031993
26031994
26031995
26031996
26031997
26031998m
260377
260379
260380
260381
260382
260383
260384
260385
260386
260387
260388
260389
260390
260391
260392
260393
260394
260395
260396
2604
26041980
26041982
26041983
26041984
26041985
26041986
26041987
26041988
26041989
26041990
26041991
26041992
26041993
26041994
26041995
26041996
260477
260478
260479
260480
260481
260482
260483
260484
260485
260486
260487
260488
260489
260490
260491
260492
260493
260494
260495
260496
2605
26051980
26051981
26051982
26051983
26051984
26051985
26051986
26051987
26051988
26051989
26051990
26051991
26051992
26051993
26051994
26051995
26051996
26051997
260576
260577
260578
260579
260580
260581
260582
260583
260584
260585
260586
260587
260588
260589
260590
260591
260592
260593
260594
260595
260596
2606
260606
26061978
26061980
26061981
26061982
26061983
26061984
26061985
26061986
26061987
26061988
26061989
26061990
26061991
26061992
26061993
26061994
26061995
26061996
26061997
26061998
260675
260676
260677
260678
260679
260680
260681
260682
260683
260684
260685
260686
260687
260688
260689
260690
260691
260692
260693
260694
260695
260696
260698
260699
2607
26071980
26071981
26071982
26071983
26071984
26071985
26071986
26071987
26071988
26071989
26071990
26071991
26071992
26071993
26071994
26071995
26071996
260777
260778
260779
260780
260781
260782
260783
260784
260785
260786
260787
260788
260789
260790
260791
260792
260793
260794
260795
260796
260797
2608
26081980
26081981
26081982
26081983
26081984
26081985
26081986
26081987
26081988
26081989
26081990
26081991
26081992
26081993
26081994
26081995
26081996
260877
260878
260879
260880
260881
260882
260883
260884
260885
260886
260887
260888
260889
260890
260891
260892
260893
260894
260895
260896
2609
26091981
26091982
26091983
26091984
26091985
26091986
26091987
26091988
26091989
26091990
26091991
26091992
26091993
26091994
26091995
26091996
260977
260978
260979
260980
260981
260982
260983
260984
260985
260986
260987
260988
260989
260990
260991
260992
260993
260994
260995
261
2610
26101979
26101980
26101981
26101982
26101983
26101984
26101985
26101986
26101987
26101988
26101989
26101990
26101991
26101992
26101993
26101994
26101995
26101996
26101998
26102610
261073
261075
261076
261077
261078
261079
261080
261081
261082
261083
261084
261085
261086
261087
261088
261089
261090
261091
261092
261093
261094
261095
261096
2611
26111978
26111980
26111981
26111982
26111983
26111984
26111985
26111986
26111987
26111988
26111989
26111990
26111991
26111992
26111993
26111994
26111995
26112611
261173
261174
261175
261177
261178
261179
261180
261181
261182
261183
261184
261185
261186
261187
261188
261189
261190
261191
261192
261193
261194
261195
261196
2612
261200
26121977
26121980
26121981
26121982
26121983
26121984
26121985
26121986
26121987
26121988
26121989
26121990
26121991
26121992
26121993
26121994
26121995
26121996
26121997
26121998
26122612
261261
261271
261274
261275
261276
261277
261278
261279
261280
261281
261282
261283
261284
261285
261286
261287
261288
261289
261290
261291
261292
261293
261294
261295
261296
2613
261982
261983
261984
261985
261986
261987
261988
261989
261990
261991
261992
261993
262
2622
2624
2626
262626
26262626
2627
26272627
262728
2628
26282628
2629
263
2630
263263
2633
2636
2639
264
265
2653
265349
2654
266
2662
266266
2663
2665
2668
2677
268
268268
2684
26842684
2691
269269
27
270
2700
2701
27011978
27011981
27011982
27011983
27011984
27011985
27011986
27011987
27011988
27011989
27011990
27011991
27011992
27011993
27011994
27011995
27011996
270177
270178
270180
270181
270182
270183
270184
270185
270186
270187
270188
270189
270190
270191
270192
270193
270194
270195
270196
2702
27021981
27021982
27021983
27021984
27021985
27021986
27021987
27021988
27021989
27021990
27021991
27021992
27021993
27021994
27021995
27021996
27021997
270270
270278
270279
270280
270281
270282
270283
270284
270285
270286
270287
270288
270289
270290
270291
270292
270293
270294
270295
270296
2703
27031980
27031981
27031982
27031984
27031985
27031986
27031987
27031988
27031989
27031990
27031991
27031992
27031993
27031994
27031995
27031997
270376
270377
270378
270379
270380
270381
270382
270383
270384
270385
270386
270387
270388
270389
270390
270391
270392
270393
270394
270395
270396
2704
27041977
27041980
27041981
27041982
27041983
27041984
27041985
27041986
27041987
27041988
27041989
27041990
27041991
27041992
27041993
27041994
27041995
27041996
270477
270478
270479
270480
270481
270482
270483
270484
270485
270486
270487
270488
270489
270490
270491
270492
270493
270494
270495
270496
2705
27051977
27051980
27051981
27051982
27051983
27051984
27051985
27051986
27051987
27051988
27051989
27051990
27051991
27051992
27051993
27051994
27051995
270576
270578
270579
270580
270581
270582
270583
270584
270585
270586
270587
270588
270589
270590
270591
270592
270593
270594
270595
270596
2706
27061980
27061981
27061982
27061983
27061984
27061985
27061986
27061987
27061988
27061989
27061990
27061991
27061992
27061993
27061994
27061995
27061996
270677
270678
270679
270680
270681
270682
270683
270684
270685
270686
270687
270688
270689
270690
270691
270692
270693
270694
270695
270696
2707
270707
27071977
27071980
27071981
27071982
27071983
27071984
27071985
27071986
27071987
27071988
27071989
27071990
27071991
27071992
27071993
27071994
27071995
27071996
27072000
27072007
270776
270777
270778
270779
270780
270781
270782
270783
270784
270785
270786
270787
270788
270789
270790
270791
270792
270793
270794
270795
270796
270797
2708
27081981
27081982
27081983
27081984
27081985
27081986
27081987
27081988
27081989
27081990
27081991
27081992
27081993
27081994
27081995
27081996
27081997
270875
270878
270879
270880
270881
270882
270883
270884
270885
270886
270887
270888
270889
270890
270891
270892
270893
270894
270895
270896
270897
2709
27091979
27091981
27091982
27091983
27091984
27091985
27091986
27091987
27091988
27091989
27091990
27091991
27091992
27091993
27091994
27091995
27091996
270977
270978
270979
270980
270981
270982
270983
270984
270985
270986
270987
270988
270989
270990
270991
270992
270993
270994
270995
270996
271
2710
27101979
27101980
27101981
27101982
27101983
27101984
27101985
27101986
27101987
27101988
27101989
27101990
27101991
27101992
27101993
27101994
27101995
27101997
27102006
27102710
271075
271077
271078
271079
271080
271081
271082
271083
271084
271085
271086
271087
271088
271089
271090
271091
271092
271093
271094
271095
2711
27111978
27111979
27111980
27111981
27111982
27111983
27111984
27111985
27111986
27111987
27111988
27111989
27111990
27111991
27111992
27111993
27111994
27111995
27112711
271155
271172
271177
271178
271179
271180
271181
271182
271183
271184
271185
271186
271187
271188
271189
271190
271191
271192
271193
271194
271195
271196
2712
27121980
27121981
27121982
27121983
27121984
27121985
27121986
27121987
27121988
27121989
27121990
27121991
27121992
27121993
27121994
27121995
27121996
271271
271275
271277
271278
271279
271280
271281
271282
271283
271284
271285
271286
271287
271288
271289
271290
271291
271292
271293
271294
271295
271296
2714
271640
271828
271982
271983
271984
271985
271986
271987
271988
271989
271990
271991
271992
272
2722
2727
272727
27272727
2728
272829
2729
2730
2741001
275
27542754
27653
277
2772
2791
279279
28
280
2801
28011980
28011981
28011982
28011983
28011984
28011985
28011986
28011987
28011988
28011989
28011990
28011991
28011992
28011993
28011994
28011995
280177
280178
280179
280180
280181
280182
280183
280184
280185
280186
280187
280188
280189
280190
280191
280192
280193
280194
280195
280196
280197
2802
28021978
28021980
28021982
28021983
28021984
28021985
28021986
28021987
28021988
28021989
28021990
28021991
28021992
28021993
28021994
28021995
28021996
28021997
280275
280276
280277
280278
280279
280280
280281
280282
280283
280284
280285
280286
280287
280288
280289
280290
280291
280292
280293
280294
280295
280296
2803
28031980
28031981
28031982
28031983
28031984
28031985
28031986
28031987
28031988
28031989
28031990
28031991
28031992
28031993
28031994
28031995
28031996
280376
280377
280378
280379
280380
280381
280382
280383
280384
280385
280386
280387
280388
280389
280390
280391
280392
280393
280394
280395
280396
2804
28041980
28041981
28041982
28041983
28041984
28041985
28041986
28041987
28041988
28041989
28041990
28041991
28041992
28041993
28041994
28041995
28041996
28041997
28041998
280475
280476
280477
280478
280479
280480
280481
280482
280483
280484
280485
280486
280487
280488
280489
280490
280491
280492
280493
280494
280495
280496
2805
28051978
28051980
28051981
28051982
28051983
28051984
28051985
28051986
28051987
28051988
28051989
28051990
28051991
28051992
28051993
28051994
28051995
28051996
280576
280577
280578
280579
280580
280581
280582
280583
280584
280585
280586
280587
280588
280589
280590
280591
280592
280593
280594
280595
280596
280597
2806
28061980
28061982
28061983
28061984
28061985
28061986
28061987
28061988
28061989
28061990
28061991
28061992
28061993
28061994
28061995
28061996
280677
280678
280679
280680
280681
280682
280683
280684
280685
280686
280687
280688
280689
280690
280691
280692
280693
280694
280695
280696
2807
280707
28071976
28071977
28071981
28071982
28071983
28071984
28071985
28071986
28071987
28071988
28071989
28071990
28071991
28071992
28071993
28071994
28071995
280778
280779
280780
280781
280782
280783
280784
280785
280786
280787
280788
280789
280790
280791
280792
280793
280794
280795
280797
2808
280800
280808
28081978
28081980
28081982
28081983
28081984
28081985
28081986
28081987
28081988
28081989
28081990
28081991
28081992
28081993
28081994
28081995
28081996
28081997
28081998
280875
280877
280878
280879
280880
280881
280882
280883
280884
280885
280886
280887
280888
280889
280890
280891
280892
280893
280894
280895
280896
280897
280898
2809
28091981
28091982
28091983
28091984
28091985
28091986
28091987
28091988
28091989
28091990
28091991
28091992
28091993
28091994
28091995
28091996
280977
280978
280979
280980
280981
280982
280983
280984
280985
280986
280987
280988
280989
280990
280991
280992
280993
280994
280995
281
2810
28101979
28101980
28101981
28101982
28101983
28101984
28101985
28101986
28101987
28101988
28101989
28101990
28101991
28101992
28101993
28101994
28101995
28101996
28101997
28102810
281075
281076
281077
281078
281079
281080
281081
281082
281083
281084
281085
281086
281087
281088
281089
281090
281091
281092
281093
281094
281095
281096
2811
28111980
28111983
28111984
28111985
28111986
28111987
28111988
28111989
28111990
28111991
28111992
28111993
28111994
28111995
28111996
281175
281176
281177
281178
281179
281180
281181
281182
281183
281184
281185
281186
281187
281188
281189
281190
281191
281192
281193
281194
281195
281196
2812
28121978
28121979
28121980
28121981
28121982
28121983
28121984
28121985
28121986
28121987
28121988
28121989
28121990
28121991
28121992
28121993
28121994
28121995
281273
281274
281276
281277
281278
281279
281280
281281
281282
281283
281284
281285
281286
281287
281288
281289
281290
281291
281292
281293
281294
281295
281296
2813308004
2814
2815
2818
281980
281984
281985
281986
281987
281988
281989
281990
281991
281992
282
2821
2823
2828
282828
28282828
2829
282930
2831
2846
28462846
284655
2848
285285
286
2864
28642864
2871
2871549h
2878
2879
288
2882
28822882
288288
288500iiaaaa
2891
28912891
28972323
29
290
2901
29011980
29011981
29011982
29011983
29011984
29011985
29011986
29011987
29011988
29011989
29011990
29011991
29011992
29011993
29011994
29011995
29011996
290178
290179
290180
290181
290182
290183
290184
290185
290186
290187
290188
290189
290190
290191
290192
290193
290194
290195
290196
2902
29021980
29021984
29021988
29021992
29021996
290280
290284
290288
290292
2903
29031981
29031982
29031983
29031984
29031985
29031986
29031987
29031988
29031989
29031990
29031991
29031992
29031993
29031994
29031995
29031996
290377
290378
290379
290380
290381
290382
290383
290384
290385
290386
290387
290388
290389
290390
290391
290392
290393
290394
290395
290396
2904
29041980
29041982
29041983
29041984
29041985
29041986
29041987
29041988
29041989
29041990
29041991
29041992
29041993
29041994
29041995
29041996
290478
290479
290480
290481
290482
290483
290484
290485
290486
290487
290488
290489
290490
290491
290492
290493
290494
290495
290496
290497
2905
29051980
29051981
29051983
29051984
29051985
29051986
29051987
29051988
29051989
29051990
29051991
29051992
29051993
29051994
29051995
29051996
290576
290577
290578
290579
290580
290581
290582
290583
290584
290585
290586
290587
290588
290589
290590
290591
290592
290593
290594
290595
290596
2906
29061980
29061981
29061982
29061983
29061984
29061985
29061986
29061987
29061988
29061989
29061990
29061991
29061992
29061993
29061994
29061995
29061996
290676
290677
290678
290679
290680
290681
290682
290683
290684
290685
290686
290687
290688
290689
290690
290691
290692
290693
290694
290695
290696
2907
29071977
29071980
29071981
29071982
29071983
29071984
29071985
29071986
29071987
29071988
29071989
29071990
29071991
29071992
29071993
29071994
29071995
29071997
290777
290778
290779
290780
290781
290782
290783
290784
290785
290786
290787
290788
290789
290790
290791
290792
290793
290794
290795
290797
2908
29081982
29081983
29081984
29081985
29081986
29081987
29081988
29081989
29081990
29081991
29081992
29081993
29081994
29081995
29081996
290877
290878
290879
290880
290881
290882
290883
290884
290885
290886
290887
290888
290889
290890
290891
290892
290893
290894
290895
290896
2909
29091977
29091978
29091979
29091980
29091981
29091982
29091983
29091984
29091985
29091986
29091987
29091988
29091989
29091990
29091991
29091992
29091993
29091994
29091995
290976
290978
290979
290980
290981
290982
290983
290984
290985
290986
290987
290988
290989
290990
290991
290992
290993
290994
290995
291
2910
29101978
29101979
29101980
29101981
29101982
29101983
29101984
29101985
29101986
29101987
29101988
29101989
29101990
29101991
29101992
29101993
29101994
29101995
29101996
29101997
291076
291077
291079
291080
291081
291082
291083
291084
291085
291086
291087
291088
291089
291090
291091
291092
291093
291094
291095
2911
29111980
29111982
29111983
29111984
29111985
29111986
29111987
29111988
29111989
29111990
29111991
29111992
29111993
29111994
29111995
291175
291177
291178
291179
291180
291181
291182
291183
291184
291185
291186
291187
291188
291189
291190
291191
291192
291193
291194
291195
291196
2912
29121978
29121979
29121981
29121982
29121983
29121984
29121985
29121986
29121987
29121988
29121989
29121990
29121991
29121992
29121993
29121994
29121995
29121997
291278
291279
291280
291281
291282
291283
291284
291285
291286
291287
291288
291289
291290
291291
291292
291293
291294
291295
291296
2918
291982
291983
291984
291985
291986
291987
291988
291989
291990
291991
291992
291993
292
292513
292814lolo
2929
292929
29292929
2930
29512951
29662012
297
2971
29710455d
2972
2992
299792458
29gepc7uxv
29rsavoy
2ak7natf2d
2angels
2babies
2bad4u
2beornot2be
2bfiy28byl
2blessed
2bon2b
2boobies
2bornot2b
2brothers
2children
2cool4school
2cool4u
2cool4you
2cute4u
2cute4you
2cxdn8s271
2daughters
2doggies
2dragons
2dumb2live
2ealtd3y4y
2fast2furious
2fast4u
2fast4you
2friends
2fs2tw6kwh
2gelaf3h4a
2gether
2gether4ever
2girls
2good4u
2good4you
2h7hb8kcup
2h7vkzo266
2happy
2hdq6c9azv
2hearts
2hgfhfghfgdfg
2hot4u
2hot4you
2ijdkb11gi
2k5
2kittens
2kitties
2kool4u
2kx5eu8rxb
2lh8iswf5i
2lovers
2million
2monkeys
2morrow
2much4u
2muchfun
2n6ezl7xhp
2ndchance
2nqw7a1517
2o8uhinl5t
2pac
2pac2pac
2pac4ever
2pac4life
2pacshakur
2password
2ps5wlc4xq
2puppies
2q2w3e8r5t
2q3w4e5r
2qd6ywa2bl
2qefx7t3sy
2qfy9x4ufs
2rjrboj53u
2roh8tl433
2s5g3urxix
2sexy4u
2short
2shotniy
2sisters
2smart4u
2so8oygk9g
2sweet
2sweet4u
2tfgf617vrhjh
2tjnzkm
2twins
2udhzc2g3l
2vh6uais8i
2w2w2w
2w2w2w2w
2w3e4r
2w3e4r5t
2w3e4r5t6y
2wsx
2wsx1qaz
2wsx2wsx
2wsx3edc
2wsxcde3
2wsxxsw2
2wsxzaq1
2wwerty1
2xtreme
3
3.14159
3.1415926
3.14159265
3.141592654
30
300
3000
300000
30003000
3000gt
3001
30011978
30011980
30011982
30011983
30011984
30011985
30011986
30011987
30011988
30011989
30011990
30011991
30011992
30011993
30011994
30011995
30011996
30013001
300179
300180
300181
300182
300183
300184
300185
300186
300187
300188
300189
300190
300191
300192
300193
300194
300195
300196
300197
3002
3003
300300
30031976
30031977
30031978
30031979
30031980
30031981
30031982
30031983
30031984
30031985
30031986
30031987
30031988
30031989
30031990
30031991
30031992
30031993
30031994
30031995
30031996
30033003
300377
300378
300379
300380
300381
300382
300383
300384
300385
300386
300387
300388
300389
300390
300391
300392
300393
300394
300395
300396
3004
300400
30041978
30041979
30041980
30041981
30041982
30041983
30041984
30041985
30041986
30041987
30041988
30041989
30041990
30041991
30041992
30041993
30041994
30041995
30041996
30041997
30043004
300476
300477
300478
300479
300480
300481
300482
300483
300484
300485
300486
300487
300488
300489
300490
300491
300492
300493
300494
300495
300496
300497
3005
300500
30051979
30051980
30051981
30051982
30051983
30051984
30051985
30051986
30051987
30051988
30051989
30051990
30051991
30051992
30051993
30051994
30051995
30051996
30051999
300575
300576
300577
300578
300579
300580
300581
300582
300583
300584
300585
300586
300587
300588
300589
300590
300591
300592
300593
300594
300595
300596
3006
300600
30061980
30061981
30061982
30061983
30061984
30061985
30061986
30061987
30061988
30061989
30061990
30061991
30061992
30061993
30061994
30061995
30061997
30063006
300676
300677
300678
300679
300680
300681
300682
300683
300684
300685
300686
300687
300688
300689
300690
300691
300692
300693
300694
300695
300696
300697
3007
30071979
30071980
30071983
30071984
30071985
30071986
30071987
30071988
30071989
30071990
30071991
30071992
30071993
30071994
30071995
30071996
300776
300777
300778
300779
300780
300781
300782
300783
300784
300785
300786
300787
300788
300789
300790
300791
300792
300793
300794
3008
300808
30081980
30081982
30081983
30081984
30081985
30081986
30081987
30081988
30081989
30081990
30081991
30081992
30081993
30081994
30081995
30081996
300876
300877
300878
300879
300880
300881
300882
300883
300884
300885
300886
300887
300888
300889
300890
300891
300892
300893
300894
300895
300896
3009
30091977
30091980
30091981
30091982
30091983
30091984
30091985
30091986
30091987
30091988
30091989
30091990
30091991
30091992
30091993
30091994
30091995
30091996
300976
300980
300981
300982
300983
300984
300985
300986
300987
300988
300989
300990
300991
300992
300993
300994
300995
300996
301
3010
30101978
30101979
30101980
30101981
30101982
30101983
30101984
30101985
30101986
30101987
30101988
30101989
30101990
30101991
30101992
30101993
30101994
30101995
30101996
30101998
30103010
301070
301077
301078
301079
301080
301081
301082
301083
301084
301085
301086
301087
301088
301089
301090
301091
301092
301093
301094
301095
301096
3011
30111982
30111983
30111984
30111985
30111986
30111987
30111988
30111989
30111990
30111991
30111992
30111993
30111994
30111995
30113011
301176
301177
301178
301179
301180
301181
301182
301183
301184
301185
301186
301187
301188
301189
301190
301191
301192
301193
301194
301195
301196
3012
30121978
30121980
30121981
30121982
30121983
30121984
30121985
30121986
30121987
30121988
30121989
30121990
30121991
30121992
30121993
30121994
30121995
30121996
30123012
301275
301276
301277
301278
301279
301280
301281
301282
301283
301284
301285
301286
301287
301288
301289
301290
301291
301292
301293
301294
301295
301296
3013
301301
3015
302
3020
302010
3021
3022
302302
303
3030
30303
303030
30303030
3031
303132
3033
303303
303677
304
3040
304050
304304
305
305305
306
3060
306090
30624700
306306
307
307307
308
308308
309
309309
30media
30seconds
30secondstomars
31
31.05.2014
310
3100
310000
3101
31011980
31011981
31011982
31011983
31011984
31011985
31011986
31011987
31011988
31011989
31011990
31011991
31011992
31011993
31011994
31011995
31011996
31011997
31013101
310176
310178
310179
310180
310181
310182
310183
310184
310185
310186
310187
310188
310189
310190
310191
310192
310193
310194
310195
310196
310197
3103
310310
31031981
31031982
31031983
31031984
31031985
31031986
31031987
31031988
31031989
31031990
31031991
31031992
31031993
31031994
31031995
31031997
31033103
310377
310379
310380
310381
310382
310383
310384
310385
310386
310387
310388
310389
310390
310391
310392
310393
310394
310395
310396
31043104
3105
31051979
31051980
31051981
31051982
31051983
31051984
31051985
31051986
31051987
31051988
31051989
31051990
31051991
31051992
31051993
31051994
31051995
31051996
31051997
31053105
310575
310576
310577
310578
310579
310580
310581
310582
310583
310584
310585
310586
310587
310588
310589
310590
310591
310592
310593
310594
310595
310596
310597
3107
31071979
31071980
31071981
31071982
31071983
31071984
31071985
31071986
31071987
31071988
31071989
31071990
31071991
31071992
31071993
31071994
31071995
31071996
31071997
310775
310777
310778
310779
310780
310781
310782
310783
310784
310785
310786
310787
310788
310789
310790
310791
310792
310793
310794
310795
310796
310797
310799
3108
31081977
31081980
31081981
31081982
31081983
31081984
31081985
31081986
31081987
31081988
31081989
31081990
31081991
31081992
31081993
31081994
31081995
31081996
31083108
310876
310877
310878
310879
310880
310881
310882
310883
310884
310885
310886
310887
310888
310889
310890
310891
310892
310893
310894
310895
310896
311
3110
31101977
31101978
31101979
31101980
31101981
31101982
31101983
31101984
31101985
31101986
31101987
31101988
31101989
31101990
31101991
31101992
31101993
31101994
31101995
31101996
31103110
311076
311077
311078
311079
311080
311081
311082
311083
311084
311085
311086
311087
311088
311089
311090
311091
311092
311093
311094
311095
311096
3111
3112
311200
31121979
31121980
31121981
31121982
31121983
31121984
31121985
31121986
31121987
31121988
31121989
31121990
31121991
31121992
31121993
31121994
31121995
31121996
31121999
31122003
31122008
31123112
311275
311276
311277
311278
311279
311280
311281
311282
311283
311284
311285
311286
311287
311288
311289
311290
311291
311292
311293
311294
311295
311296
3113
311311
31133113
3114
3115
312
3120
31203120
3121
31213121
3122
3123
312312
31233123
3124
3125
3128
313
3131
313129btd
313131
31313131
3132
313233
3133
313313
313354
31337
3135134162
3135722
314
3141
31413141
31415
314159
3141592
31415926
314159265
3141592653
31415926535
3141592654
31415927
3142
314314
3145
315
31503150
3151020
31523152
315315
3155
3155530
315920
316
316293
316316
316497
317
317317
317537
318
3182
318318
319
319319
32
320
3200
320000
3200143
3201
320320
321
3210
321000
32103210
3211
321123
321123321
32113211
3212
32123212
321234
3213
321321
321321321
321321a
3214
32143214
321456
321456789
321456987
3214789
32147896
321478965
3215
32153215
3215987
3216
32163216
321654
3216541
32165498
321654987
3216549870
321654987a
32167
3216732167
321677
321678
3216789
321789
321987
321987654
321abc
321cba
321ewq
321ewqdsa
321meins
321pski285
321qaz
321qwe
322
3220
3221
32213221
322223
3223
322322
32233223
3225
323
3230
32303230
3231
32313231
3232
323232
32323232
3233
323323
32333435
3234
323456
3236
324
3241
324324
3245
324889
324esmsko12
325
3250
32503250
325325
3254
3256
32563256
3258
326
326159487
32615948worms
326326
3263827
3264
3265
326598
327
327327
328
3282
3283
328328
3288
329
329210b
329329
32sy4rdqjv
33
330
3300
330033
3303
330330
331
3310
33103310
3311
331122
331133
33113311
3312
331234
3313
331331
3315
332
3321
33213321
3322
332211
33221100
332233
33223322
3323
332332
33233323
332335
3325
3326
333
3330
333000
333001qwerty
3331
333111
333123
3332
333221
333222
333222111
3333
33333
333331
333333
3333331
3333333
33333333
333333333
3333333333
333333333333
333333a
33334444
3334
333444
3334444
333444555
333555
333555777
3336
333666
333666999
3337
333777
333777333
333888
3339
333999
334
3343
3344
334433
33443344
3344520
3344521
334455
33445566
3345
3345678
335
335335
3355
335533
33553355
335577
336
3362
3363
336336
3366
336633
33663366
336699
336874
3369
33693369
337337
3377
337799
33788900hhh
3383
3388
33883388
3393
3396815
3399
33rjhjds
34
3400
34044125
341
3411
3412
34123412
342
3421
3424
3425
343
3434
343434
34343434
3435
343536
344
34416912
3443
3444
344eff2f
345
3452
34523452
345345
345345345
3454
345543
3455436qaa
3456
34563456
34567
345678
3456789
34567890
346
347
347347
3474
3478
34erdfcv
35
3500
350350
351
3510
3512
351351
3515
35153515
352
352352
3525
353
3535
353535
35353535
3538
35383773
354
354313
354354
355
3553
355355
355355wert
3555
356
356356
357
3570
3571138
357159
357357
357357357
3577
357753
3578
3578951
357896
3579
35793579
357951
357mag
357magnum
358358
35943594
35qok6upsr
360
3600
360360
360flip
360modena
3615
3618
362
362362
3624
362436
3625
362514
362517www
362951847
363
3636
363636
36363636
365
365214
365365
3654
3663
366366
3666
3669
369
3690
36903690
3691
36912
3691215
369121518
369123
369147
3692
369258
369258147
3692581470
369258147a
3693
369369
369369369
3695
3696
369741
3698
369852
3698521
369852147
36987
369874
3698741
36987410
36987412
369874125
3699
36993699
369963
36bby4qnvf
36chambers
36mafia
3700
370000
3711
3721
37213721
37323732
3733
3737
373737
37373737
3773
3777
378378
3791
37913791
379379
3800
3825
38253825
38317
3838
383838
38383838
3838438
384209
386
3866664
3891
38913891
38gjgeuftd
38popugaev
38sl1jeyzc
38special
3927
3939
393939
39393939
3939889
3a3ffwb978
3amigos
3angels
3ans97t397
3b44c1939
3babies
3blindmice
3brothers
3cfe170c
3children
3d8cubaj2e
3daughters
3daysgrace
3doorsdown
3dpdjj5q9n
3dsmax
3e2w1q
3e4r5t
3e4r5t6y
3edc3edc
3edc4rfv
3edcft6
3edcvfr4
3ehd1ixi1y
3etdd5trqd9w8g
3f3fpht7op
3ffu7awp6z
3fozaqb33q
3gbdwca496
3girls
3jp3hxs587
3ki42x
3kids
3kids4me
3kings
3kitties
3l3phant
3lctb58lip
3miyp1f697
3monkeys
3nc5da4uar
3odi15ngxb
3pointer
3qdlqb49js
3qvn5k4qgv
3r1bvjpn7i
3rjs1la7q
3rjs1la7qe
3s43pth5aea
3sisters
3stooges
3syqo15hil
3tutso24qf
3u7wrkaa8j
3ul3b6dtlt
3usvjl6x1r
3vd8sd12
3vf9o7wohf
3w7jd2tktw
3wuk4gpz1u
3wxy7ce454
3x7pxr
3yixda15hr
4
4&use24hyyj
400
4000
400000
4001
4002
40028922
4004
400400
40044004
4009
401
4011
4012
402
4020
403
4030
404
4040
404040
40404040
4040782as
404404
405
4050
405060
406
407
4071505
4077
4077mash
4079
4080
40974097
410
4100
410000
410410
411
4111
4112
411255
4114
411411
412
4121
41214121
4123
41234123
412412
4125
41254125
412563
4126
41264126
4128
413
4130
413413
413958dho9633
414
4141
414141
41414141
4142
414243
4144
414414
415
4152
415263
415415
41563445
416
416416
417
417417
4179love
419
419419
41eitues8a
420
4200
420000
420024
4201
420247
420420
420420420
4204life
4206
420666
4209211
420allday
420smoke
420time
420weed
421
4210
4211
421111
4212
4213
421421
422
4220
4221
4222
4222570
4224
422422
42244224
4225
423
4231
42314231
423423
424
4242
424242
42424242
4242564
4243
424343abc
4244
425
4252
425425
4255
4256
426
426361007
426426
4268
42684268
4269
426hemi
427
427cobra
427wgsthwc
428
4293
4294967296
429624
42lij7sxuc
43046721
4311
4312
4313
4316
432
4321
43211234
43214321
432156
43215678
4321dcba
4321qwer
4321rewq
4324
432432
4343
434343
43434343
4352abct
4391634m
44
4400
4404
4411
4412
4414
4416
44164416
442
4420
4422
442244
4423
44234423
4424
442442
4432
4433
443322
44332211
444
444111
444222
4443
444333
4444
44444
444444
4444441
4444444
44444444
444444444
4444444444
44445555
44447777
44448888
4445
444555
444555666
444666
444719
444777
444888
445
4454
4454708
4455
445544
44554455
445566
44556677
4456
4466
446688
446a12100c856ce9
4474
4477
4484
4486
4488
44884488
44magnum
45
450
4500
450000
450450
451
4510
4511
4512
451236
45124512
451451
451d6b47123
452
4520
4521
45214521
4523
45234523
452452
4525
453
454
45445678
4545
45450721
45454
454545
45454545
4545454545
4546
45464546
454647
4547
455
4554
455445
45544554
455455
4555
4556
456
4560
4561
45612
456123
4561230
45612300
4561231
456123456
456123789
456123a
456159
4562
456258
4563
456321
4563210
456321789
45634563
4564
456456
4564561
456456456
456456a
4565
45654565
4566
456654
456654456
4567
45674567
45677654
45678
456789
4567890
4567891
45678910
456789123
4567891230
4568
456838
45683968
456852
4568520
456852123
456852a
4569
456963
456987
456987123
456asd
457
4570
4578
458
4580
4582
458458
4585
4587
45874587
4588
4589
459459
45m2do5bs
45rtfgvb
460
461
46253669
4637324
464
4646
464646
46464646
4649
46494649
46495963
465
4653
465465
4663
4664
46709394
468
4682
46824682
468255
4691
46and2
471
4711
47110815
47114711
472
472161rr
47374795
4747
474747
47474747
475869
4760681a
4774
4780july5604
4789
4791
47cnp7qzpx
481
481516
48151623
4815162342
4815162342a
4815162342lost
4815162342q
4815926
4848
484848
48484848
486
4860
4862
48624862
48625
486255
486486
4865
4869
48694062
48694869
4884
4891
4896
492529
4930321
4949
494949
49494949
4989
49894989
49ers
49ers1
4=
4angels
4apu7f4oeq
4b6pjp6ehj
4brothers
4children
4christ
4ever
4ever1
4everlove
4evermore
4everyoung
4everyours
4fkdgo
4foygsi978
4freedom
4friends
4g3uvrxn7w
4getmenot
4girls
4given
4horsemen
4jesus
4jpf7vgq2u
4kids
4me2know
4me2no
4meonly
4money
4monkeys
4mutdfgvtp
4myfamily
4mykids
4myspace
4nfq3jq4rt
4qce14vqgr
4r3e2w1q
4r5t6y
4r5t6y7u
4rfv5tgb
4rfvbgt5
4runner
4seasons
4sisters
4success
4thehorde
4thekids
4twenty
4vbvj3bs1s
4vgyvq46aj
4vk3rtbi9b
4wheeler
4x8cfp6dyi
4xxlqu94yo
4yltooz434
5
50
500
5000
50000
500000
5001
5002
5004
5005
500500
500600
501
5011
5012
501501
502502
503503
504504
505
5050
50505
505050
50505050
5055
505505
506
506070
50cent
50cent123
50cent50
50cents
50cnraho
50host
510
5100
5101520
5102500
510510
511
5115
511511
51155115
512
5120
51201314
5121314
5121472
5123
512345
51235123
512512
513
513513
514
514514
515
5150
515000
515051
51505150
5151
515151
51515151
5152
515253
51525354
5152535455
51535759
5155
515515
516516
5168
51685168
516888
517
517517
518
518518
518518rich
518888
519519
51fqxqx2zw
520
5200
520000
52001314
520025
52005200
520123
5201314
5201314.
52013140
5201314520
5201314a
5201314aa
5201314qq
520134
5203344
520520
520520520
520521
520530
521
5210
521000
52105210
5211
521118
521125
5211314
52115211
5213
521314
5213344
52135213
5214
52145214
52145874
521478963
521520
521521
521521521
522
5221
5223
5225
522522
52255225
523
523252
5233
5234
523456
523456789
523523
5236
523698741
524
524524
524645
525
5252
525252
52525252
5253
5254
5254143
52545658
52545856
5255
525525
5256
52565854
526
526282
5263
52635263
526452
526526
527527
528
5280
528528
529529
52xmax
530033dbrf
530530
5309
531
531129
531531
5321
53231323
5324
5324353
532532
5333
5335
535
5353
535353
53535353
5354
535535
5366
5377
54
5408
5410
5411
5412
541236
541236987
54125412
541541
541788
541882
541999qq
5420
5421
5424
5425
542542
543
5432
54321
543210
543211
5432112345
5432154321
543216
54321a
54321q
5433
5435
543543
5445
5446
545
5454
545454
54545454
5455
545545
5456
54565456
5456556
54585652
546
546213
5464
54645645645
5465
546546
5472
5477
5478
547896321
5482
55
550
5500
550055
5501
5505
550550
551
5510
5511
5512
5515
551976ms
552
5521
5522
552200
552211
552233
552255
55225522
55235523
5525
552552
55255525
553
5533
5535
55378008
554
5544
554433
55443322
5544332211
554455
55445544
554466
5545
555
555000
5550123
5550666
555111
5551212
555123
555222
555333
555444
5555
55554444
55555
555551
555555
5555551
5555555
55555555
555555555
5555555555
55555555551
555555555555
555555a
555556
5555566666
55555a
55555q
55555qqq
55556666
55558888
5556
555666
555666777
5556726q
555777
555777ok
5558
555888
555999
555nase
556
5565
556556
5566
556644
556655
55665566
556677
55667788
5566778899
556688
556699
5567
5567850
5569
5575
5577
5577123
557799
558
5585
558558
5588
55885588
558870
558899
55935ser
5599
55chevy
55cwszsw2l
56
561
5615
562
5623
56235623
5632
563214789
5633634
5639
564
564321
564335
564564
5646
56465646
564738
5647382910
565
5654
565491d704013245
565565
5656
56565
565656
56565656
5657
565758
5658
5665
56655665
566566
5666
567
5673
5674
567567
567567567
567765
5678
56781234
56785678
56789
567890
5678901
567891
5678910
567tyu
5683
56835683
5683love
568568
5689
568923
56895689
5691
569874
569874123
56tyghbn
571571
571632
5757
575757
57575757
5758
575859
5775
5791
57chevy
57d1v998
5800
58260000
584131420
584131421
5841314520
5841314521
584201314
584211314
584520
5845201314
584521
5845211314
585
58545256
58565254
585654fb
5858
585858
58585858
5859
586245
586586
5885
588588
5891
589589
589632147
594love168
5955016
5959
595959
59595959
5963
59635963
59mile
59trick
5ac1e8aa7ab1ad45
5alive
5asokxt78x
5barh5i7ck
5children
5cnopo8d5r
5d2e19393cc5ef67
5e4wwruh7i
5element
5f5ldgqd1b
5fingers
5glke377
5h3pyh3ifr
5haw9sf4rt
5haw9sf4rv
5jn16uxpid
5monkeys
5p9grorp6o
5pbwa7f9xs
5pgtrw4x1g
5poppin
5qf9lzgn3y
5qveyg8f2k
5qwrtyu
5r4e3w2q
5r4e3w2q1
5rq82lhexp
5se4apv2cc
5snn2kf5yn
5starchick
5stars
5t4r3e2w1q
5t63ofrpwt
5t6y7u
5t6y7u8i
5tarwar5
5tgb6yhn
5tgbnhy6
5times
5uperman
5utxopi45k
5x0y78
5xfgs3ii9d
5xq57cgseb
5y5t3m
5ytn0x65
5z1goug1zj
6
600
6000
60000
600000
6006
600600
602
6031769
606
6060
606060
60606060
606606
607
610
610610
611
6116
611611
612
6121888
612345
612612
613
613613
614957qwe
615243
615615
616
6161
616161
61616161
6162
616263
616616
6173580
618618
61892
619
619619
619619619
619916
619rey
620620
621
6212168
621621
622
623
6230
62336233
623623
624
624080
624624
625
625625
626
6262
626262
62626262
6263
62636263
6264
6266
626626
6275725
628628
6288
6300
630112
630630
6318bf7b
6321
6323463
63245009
6336
6345789
635241
636119
6363
636322
636363
63636363
6369
6420
6425
6435
6446
645
6453
645645
6464
646464
64646464
64enzarl4o
64impala
64t3zawonz
6535
6536
654
6541
654123
654258
6543
654312
65432
654321
6543210
65432100
6543211
654321123456
654321654321
654321987
654321a
654321aa
654321abc
654321q
65432a
654456
654654
654654654
654789
654852
654987
654987321
655321
6556
656
6565
656565
65656565
6566
65mustang
66
6600
660066
66006600
6611
661944
6633
663366
665
6655
665544
665566
6659
666
6660
666000
6661
666111
666123
66613
6661313
66613666
666222
666333
666420
666444
666555
6666
66666
666666
6666661
6666666
66666666
666666666
6666666666
666666666666
6666666666empulgara
6666667
666666a
666666q
666666qq
666666s
666667
66667777
66668888
66669999
6667
666777
666777888
666777tz
666888
6669
666999
666999666
666aaa
666abc
666beast
666devil
666hell
666satan
666xxx
6676
6677
6677028
667788
66778899
6678
668668
6688
66886688
668899
6696
6699
669966
66996699
66bob
66mustang
671164796
6717171
67236723da
6751520
6767
676767
67676767
676869
6776
678
678678
678876
6789
67890
678900
678901
678910
67896789
6789998212
67camaro
67mustang
67shelby
6811111
682
6820055
6868
686868
68686868
6869
6886
6891
68916891
68camaro
68iypneg6u
68mustang
68rabred
69
6900
691b4dd30ff92343
69236923
6942
695847
696
6969
696969
6969691
69696969
6969696969
6971
6977
6996
699669
69966996
69camaro
69charger
69chevelle
69dude
69e5d9e4
69eyes
69mustang
69qd5cgxhu
6acaxa54be
6cctbbk516
6children
6d2-24e5r
6e48atr8
6fo4xign2p
6g8nhuq8ww
6hbf28w791
6hw9yv4cst
6hyltx92dg
6jln4rux6y
6knezj8c7f
6letters
6lfxlo629ui
6qd7sa2b
6s9pbwpo6s
6string
6strings
6u2irin1xa
6uldv8
6v21wbgad
6y5t4r3e2w1q
6y7u8i9o
6yhn7ujm
6yhnmju7
7
70
700
7000
70000
700000
7001
7007
700700
7008
701
7024371253
705
707
7070
70707
707070
70707070
707707
708090
709394
70chevelle
71
710
710710
711
7110
7111
7117
711711
712
7123
712712
713
713713
714
7142128
71466
714714
7153
717
7171
717171
71717171
7172
717273
717717
718293
718293456
71hr4jgep
71hu3kdhfo
71ujedunyg
720720
721
7210
721521
721721
722
7221
7227
723
725
7253497a5e31bd64
7253497a5e31bd641
7264
727
7272
727272
72727272
727727
72pdixrv8b
731
731731
7337
73501505
7355608
7373
737373
73737373
7374
737kkblskv
7394okdt
7399
73duster
73jagtk4q
73jagtk4qa
73p7svu585
741
7410
741000
74100147
741023
7410258
74107410
7410852
74108520
741085209630
7410852963
7411
741123
741147
7412
74123
741230
741236
7412369
74123698
741236985
741236987
741258
741258963
74127412
741369
7414
741456
741456963
7415369
7415963
741741
741741741
741852
7418520
7418521
74185296
741852963
7418529630
7418529631
741852963a
741852963q
741852963z
741953
741963
741963456
7419635
741963852
7420and
742141189
742617000027
7447
7448
745896
7467
746997643
747
7470402kisss
7474
747400
747474
74747474
7475
7477
747747
748159263
748596
748596123
748748
74a82s78
74dga3nvti
75
750
7500
751953
753
7531
753123
753159
753159456
753159852
7532
753214
7532159
753357
753421
753698
753753
753753753
753951
7539510
75395100
7539511
753951123
753951456
753951456852
7539515
753951753951
7539518426
753951852
753951852456
753951a
753dfx
7546
7550055
7555545
7575
757575
75757575
7577
757757
759153
761311
7646
7647
765
7654
765432
7654321
76543210
76543211
7654321a
7654321q
765765
7667
7676
767676
76767676
7677
76sunsdi
77
770
7700
770077
7707
770770
770880
771
7711
771177
7712
771977
7722
7732844
7733
7734
77347734
7744
774411
77441100
77448965tony
7749
775
7753191
7755
775533
775577
7758258
7758520
7758521
77585210
7758521a
7758991
77641176
7764119
776655
777
7770
777000
7771
777111
777123
777222
777333
777444
777555
777555333
7776
777666
7777
77777
777771
777777
7777771
7777777
77777771
77777777
777777777
7777777777
777777777777
77777778
7777777a
7777777d
7777777m
7777777q
7777777s
7777777z
777777a
77778888
7778
777888
777888999
7779
7779311
777999
777angel
777vlad
778
7782277
7783757s
7787
7788
7788250
7788414
7788520
7788521
778877
77887788
778899
77889900
77889944
778899a
7789
7791
779695
7799
779977
78
780215
7812
781227
7820280
7845
784512
7845120
784512963
784533
784951623
785
7852
785214
7854
785412
7856
785612
785623
786
7860
786000
7861
786110
786123
7867
786786
786786786
786allah
786bnfst
787
7877
7878
787878
78787878
7878978
787898
78789898
787899
7879
7887
7889
789
7890
789000
789012
78907890
7890uiop
7891
78910
7891011
789123
789123456
7891235
78917891
789321
7894
78945
789456
7894561
78945612
789456123
7894561230
78945612300
78945612301
7894561231
789456123a
789456123m
789456123q
789456123qwe
789456123z
789456321
789456789
789456a
789456q
789456qwe
7895
7895123
78951230
789512346
789512357
7895123a
7895123z
78952
789520
789521
789551
7896
78963
789632
7896321
78963214
789632145
789632147
789654
7896541
78965412
789654123
7896541230
7897
789741
789789
789789789
789789zz
7898
789852
789852123
7899
789963
789987
789987789
789qwe
78yayjn5rl
79045678
791010
791022
791023
79107910
7913
79137913
79221129
7942
794613
7946130
794613258
7946135
794613852
7979
797979
79797979
7980
798465132
7997
79qgsd3qgi
7bxw3jt4ww
7d5d3wdkpi
7dtgc7h7qu
7e9lng4fc04
7e9lnk3fc00
7e9lnk3fc01
7e9lnk3fc1
7e9lnk3fco
7e9lnk3fcz
7e9lnk55fcgg
7e9lnkd3fc01
7ed9b31268aa2b8a
7ee5fcdb
7ee5s6bsft
7elephants
7eleven
7erq8to5bh
7f4df451
7fbj7gto1j
7fkhp3gu9g
7fkhp3gu9g1
7fperlangel
7gpwys2u7y
7heaven
7jguz5yj3h
7jokx7b9du
7kklgc5l4j
7llbtg8133
7lw7j1xppi
7n31egdnoj
7n31egdnol
7n6xxtt5gf
7nc4lqw7to
7o9kbz8vvz
7p1gyz8low
7p6jwqs5dh
7q9tygp3eo
7qbyxw87xc
7rpza9v8qj
7samurai
7seven
7seven7
7sfqc8zi5d
7sjky82afk
7so2ekbc6r
7thheaven
7u8i9o0p
7ugd5hip2j
7uqbwx8n4z
7us20
7v2ozeo6ri
7v8bv5teow
7wkn5uk642
7x9of5jgfc
7z8bj7hjlx
7zzuo24nji
8
80
800
8000
80000
800000
8001
800620
8008
800800
8008208820
80088008
801
801010
8011
801123
801212
801825a
8023
805
8055
806
808
8080
80808
808080
80808080
8081
8088
808808
808state
809
810
810810
811
811020
811025
811118
8118
812
812812
8129994f555
813813
815
815815
81726354
8181
818181
81818181
8182
818283
818457
818818
820
820820
821
8210
821010
821015
821016
821018
821024
821025
821026
821028
821125
821128
821129
8212345
8246
82465
824655
82466428
82468246
825825
827ccb0eea8a706c4c
8282
828282
82828282
8284
82z1nttiuh
831
831012
831024
831101qsl
83773049
837829318
8383
838383
83838383
840209
841010
841023
841024
841025
841026
841028
841029
84131421
8421
8426
84265
842655
84268426
844079dima
84569280
8462
84628462
8484
848484
84848484
848586
8486
849yhicpjh
851010
851023
851120
851125
851212
851216
851230
852
8520
852000
85200258
8520123
8520258
8520456
85207410
85208520
8521
852123
852147
8522003
852258
8523
852369
852456
8524561
852456123
852456753951
8524567913
852456852456
852456951753
852456a
85246
852654
852741
852741963
852852
852852852
852963
852963741
8542340
8556889
8585
858585
85858585
8586
85bears
85qgsd3qgi
85redkik
8602229096klo
86026403
861120
86248624
86306108
8642
86428642
8657
8675309
8675309a
8686
868686
86868686
8691
86rzogzb8v
8701
870621345
87511pos
875421
8757
876
8765
87651234
87654
876543
8765432
87654321
876543210
876543211
87654321a
87654321q
876876
8787
878787
87878787
8788
879546213
879879
88
880
8800
88002000600
88005553535
880088
880124a
8808
880808
880818
881
881010
881018
88108810
8811
881122
881123
881125
8811967
881212
881218
881226
8815869
881988
8822
88224646
88238823
8844
8848
88488848
8855
885522
88552200
885588
8866
8868
886886
8877
887766
8878
888
888000
888111
888168
888222
8883
888333
888444
888555
888666
888777
888777-
8888
88888
888881
888888
8888881
8888888
88888888
888888881
888888888
8888888888
88888888881
88888888a
888889
88889999
8889
888999
8890
8898
889889
8899
889900
8899174
889977
889988
88998899
88ggox8oug
88keys
88mustang
88ocp1jpas
89
890
8900
890098
890123
89066332577q
8908583111q
890890
890890890
890iop
891
8910
891011
89186612525
892
89200737307
89216279708a
8924611qwe
892892
8933959
895
8956
895623
896
89631139
898
89831640564andr
8989
898989
89898989
8998
89mustang
8ba9klw1ce
8ball
8balls
8cb65a907f14d60005
8cglg32vai
8d1x7svgyr
8dl9jilf8z
8e624ddf
8fj1kpy2ri
8hgy16vqvq
8hur3pk8ed
8i2mwyea
8i9o0p
8inches
8isgreat
8ivcc6pq8c
8ix6s1fceh
8kd5ar1fpv
8ki4u2fhxc
8ko8g3fatl
8kv1ifz5cp
8letters
8minute
8nzh1gau6p
8odvo4ds8k
8oqokoq712
8phrowz615
8phrowz622
8phrowz624
8psrowz615
8rl9gyie6v
8rlb9l1squ
8seconds
8uxzd1b3bd
8wwh19duyj
8xcxfik18z
8xh7sih3ha
8xs8gtug7s
8zwiuf43fn
9
9-11-1961
90
900
9000
900000
9001
9004
9009
900900
90099009
901
902
90210
902100
9021090210
902860
903
905
906
906090
907907907
908
90801
908070
9086916264
909
9090
90909
909090
90909090
9090909090
909909
91
910
910910
911
9110
911007
9111
911111
911119
91119
9111961
9119
911911
911911911
911turbo
911yana777
912
912345
912912
913
913913
916
916916
918
918273
91827364
918273645
9182736455
918918
919
9191
919191
91919191
919293
919864232z
91hxbebw3k
92
920
920920
921
9211
922
923
92631043
92702689
928
928928
9292
929292
9293709b13
9295
92dk2cidp
92k2cizcdp
93
9333
934bdtnynu
934texas
9379992
9379992a
9379992q
938271
9393
939393
9494
949494
95
951
9510
951123
951159
95123
9512357
951236
951357
951623
951753
9517530
9517531
951753123
951753456
951753654
951753852
951753852456
951753a
951753aa
951951
951951951
95279527
9562876
9595
959595
95959595
95mustang
962464
963
9630
96309630
963123
963147
9632
96321
963210
963214
9632147
96321478
963214785
963214789
963258
963258741
9632587410
963321
963369
963741
963741852
963852
9638521
96385274
963852741
9638527410
9638527411
963852741a
963963
963963963
966
9669
968431187
968574
969
9691
9696
969696
96969696
9749676621ok
9753
97531
975310
976431
976431852
9768
978645312
9788960
9797
9797183185
979797
97979797
979899
97shrxtj1v
98
9800
98188729
9852a9
985632
985985
986532
986753421
987
987123
987123654
987321
987321654
9874
98741
987410
9874123
98741236
987412365
987456
987456123
987456321
9874563210
9875321
9876
98765
987651
987654
9876541
987654123
9876543
98765431
987654312
98765432
987654321
9876543210
98765432100
98765432101
9876543210a
9876543211
987654321123
987654321123456789
987654321a
987654321abc
987654321b
987654321d
987654321k
987654321m
987654321q
987654321s
987654321z
987654a
98766789
98769876
987789
987987
987987987
987aa124
9889
988988
989
9898
989898
98989898
9899
98mustang
99
9900
990099
99009900
990990
991
9911
991199
991991
994769487
995511
9966
9966288664
996633
996699
9977
998
9981
99819981
9987
9988
998800
998877
99887766
9988776655
998899
99889988
9989
998998
999
9990
999000
9991
999111
999123
9993
999333
999555
999666
999666333
999777
9998
999888
999888777
9999
99990000
99998888
99999
999991
999999
9999991
9999999
99999999
999999999
9999999991
9999999999
99999999991
999999999999
999999999a
999999a
99bottles
99mustang
99problems
99qfjrep5j
99ranger
99rhnffp5u
99xfxlo19ui
9bm555p111
9czz92ifuo
9dragons
9erxdo44zy
9fczhr6159
9fdt5fx2bk
9gw17ecqav
9gxu71gvsk
9hwe3s8ava
9i8u7y6t
9ijn8uhb
9inches
9inchnails
9itz78vufw
9lives
9n1vac6wgw
9nesj9s6uz
9rl2fuu964
9u28habxes
9uzp9jek3f
9wiqff6596
9xx7c8gseb
9yqss2h9ub
9z5ve9rrcz
9zyh3lz424
:
:ca
<a
<blank>
<password
<password>
?
??
???
????
?????
??????
???????
????????
?????????
??????????
???????????
????????????
???????????????
??????????????????
????????????????????????
??????????????????????????????
@!@
@@@@@@
@gmail.com
@gmail.com.mx
@hotmail.com
@yahoo.com
\
_
___
______
_d
_old
a
a!515253
a00000
a000000
a0000000
a00000000
a000000a
a010203
a0123456
a0123456789
a0987654321
a0a0a0
a0di8fwsuhj83
a1
a100200
a100b200
a101010
a102030
a110110
a11111
a111111
a1111111
a11111111
a111111111
a111111a
a111222
a112233
a11223344
a12
a121212
a12121212
a123
a1230123
a123098
a123123
a123123123
a123123a
a12321
a123321
a123321a
a1234
a12341234
a12344321
a12345
a123456
a123456.
a1234560
a1234566
a1234567
a12345678
a123456789
a1234567890
a123456789a
a123456789z
a12345678a
a12345678b
a1234567a
a123456a
a123456aa
a123456b
a123456s
a123456xxx
a123456z
a12345a
a12345aa
a12345b
a12348765
a1234a
a1234b
a123654
a123654789
a123654789a
a123698745
a123789
a123a123
a123a456
a123b123
a123b456
a123s456
a12b13c14
a131313
a1314520
a134679
a13579
a147258
a147258369
a147852
a159357
a159753
a18515
a1a1a1
a1a1a1a1
a1a1a1a1a1
a1a1a1a1q1
a1a2a3
a1a2a3a4
a1a2a3a4a5
a1a2a3a4a5a6
a1b1c1
a1b1c1d1
a1b2c3
a1b2c3d
a1b2c3d4
a1b2c3d4e5
a1b2c3d4e5f6
a1b2c3d4e5f6g7
a1b2c3d4f5
a1exander
a1l2e3x4
a1s1d1f1
a1s2d3
a1s2d3f4
a1s2d3f4g5
a1s2d3f4g5h6
a1s2d3f4g5h6j7
a1z2e3
a1z2e3r4
a1zg1h9suza
a22222
a222222
a2222222
a22ge2dmte
a2345
a23456
a234567
a2345678
a23456789
a2a2a2
a2a2a2a2
a2s3d4f5
a2sz123rp
a31415926
a321321
a33333333
a333444
a333888
a3eilm2s2y
a42904290
a441132b
a456123
a456456
a456789
a4b3c2d1
a4e3ty1qs
a4s5d6
a4tech
a5201314
a520520
a5211314
a54321
a55555
a55555555
a58wtjuz4u
a5978161
a5kf7rj4fv
a5shk5qn9a
a654321
a6543210
a666666
a696969
a6gqo3u4kl
a72yr5broe
a741852
a741852963
a753951
a7654321
a7758258
a7758521
a77777
a777777
a7777777
a777777777
a789456
a789456123
a7spl1uh1e
a7x4life
a801016
a84dlqr324
a8675309
a87654321
a888888
a88888888
a888999
a8n48zcyjw
a987654
a987654321
a98cqhb5ya
a99999
a999999
a9999999
a999999999
a9ebw4454tg
a9h3gvy9lf
aa
aa0000
aa000000
aa102030
aa1111
aa111111
aa1122
aa112233
aa11aa
aa11aa11
aa11bb22
aa1212
aa121212
aa123
aa123123
aa1231230
aa123321
aa1234
aa12345
aa123456
aa1234567
aa12345678
aa123456789
aa123456cc
aa135790
aa147258
aa224466
aa456852
aa5201314
aa54321
aa636119
aa654321
aa718026
aaa
aaa000
aaa111
aaa111222
aaa111aaa
aaa123
aaa123123
aaa1234
aaa12345
aaa123456
aaa123456789
aaa123aaa
aaa147
aaa222
aaa333
aaa555
aaa666
aaa777
aaa888
aaa999
aaaa
aaaa0000
aaaa11
aaaa1111
aaaa123
aaaa1234
aaaa12345678
aaaa2222
aaaa4444
aaaa6666
aaaa8888
aaaa9999
aaaaa
aaaaa1
aaaaa11111
aaaaa123
aaaaa12345
aaaaa5
aaaaa55555
aaaaaa
aaaaaa1
aaaaaa11
aaaaaa111
aaaaaa111111
aaaaaa12
aaaaaa123
aaaaaa6
aaaaaaa
aaaaaaa1
aaaaaaa7
aaaaaaaa
aaaaaaaa1
aaaaaaaa11
aaaaaaaaa
aaaaaaaaa1
aaaaaaaaaa
aaaaaaaaaa1
aaaaaaaaaaa
aaaaaaaaaaaa
aaaaaaaaaaaaaa
aaaaaaaaaaaaaaa
aaaaaaaaaaaaaaaa
aaaaaaaaaaaaaaaaaaaa
aaaabbbb
aaaassss
aaabbb
aaabbbccc
aaaddd
aaasss
aaasss123
aaasssddd
aaasssddd1
aaazzz
aabb1122
aabb1234
aabb12345
aabbcc
aabbcc11
aabbcc112233
aabbcc123
aabbccdd
aabbccddee
aachen
aakash
aaliya
aaliyah
aaliyah1
aaliyah123
aaliyah2
aaliyah22
aanchal
aanmelden
aap123
aapje123
aapjes
aaprintbb
aaqsqareeplq6
aar
aardbei
aardvark
aardvark1
aaron
aaron01
aaron1
aaron10
aaron11
aaron12
aaron123
aaron1234
aaron2
aaron431
aaronb
aaronc
aarons
aarthi
aaryan
aasdf56789
aass
aass1122
aassaa
aassdd
aassdd11
aassddff
aastha
aatest
aatf
aavlg728
aax2cu12xx
aayush
aayush2010
ab
ab12
ab123123
ab123123123
ab1234
ab12345
ab123456
ab1234567
ab12345678
ab123456789
ab12cd34
ab19861513
ab7f23rsv
aba
abab1122
ababab
abababab
abacab
abacabb
abacate
abacaxi
abacus
abaddon
abalorioabaloriobridget
abandon
abandonware
abarth
abayomi
abb
abba
abbaabba
abbadon
abbas
abbas123
abbasi
abbey
abbey1
abbey123
abbeyroad
abbie
abbie1
abbie123
abbigail
abbott
abby
abby11
abby12
abby123
abby1234
abbyabby
abbydog
abbygail
abbygirl
abc
abc.123
abc000
abc111
abc111111
abc112233
abc12
abc123
abc123!
abc123!@#
abc123#
abc123.
abc1231
abc123123
abc123321
abc1234
abc12345
abc123456
abc123456!
abc1234567
abc12345678
abc123456789
abc1234567890
abc123abc
abc123abc123
abc123def
abc123def456
abc123xyz
abc123zx3d56
abc147258
abc19842010
abc321
abc456
abc54321
abc654321
abc777
abc789
abc987
abc@#123
abc@123
abc_123
abcabc
abcabc1
abcabc123
abcabcabc
abcc1233
abccba
abcd
abcd0123
abcd1
abcd12
abcd123
abcd1234
abcd1234!
abcd12341
abcd12345
abcd123456
abcd1234567
abcd123456789
abcd2244
abcd4321
abcd5678
abcd888888
abcd@1234
abcdabcd
abcde
abcde1
abcde12
abcde123
abcde1234
abcde12345
abcde123456
abcdef
abcdef1
abcdef12
abcdef123
abcdef1234
abcdef12345
abcdef123456
abcdefg
abcdefg1
abcdefg12
abcdefg123
abcdefg1234
abcdefg12345
abcdefg123456
abcdefg1234567
abcdefgh
abcdefgh1
abcdefgh123
abcdefghi
abcdefghi1
abcdefghij
abcdefghij1
abcdefghijk
abcdefghijkl
abcdefghijklmnop
abcdefghijklmnopqrstuvwxyz
abcjme
abcxyz
abcxyz12
abcxyz123
abd
abd123
abd1996
abdallah
abdel
abdelkader
abdellah
abdou
abdoul
abdoulaye
abdul
abdul1
abdul123
abdula
abdulaziz
abdulla
abdullah
abdullah1
abdullah123
abdullahi
abe
abe123
abeceda
abegail
abeille
abel
abelardo
abella
abercrombi
abercrombie
aberdeen
aberdeen1
abfkrf
abgos999
abgrtyu
abhay
abhi
abhi123
abhi1234
abhijeet
abhijit
abhilash
abhilasha
abhimanyu
abhinav
abhinav123
abhishek
abi
abi123
abidjan
abigael
abigail
abigail01
abigail1
abigail12
abigail123
abigail2
abigail3
ability
abimbola
abiodun
abiola
abirami
ablz2d4k2s
abnormal
abo
abogado
abr
abracadabra
abraham
abraham1
abrakadabra
abrams
abraob11
abraxas
abrete
abretesesamo
abricot
abril
abrypa55
abs123
abscbn
absinthe
absolut
absolut1
absolute
absolute1
absolution
abstract
abu
abubakar
abudfv
abudhabi
abuela
abuelita
abuelo
abulafia
abundance
abuse_123456_abuse
abvlg728
ac
ac1234
ac123456
ac3sg728
ac3svlg728
acab1312
acacac
acacia
academia
academic
academy
academy1
acadia
acapulco
acc
acceber
accent
accenture
accept
access
access01
access1
access12
access123
access14
access2010
accessdenied
accesso
accessoweb
accident
accord
accord1
accord1234
account
account1
account123
accountant
accountblock
accounting
accounts
acdc
acdc12
acdc123
acdc1234
acdcacdc
acdcrocks
ace
ace123
ace1234
ace12345
aceace
acecombat
aceman
aceofspades
aceonline
acer
acer12
acer123
acer1234
aceracer
aceraspire
acerview
aces
aceshigh
acesso
acevedo
aceventura
ach
acheron
achiever
achille
achilles
achilles1
achmed
achraf
achtung
acid
acidburn
acidrain
acinom
acissej
ackerman
acm1899
acm1pt
acmilan
acmilan1
acmilan1899
acorn
acosta
acoustic
acoustic1
acquario
acrobat
act
actarus
acting
action
action1
action123
actionman
activate
active
activity
actlg728
actress
actros
acts238
acuario
acun3t1x
acura
acura1
acurarsx
ad
ad1234
ad123456
ad30sl1qs
ada
ada123
adaada
adaaja
adad1122
adadad
adadadad
adadeh
adaeze
adagio
adam
adam01
adam1
adam10
adam11
adam12
adam123
adam1234
adam12345
adam13
adam2000
adam2001
adam2002
adam2003
adam2004
adam2005
adam2008
adam21
adam22
adam23
adam2326
adam555
adam99
adamadam
adamadam1
adamant
adamas
adamek
adamko
adamlambert
adams
adams1
adams123
adamski
adamson
adamus
adana01
adanali
adarsh
adastra
adc123
add
addadd
addict
addicted
addicted1
addiction
addidas
addie
addison
addison1
addpeople15
address
address1
ade
ade123
adeade
adebayo
adebayor
adebisi
adebola
adebowale
adedayo
adedoyin
adekunle
adel
adela
adelaida
adelaide
adelaide1
adelante
adele
adeleke
adelheid
adelia
adelin
adelina
adelina1
adeline
adeline1
adelka
adelle
ademola
adenike
adeniyi
adeola
adeoye
adewale
adewunmi
adeyemi
adeyinka
adf8h4zikg73
adgjl123
adgjm
adgjmp
adgjmpt
adgjmptw
adgjmptw0
adgjmptw1
adgjmptw123
adhsdf455
adi
adi123
adiadi
adidas
adidas00
adidas01
adidas1
adidas10
adidas11
adidas12
adidas123
adidas1234
adidas13
adidas14
adidas2
adidas21
adidas22
adidas228
adidas23
adidas3
adidas69
adidas777
adidas88
adidas99
adidasf50
adidasnike
adidass
adik
adikako
adiksayo
adil
adina
adinda
adios
adithya
aditi
aditya
aditya123
adivina
adjust
adler
adler1
adm
adm123
admin
admin001
admin007
admin01
admin1
admin101
admin11
admin12
admin1213
admin123
admin1234
admin12345
admin123456
admin2
admin2010
admin321
admin888
admin@123
adminadmin
admini
administra
administrador
administrator
adminpass
admins
adminvhc
admiral
admiral1
adnama
adnan
adnan123
ado
adobe123
adolf
adolf123
adolfhitler
adolfo
adonai
adonis
adonis1
adoption
adorable
adr
adrenalin
adrenalina
adrenaline
adri
adrian
adrian01
adrian08
adrian1
adrian10
adrian11
adrian12
adrian123
adrian1234
adrian13
adrian14
adrian15
adrian16
adrian17
adrian18
adrian2
adrian21
adrian22
adrian23
adrian24
adrian25
adrian99
adriana
adriana1
adriana12
adriana123
adriane
adrianek
adrianek1
adrianita
adrianna
adrianna1
adrianne
adriano
adriano1
adriano10
adriano123
adriel
adrien
adrienn
adrienne
adrienne1
adrock
ads123
ads3ns3p
adsads
adsl1234
adsl2005
adsladsl
advance
advance1
advanced
advanced1
advantage
advent
advent1
adventist
adventure
adventure1
adventuretime
advertising
advisory
advocate
advokat
ae123456
aeiou
aeiou1
aeiou123
aeiou12345
aeiouy
aekara
aekara21
aelita
aenima
aeonflux
aerdna
aerial
aerith
aero
aerobics
aeroplane
aeropostale
aerosmith
aerosmith1
aerospace
aessedai
aeynbr
aezakmi
aezakmi1
aezakmi12
aezakmi123
aezakmi1a
aezakmiaezakmi
af
af123456
af9dmco786
afafaf
afbic
afcajax
aff123
affe
affe123
affe1234
affeaffe
affection
affenarsch
affinity
afganistan
afghan
afghanistan
afifah
afireinside
afnbvf
afolabi
afonso
afr
afreen
africa
africa1
africa123
african
afridi
afrika
afrique
afrodita
afrodite
afroman
afroman1
afshan
aftab123
afterlife
aftermath
aftermath1
aftermath7
aftershock
aga
aga123
agadir
again
agamemnon
agape
agape1
agapito
agarwal
agassi
agata
agata1
agatha
agathe
agatka
agatka1
agbdlcid
age
agence
agency
agenda
agent
agent001
agent007
agent008
agent009
agent1
agent123
agent47
agent99
agente007
agents
agentx44
ageofempires
aggarwal
aggie
aggie1
aggies
aggies12
aggro
aggroberlin
agility
agnes
agnes1
agnese
agness
agnieszka
agnieszka1
agnusdei
agostina
agostino
agosto
agq5qe84sz
agrawal
agriculture
aguacate
aguila
aguilar
aguilar1
aguilas
aguilera
aguinaldo
aguirre
agumon
agung
agus
agus123
agusia
agusia1
agustin
agustin1
agustina
agustus
agustus1
agyn5yl79s
ah64apache
ahahah
ahba5ur952
ahlukahd3
ahmad
ahmad1
ahmad123
ahmed
ahmed1
ahmed12
ahmed123
ahmed1234
ahmed12345
ahmed123456
ahmed2010
ahmed786
ahmedabad
ahmedahmed
ahmet
ahmet1
ahmet123
ahmetcan
ahoj
ahojky
ahov
ahsan
ahsan123
ai123456
aiaiai
aiaiaiai
aicha
aichina521
aicte@123
aiculedssul
aida
aida168now
aida2013sale
aida2013sales
aidan
aidan1
aidan123
aidana
aiden
aiden1
aiden123
aijiaojiao
aikaik
aikido
aikman
aikman08
aikoaiko
aileen
aileen1
ailene
ailyn
aim
aimabiet
aiman
aiman1
aiman123
aimee
aimee1
aimee123
aimhigh
ainhoa
aini1314
ainsley
air
airbag
airborne
airborne1
airbrush
airbrush123
airbus
airbus320
airbus380
airbusa380
aircraft
airedale
aireen
airene
airforce
airforce1
airgear
airhead
airjordan
airjordan23
airline
airlines
airman
airmax
airmax95
airness
airone
airplane
airplane1
airplanes
airport
airport1
airsoft
airsoft1
airtel
airwalk
airwalk1
airwaves
airwolf
airwolf1
aisha
aisha1
aisha123
aishah
aishat
aishiteru
aishiteru1
aishwarya
aisiteru
aisling
aislinn
aissatou
aisyah
aitana
aiueo123
aiwprton
aiyana
aiypwzqp
aiziji
aj
aj1234
aj123456
ajaccio
ajajaj
ajasonde12
ajax
ajax123
ajaxajax
ajay
ajay123
ajaykumar
ajcuivd289
ajedrez
ajhneyf
ajibola
ajj8rbc817
ajmclean
ajtajt
ajtdmw
ajtgjm
ak
ak123456
ak123ctjqj
ak47
ak47ak47
ak47m4a1
aka
aka123
aka1908
akademia
akakak
akamaru
akanksha
akansha
akasatana
akash
akash123
akasha
akatsuki
akatsuki1
akax89wn
akbar
akdeniz
akenaton
akhil
akhilesh
akhtar
aki
akiaki
akiiki
akimbo
akinkalang
akino123
akinola
akinom
akinto
akira
akira1
akira123
akira666
akjjyglc
akmal
akmal123
ako
akoako
akoaypogi
akoito
akolang
akomismo
akp1973
akram
akrho
akrokis123
akroma
aksaray
aksaray68
akshat
akshay
akshay123
akshaya
aku
aku123
akuaku
akuankka
akucantik
akucinta
akucintaka
akucintakamu
akuganteng
akulupa
akuma
akunamatata
akuntansi
akusayangk
akusayangkamu
akvarium
al
al#ks3!ksj0xx
al1234
al123456
al1916w
al3xand3r
al3xander
ala
ala123
alabala
alabama
alabama1
alabama12
alabama123
alabama3
alabaster
aladdin
aladdin1
aladin
aladino
alain
alain.
alaina
alaine
alakazam
alalal
alalalal
alamak
alamakota
alamakota1
alameda
alamierda
alamin
alamo
alan
alan12
alan123
alan1234
alana
alana1
alana123
alanalan
alanis
alanna
alannah
alanya
alarcon
alaska
alaska1
alaska11
alaska12
alaska123
alastair
alastor
alayna
alb
alba
albacete
alban
albane
albania
albania1
albano
albany
albastru
albator
albatros
albatross
albero
albert
albert01
albert1
albert11
albert12
albert123
albert13
albert22
alberta
alberta1
albertina
albertine
albertito
alberto
alberto1
alberto12
alberto123
albina
albino
albion
albion1
albrecht
albright
albundy
albuquerqu
alc
alcala
alcantara
alcantara1
alcapone
alcatel
alcatel1
alcatraz
alcazar
alchemist
alchemist1
alchemy
alchemy1
alclssha
alcohol
alcohol1
alcoholic
alcool
aldair
aldana
aldebaran
alderaan
aldo
aldrich
aldrin
aldrin1
aldwin
ale
ale123
ale123456
aleale
alec
alecia
aleena
alegna
alegre
alegria
alejandr
alejandra
alejandra1
alejandro
alejandro1
alejandro12
alejandro123
alejandro2
alejo
alejo123
aleks
aleks1
aleks123
aleksa
aleksandar
aleksander
aleksander1
aleksandr
aleksandra
aleksandra1
alekseeva
aleksei
aleksej
aleksey
aleksi
aleluia
aleluya
aleman
alemanha
alemania
alemao
alemap
alemdar
alena
alena1
alena123
alenka
alertpaydouble
alesana
alesana1
alesha
alesia
alesis
alessa
alessandra
alessandro
alessandro1
alessia
alessia1
alessio
alessio1
alevtina
alex
alex00
alex0000
alex007
alex01
alex02
alex03
alex04
alex05
alex06
alex07
alex08
alex09
alex1
alex10
alex100
alex101
alex11
alex111
alex1111
alex12
alex1212
alex123
alex1234
alex12345
alex123456
alex123456789
alex1296
alex13
alex14
alex15
alex16
alex17
alex18
alex19
alex1971
alex1972
alex1973
alex1974
alex1975
alex1976
alex1977
alex1978
alex1979
alex1980
alex1981
alex1982
alex1983
alex1984
alex1985
alex1986
alex1987
alex1988
alex1989
alex1990
alex1991
alex1992
alex1993
alex1994
alex1995
alex1996
alex1997
alex1998
alex1999
alex20
alex2000
alex2001
alex2002
alex2003
alex2004
alex2005
alex2006
alex2007
alex2008
alex2009
alex2010
alex2011
alex2012
alex21
alex22
alex23
alex24
alex25
alex2539
alex26
alex27
alex28
alex29
alex33
alex55
alex555
alex66
alex666
alex69
alex77
alex777
alex78
alex85
alex86
alex87
alex88
alex89
alex90
alex91
alex92
alex93
alex94
alex95
alex96
alex97
alex98
alex99
alexa
alexa1
alexa123
alexalex
alexalex1
alexan
alexand
alexande
alexander
alexander0
alexander01
alexander1
alexander10
alexander11
alexander12
alexander123
alexander13
alexander2
alexander22
alexander23
alexander3
alexander4
alexander5
alexander6
alexander7
alexander8
alexander9
alexander98
alexander99
alexandr
alexandra
alexandra1
alexandra12
alexandra123
alexandra2
alexandre
alexandre1
alexandre123
alexandrea
alexandria
alexandria1
alexandro
alexandros
alexandru
alexandru1
alexandru123
alexei
alexey
alexi
alexia
alexia1
alexie
alexis
alexis00
alexis01
alexis02
alexis03
alexis04
alexis05
alexis06
alexis07
alexis08
alexis09
alexis1
alexis10
alexis11
alexis12
alexis123
alexis13
alexis14
alexis15
alexis2
alexis21
alexis22
alexis23
alexis24
alexis25
alexis98
alexis99
alexito
alexsander
alexsandra
alexus
alexx
alexxx
alexzander
aleyna
alf
alf123
alfa
alfa123
alfa1234
alfa147
alfa155
alfa156
alfa33
alfaalfa
alfabeta
alfalf
alfalfa
alfaomega
alfaro
alfaromeo
alfaromeo1
alfaromeo156
alfian
alfie
alfie1
alfie123
alfons
alfonso
alfonso1
alfonzo
alfred
alfred1
alfred123
alfredo
alfredo1
alfredo123
alg
algarve
algebra
algebra1
algebra2
alger
alger16
algeria
algerie
algerien
algernon
alguem
alhambra
alhamdulillah
ali
ali110
ali123
ali1234
ali12345
ali123456
ali123456789
ali786
alia
aliali
aliali123
alialiali
aliana
alianza
alianzalima
alias
aliases
alibaba
alibaba1
alibaba123
alibek
alican
alicante
alicat
alice
alice1
alice12
alice123
aliceadsl
alicealice
alicecooper
alicecullen
alicenine
alices
alicia
alicia01
alicia1
alicia11
alicia12
alicia123
alicja
alicja1
alien
alien1
alien123
aliens
aliens1
alienware
alienware1
aligator
align
alihan
alihassan123
alikhan
alina
alina1
alina12
alina123
alina1995
alina1997
alina1998
alina1999
alina2000
alina2001
alina2002
alina2003
alina2005
alina2008
alina2010
alinaalina
aline
aline123
alinka
alino4ka
alinochka
alinutza
aliona
aliraza
alireza
alisa
alisa1
alisa123
alisha
alisha1
alisha123
alisher
alisia
aliska
alison
alison1
alison12
alison123
alissa
alisson
alistair
alistair1
alister
alitalia
alive
alivia
aliya
aliyah
aliyah1
alizee
aljon
alk22alk
alkaline
alkaline3
alkatraz
alkohol
all
all4him
all4jesus
all4love
all4me
all4one
all4you
alla
allaboutme
alladin
alladin79
allah
allah1
allah123
allah786
allah99
allaha
allahabad
allahakbar
allahallah
allahhoo
allahis1
allahisgreat
allahisone
allahoakbar
allahone
allahoo12
allahswt
allahu
allahuakba
allahuakbar
allahuekber
allall
allalone
allan
allan1
allan123
allana
allanon
allblack
allblacks
allday
allegra
allegria
allegro
allegro1
alleluia
allemagne
allemand
allen
allen1
allen12
allen123
allen3
alleniverson
allens
allenwalker
allerlom
allesklar
alley
alleycat
allezlom
allforone
allgood
alli
alliah
alliance
alliance1
allianz
allie
allie1
allie123
alliecat
allied
allies
alligator
alligator1
alligator3
allinone
allison
allison1
allison12
allison123
allison2
allister
alliswell
alliyah
allman
allmeu112
allmine
allmine1
allmine2
allmylife
allnight
allo
allo123
allo1234
alloallo
allostream
allpass
allrecipes
allrecipes1
allright
allsaints
allsop
allstar
allstar1
allstar123
allstars
allstars1
allstate
allthat
allthebest
allthetime
alltheway
alltimelow
allure
ally
ally123
allycat
allyourbase
allysa
allyson
allyson1
allyssa
alm
alma
alma123
almafa
almafuerte
almanya
almaty
almeida
almendra
almera
almeria
almighty
almighty1
almira
almond
almonds
almost
almost1
almudena
alo
alo123
aloalo
aloevera
aloha
aloha1
aloha123
alohamora
alohomora
alona
alondra
alondra1
alone
alone1
alone123
along
alonso
alonso1
alonso123
alonso14
alonzo
alouette
aloysius
alp
alpaca
alpacino
alper
alper123
alperen
alperen1
alperen123
alpha
alpha001
alpha01
alpha06
alpha1
alpha12
alpha123
alpha1906
alpha2
alpha3
alpha5
alpha7
alphabet
alphabet1
alphabeta
alphabeta1
alphabravo
alphadog
alphanumeric
alphaomega
alphaone
alphas
alphonse
alphonso
alpina
alpine
alpine1
alquimia
alquimista
already
alright
alsace
alskdj
alskdjfh
alskdjfhg
alstom
alston
alt
altair
altamira
altavista
altec
alteclansing
alter
alterego
alternate
alternativ
alternativa
alternative
altesse
althea
altima
altoids
altosax
alucard
alucard1
alucard123
alucard666
alukard
aluminium
aluminum
alumni
alumno
alundra
alupigus
alvarado
alvarez
alvarez1
alvarito
alvaro
alvaro123
alvin
alvin1
alvin123
alvina
always
always1
aly
alyana
alyanna
alycia
alyona
alysha
alysia
alyson
alyssa
alyssa01
alyssa04
alyssa05
alyssa06
alyssa07
alyssa08
alyssa1
alyssa10
alyssa11
alyssa12
alyssa123
alyssa13
alyssa21
alyssa22
alyssa99
alyssia
am
am1234
am123456
ama
ama123
amadeo
amadeus
amadeus1
amadeusptfcorp
amador
amadou
amal
amalia
amalie
amalina
amamam
aman
aman123
aman1234
amanaman
amanda
amanda00
amanda01
amanda02
amanda07
amanda08
amanda09
amanda1
amanda10
amanda11
amanda12
amanda123
amanda13
amanda14
amanda15
amanda16
amanda17
amanda18
amanda19
amanda2
amanda20
amanda21
amanda22
amanda23
amanda24
amanda25
amanda3
amanda69
amanda7
amanda86
amanda88
amanda99
amande
amandeep
amandine
amandinha
amanecer
amani
amante
amapola
amar
amar123
amara
amarachi
amaral
amarante
amaranth
amarelo
amaretto
amari
amarie
amarillo
amarillo1
amaris
amarnath
amaryllis
amasya
amasya05
amaterasu
amateur
amatory
amaury
amaya
amazed
amazigh
amazing
amazing1
amazing123
amazinggrace
amazon
amazon1
amazonas
amazone
amazonia
amazonka
amb
ambassador
amber
amber01
amber1
amber101
amber11
amber12
amber123
amber1234
amber13
amber2
amber3
amber5
amber7
amberdog
amberlee
amberlynn
ambers
ambiente
ambika
ambition
ambitious
ambot
ambotlang
ambre
ambreen
ambrose
ambrose1
ambrosia
ambrosio
ambulance
ambush
amdathlon
amdk62
ame
amedeo
ameena
ameera
ameise
amel
amelia
amelia01
amelia1
amelia12
amelia123
amelie
amelka
amen
amenamen
america
america01
america1
america10
america11
america12
america123
america13
america2
america3
america7
america9
american
american1
americana
americangirl
americanidiot
americano
americanpie
americas
americo
amerika
amerika1
amerika123
amerique
amethyst
amethyst1
ametista
amherst
ami
ami123
amicizia
amidala
amidamaru
amie
amiel
amiga
amiga1
amiga1200
amiga500
amigas
amigo
amigo1
amigo123
amigos
amigos123
amilcar
amilo2528
amin
amin123
amina
amina1
amina123
aminah
aminat
aminata
amine
amine123
amir
amir123
amir1234
amira
amira1
amirah
amiramir
amirkhan
amirul
amisha
amistad
amit
amit123
amit1234
amitabh
amitamit
amitie
amitkumar
amizade
amma
amma123
ammaamma
ammaappa
ammachi
ammananna
ammar
ammar123
ammu
ammukutty
ammulu
amnesia
amnesia1
amnesiac
amo
amo12voc
amoeba
amojesus
amomhrer
amominhafamilia
amominhamae
amonamarth
amonra
amooti
amor
amor12
amor123
amor1234
amoramor
amorcito
amore
amore1
amoremio
amoremio1
amores
amoreterno
amoretiamo
amormio
amorosa
amoroso
amorphis
amorphous
amorsito
amorypaz
amorzinho
amos
amouna
amour
amour1
amour100
amour123
amoure
amoureuse
amoureux
amours
amovoce
ampad
amparo
amr123
amrapali
amrita
amritsar
amruta
amrutha
ams
amstaff
amstel
amsterdam
amsterdam1
amy
amy123
amyamy
amylee
amylou
amylynn
amyrose
an
an123456
an2016
ana
ana123
ana1234
ana12345
ana123456
anaana
anabanana
anabeatriz
anabel
anabela
anabelen
anabella
anabelle
anacarolina
anaclara
anacleto
anaconda
anaconda1
anadolu
anaelle
anagha
anaheim
anais
anajulia
anakaren
anakin
anakin1
anakku
anakonda
anakonda1
anal
analaura
analia
analisa
analiza
analog
analou
analsex
analsex1
analucia
analuisa
analuiza
analyn
analysis
analyst
anamaria
anamaria1
anamarie
anamika
anan
anan123
ananan
ananas
anand
anand123
ananda
ananta
ananth
ananya
anapaula
anarchia
anarchie
anarchist
anarchists
anarchy
anarchy1
anarchy666
anarchy99
anarita
anarki
anarkia
anarquia
anas
anas123
anasofia
anastacia
anastasia
anastasia1
anastasija
anastasija3010
anastasiya
anastasya
anathema
anatol
anatole
anatoli
anatoliy
anatomia
anatomy
anavrin
anchal
ancheta
anchor
anchorage
ancient
ancient1
ancona
ancuta
and
and123
andalucia
andand
andante
andaya
anderlecht
anders
anders0n
anders1
anders12
anders123
andersen
andersen1
anderson
anderson1
anderson12
anderson123
anderson8
andersonhassko1
andersson
andhika
andi
andi123
andiamo
andie
andika
andini
andjela
andone
andorra
andover
andr
andr3w
andra
andrada
andrade
andrade1
andras
andre
andre1
andre10
andre12
andre123
andre1234
andre12345
andre3000
andrea
andrea00
andrea01
andrea05
andrea07
andrea08
andrea09
andrea1
andrea10
andrea11
andrea12
andrea123
andrea13
andrea14
andrea15
andrea16
andrea17
andrea2
andrea20
andrea21
andrea22
andrea23
andrea24
andrea25
andrea69
andrea77
andrea88
andrea89
andrea92
andrea95
andrea96
andrea97
andrea98
andrea99
andreas
andreas1
andreas12
andreas123
andree
andreea
andreea1
andreev
andreeva
andrei
andrei1
andrei11
andrei12
andrei123
andrei22
andreia
andreika
andreina
andreita
andrej
andrej123
andrejka
andrejko
andres
andres1
andres10
andres12
andres123
andres13
andresito
andressa
andreu
andrew
andrew00
andrew01
andrew02
andrew03
andrew04
andrew05
andrew06
andrew07
andrew08
andrew09
andrew1
andrew10
andrew101
andrew11
andrew12
andrew123
andrew1234
andrew13
andrew14
andrew15
andrew16
andrew17
andrew18
andrew19
andrew2
andrew20
andrew21
andrew22
andrew23
andrew24
andrew25
andrew26
andrew27
andrew28
andrew29
andrew3
andrew33
andrew4
andrew5
andrew55
andrew6
andrew69
andrew7
andrew77
andrew81
andrew86
andrew87
andrew88
andrew89
andrew9
andrew92
andrew93
andrew94
andrew95
andrew96
andrew97
andrew98
andrew99
andrews
andrews1
andrey
andrey1
andrey12
andrey123
andrey1983
andrey1995
andrey1996
andrey1997
andrey1998
andrey2000
andrey21
andreyka
andri
andria
andrian
andrie
andrija
andrik
andris
andrius
andriy
android
android1
android123
andromache
andromeda
andromeda1
andromede
andron
andros
andrzej
andrzej1
anduril
andy
andy01
andy1
andy11
andy12
andy123
andy1234
andy12345
andy1999
andyandy
andylau
andyman
andypandy
andysixx
andzia
ane
ane4ka
anechka
aneczka
anelka
anelka39
anemone
aneta
aneta1
anetka
anette
anewlife
anfang
anfernee
anfield
anfield1
anfisa
ang
angcuteko
ange
angel
angel0
angel00
angel000
angel001
angel007
angel01
angel02
angel03
angel04
angel05
angel06
angel07
angel08
angel09
angel1
angel10
angel100
angel101
angel11
angel111
angel12
angel123
angel1234
angel12345
angel13
angel14
angel143
angel15
angel16
angel17
angel18
angel19
angel1987
angel1989
angel1990
angel1994
angel1995
angel1996
angel1997
angel1998
angel2
angel20
angel2000
angel2001
angel2002
angel2003
angel2004
angel2005
angel2006
angel2007
angel2008
angel2009
angel2010
angel2011
angel21
angel22
angel23
angel234
angel24
angel25
angel26
angel27
angel28
angel29
angel3
angel30
angel321
angel33
angel333
angel4
angel5
angel520
angel55
angel555
angel6
angel666
angel69
angel7
angel77
angel777
angel8
angel87
angel88
angel888
angel89
angel9
angel90
angel911
angel93
angel95
angel96
angel97
angel98
angel99
angel999
angela
angela01
angela1
angela10
angela11
angela12
angela123
angela13
angela2
angela21
angela22
angela69
angelangel
angelas
angelbabe
angelbaby
angelbaby1
angelboy
angelcake
angelcat
angelcute
angeldevil
angeldog
angeldust
angele
angeles
angeles1
angeleye
angeleyes
angeleyes1
angelface
angelface1
angelfire
angelfish
angelgirl
angelgirl1
angelheart
angeli
angelia
angelic
angelic1
angelica
angelica1
angelica12
angelidis
angelie
angelika
angelika1
angelin
angelina
angelina1
angelina123
angeline
angeline1
angelino
angelique
angelique1
angelis
angelita
angelito
angelito1
angelko
angell
angella
angelle
angellove
angelmy
angeln
angelo
angelo01
angelo1
angelo10
angelo11
angelo12
angelo123
angelo13
angelo4ek
angelochek
angelofdeath
angelok
angelone
angelos
angelou
angelove
angelpie
angels
angels01
angels1
angels11
angels12
angels123
angels13
angels2
angels21
angels22
angels3
angels77
angelstar
angelus
angelus1
angelwing
angelwings
angely
angelyn
angelz
angerfist
angerine
angers
angga
anggandako
anggie
anggun
angharad
anghel
angie
angie1
angie123
angioletto
anglais
angle
angle1
angle123
angler
angles
anglia
angola
angora
angpogiko
angry
angrybird
angrybirds
anguilla
angulo
angus
angus1
angus123
angusyoung
anh
anh123
anh123456
anhanh
anhcuong
anhday
anhdeptrai
anhduc
anhdung
anhduong
anhduy
anhhai
anhhoang
anhhung
anhhuy
anhiuem
anhiuem1
anhkhanh
anhkhoa
anhlaai
anhlinh
anhmaiyeuem
anhmanh
anhminh
anhnam
anhngo8x
anhngoc
anhnguyen
anhnhoem
anhnhoemnhieu
anhphuong
anhquan
anhquang
anhsai
anhthang
anhthanh
anhthu
anhtien
anhtrang
anhtrung
anhtuan
anhtuan123
anhtung
anhvaem
anhvanyeuem
anhyeu
anhyeuem
anhyeuem1
anhyeuem12
anhyeuem123
anhyeuem3381
anhyeuemnhieu
ani
ani123
ania
ania11
ania12
ania123
aniani
anibal
anicka
anika
aniket
anil
anil123
anil1234
anilkumar
anillo
anima
animal
animal1
animal11
animal12
animal123
animal13
animale
animales
animallover
animals
animals1
animals123
animanga
animania
animate
animation
animation1
animator
animatrix
animaux
animax
anime
anime1
anime101
anime12
anime123
anime13
anime4ever
animeanime
animefan
animefreak
animegirl
animelove
animelover
animemanga
animerocks
animes
animorphs
animus
anindita
aninha
aniolek
aniolek1
aniram
anirudh
anis
anisa
anisah
anish
anisha
anissa
anita
anita1
anita123
anitas
anitha
anitka
anitram
aniyah
anja
anjali
anjana
anjaneya
anjani
anjela
anjelica
anjelik
anjelika
anjing
anjing1
anjing123
anjinho
anjink
anju
anka
ankara
ankara06
ankit
ankit123
ankit1234
ankita
ankur
ankush
anmelden
ann
ann123
anna
anna01
anna1
anna10
anna11
anna12
anna123
anna1234
anna12345
anna13
anna17
anna1980
anna1981
anna1982
anna1983
anna1984
anna1985
anna1986
anna1987
anna1988
anna1989
anna1990
anna1991
anna1992
anna1993
anna1994
anna1995
anna1996
anna1997
anna1998
anna1999
anna2000
anna2001
anna2002
anna2003
anna2004
anna2005
anna2006
anna2007
anna2008
anna2009
anna2010
anna2011
anna21
anna22
anna23
anna88
anna99
annaanna
annaba
annaba23
annabanana
annabel
annabel1
annabell
annabell1
annabella
annabelle
annabelle1
annalee
annalena
annalisa
annalise
annaliza
annalyn
annamae
annamaria
annamarie
annann
annapolis
annapurna
annarbor
annarella
annarita
annarose
anne
anne123
anne1234
annea
anneanne
annecy
anneke
annelaure
annelie
annelies
anneliese
annelise
annemarie
annemarie1
annerice
anneso
annesophie
annett
annette
annette1
annick
annie
annie1
annie12
annie123
annie2
annieb
anniedog
annies
annika
annika1
annina
annisa
annita
anniversary
anniyan
annmarie
annmarie1
anno1503
anno1602
anno1701
annoying
annushka
ano
anointed
anointed1
anomis
anomis1
anonelbe
anonim
anonimo
anonimus
anonym
anonymous
anonymous1
anorexia
another
another1
anoushka
anpanman
ansari
anselmo
anshul
anshuman
ansley
answer
answer12a
answer42
ant
ant123
antalya
antalya07
antani
antara
antares
antares1
anteater
antelope
antena
antero
anth0ny
anthea
anthem
anthon
anthony
anthony0
anthony01
anthony02
anthony03
anthony05
anthony06
anthony07
anthony08
anthony09
anthony1
anthony10
anthony11
anthony12
anthony123
anthony13
anthony14
anthony15
anthony16
anthony17
anthony18
anthony19
anthony2
anthony20
anthony21
anthony22
anthony23
anthony24
anthony25
anthony27
anthony3
anthony4
anthony5
anthony6
anthony69
anthony7
anthony77
anthony8
anthony88
anthony9
anthony99
anthonys
anthrax
anthrax1
anthropogenic
anti
antibes
antichrist
antidote
antifa
antifilibusters
antiflag
antigone
antigua
antihero
antilles
antilope
antioch
antipolo
antique
antiques
antivirus
antman
anto
antoha
antoine
antoine1
antoinette
anton
anton1
anton123
anton1994
anton1996
anton1997
anton1998
anton2000
anton2001
anton777
antonanton
antone
antonela
antonella
antonella1
antonello
antonette
antoni
antonia
antonia1
antonietta
antonin
antonina
antonino
antonio
antonio01
antonio1
antonio10
antonio11
antonio12
antonio123
antonio13
antonio2
antonio22
antonio23
antonio3
antonio7
antonio9
antonius
antonov
antonova
antony
antony1
antosha
antoshka
antrax
antwan
antwerp
antwerpen
antwon
anu
anu123
anubhav
anubis
anubis1
anubis12
anubis123
anugrah
anulka
anupam
anupama
anuradha
anurag
anus
anusha
anushka
anushree
anusia
anuska
anutka
anvils
anwar
anwar123
any
anya
anyone
anything
anything1
anything123
anytime
anyway
anywhere
anzeigen
aobo2010
aoeuoaeu
aol
aol.com
aol123
aolaol
aoll
aolsucks
aolsux
aosamples
aotearoa
aoyun2008
apa
apa123
apaaja
apaajaboleh
apaapa
apache
apache1
apache64
aparecida
aparna
apartment
apassword
apathy
apelsin
apeman
apfel
apfel123
apfelbaum
apfelkuchen
apfelsaft
aphmau
aphrodite
apo
apocalipsa
apocalipse
apocalipsis
apocalypse
apocalypse1
apoelara
apokalipsa
apokalipsis
apolline
apollo
apollo01
apollo1
apollo11
apollo12
apollo123
apollo13
apollo3
apollon
apolo
apolo11
apolo13
apologize
apolon
apolonia
apoorva
apostle
apostol
app
appaamma
appaloosa
appel
appelmoes
appels
appelsap
appeltaart
apple
apple01
apple1
apple10
apple100
apple101
apple11
apple111
apple12
apple123
apple1234
apple12345
apple13
apple14
apple15
apple2
apple21
apple22
apple23
apple3
apple321
apple4
apple5
apple6
apple7
apple99
appleapple
applebee
applebottom
applegate
applehead
appleiphones
appleipod
applejack
applejacks
applejuice
applemac
appleman
applepie
applepie1
apples
apples01
apples1
apples11
apples12
apples123
apples2
apples22
apples99
applesauce
appleseed
appleton
appletree
appletree1
application
appollo
apprentice
approved
appukutty
apr
apricot
april
april01
april03
april04
april05
april06
april07
april08
april09
april1
april10
april11
april12
april123
april13
april14
april15
april16
april17
april18
april19
april1985
april1991
april1997
april2
april20
april2009
april21
april22
april23
april24
april25
april26
april27
april28
april29
april3
april30
april4
april5
april6
april7
april8
april9
aprile
aprilfool
aprilia
aprilia1
apriljoy
aprill
aprilrose
aprils
apsara
apsk54321
aptech
apteka
aptiva
aptx4869
apu420420
aq111asd1qast
aq1234
aq123456
aq123aa
aq12ws
aq12wsde3
aq1sw2
aq1sw2de3
aq1sw2de3fr4
aqaqaq
aqaqaqaq
aqgyg49cg6
aqq997
aqr7we3e43
aqswde
aqswde123
aqswdefr
aqswdefrgt
aqua
aqua123
aquablue
aquafina
aqualung
aquaman
aquamarine
aquarian
aquario
aquarium
aquarius
aquarius1
aquila
aquiles
aquinas
aquino
aquino1
aqw
aqw123
aqw123456
aqwa
aqwaqw
aqworlds
aqwxcvbn
aqwxsz
aqwxszedc
aqwzsx
aqwzsx12
aqwzsx123
aqwzsxedc
aqwzsxedcrfv
aqz9w9n9vc
aqzsed
aqzsedrf
ar
ar123456
ara
ara123
arabella
arabesque
arabia
arabian
arabic
araceli
aracely
arachnid
aradhana
aradia
arafat
aragon
aragorn
aragorn1
aramis
arancione
aranda
aranha
aranka
ararat
arashi
araujo
aravind
arbeit
arbiter
arc
arcade
arcadia
arcadia1
arcana
arcane
arcangel
arcangel1
arcanine
arcanum
arcenciel
arceus
arch
archana
archange
archangel
archangel1
archer
archer1
archers
archery
archery1
archi
archibald
archie
archie01
archie1
archie12
archie123
archimede
archimedes
archit
architect
architect1
architecte
architecture
architetto
archive
archived
archmage
archon
archuleta
arcobaleno
arcoiris
arctic
arcticcat
arcturus
arda
arda123
ardaarda
ardaturan
ardeche
ardian
ardilla
ardnas
ardvark
are
area51
arek
arek123
arellano
aremania
arena
arenas
arequipa
ares
aretha
arevalo
arfarf
arg
argent
argentin
argentina
argentina1
argentine
argentino
argento
argentum
argo
argonaut
argos
argyle
arhangel
ari
ari123
aria
ariadna
ariadne
arian
ariana
ariana1
arianagrande
ariane
arianna
arianna1
arianne
arianne1
arief
ariel
ariel1
ariel123
ariela
ariella
arielle
arielle1
aries
aries1
aries123
ariess
ariete
arif
arifin
arigato
arigatou
arihant
arina
arioch
aris
arisha
arista
aristide
aristo
ariston
aristote
aristotle
arizona
arizona1
arjay
arjing
arjona
arjun
arjun123
arjuna
arkadiusz
arkangel
arkansas
arkansas1
arkantos
arkham
arlene
arlene1
arlequin
arlette
arlington
arlingtonp
arlyn
arm
armaan
armada
armadillo
armageddon
armagedon
armagedon1
arman
arman123
armand
armando
armando1
armando123
armani
armani1
armani123
armelle
armenia
armenian
armin
armin123
arminia
armitage
armitron
armonia
armour
armstrong
armstrong1
army
army123
army1234
armyforce
armyman
armyof1
armyofone
armystrong
arn
arnaldo
arnaud
arnel
arnhem
arnie
arnie1
arnold
arnold1
arnold12
arnold123
arod13
aron
around
arowana
arpita
arquitecto
arquitectura
arrahman
arrakis
array
arriba
arrow
arrow1
arrow123
arrowhead
arrows
arroyo
ars
arsalan
arsch
arsch1
arsch123
arschfick
arschloch
arschloch1
arschloch123
arse
arsehole
arsehole1
arselect
arsen
arsenal
arsenal01
arsenal06
arsenal07
arsenal08
arsenal09
arsenal1
arsenal10
arsenal11
arsenal12
arsenal123
arsenal1234
arsenal13
arsenal14
arsenal15
arsenal17
arsenal1886
arsenal2
arsenal21
arsenal22
arsenal23
arsenal3
arsenal4
arsenal5
arsenal69
arsenal7
arsenal8
arsenal88
arsenal89
arsenal9
arsenal99
arsenalfc
arsenalfc1
arsene
arsenic
arsenio
arseniy
arshad
arshavin
arshavin23
arslan
art
art123
art12345
art131313
art306ur
artart
arte
artem
artem1
artem123
artem12345
artem1994
artem1995
artem1996
artem1997
artem1998
artem1999
artem2000
artem2001
artem2002
artem2003
artem2004
artem2010
artem777
artema
artemartem
artemida
artemio
artemis
artemis1
artemisa
artemisia
artemka
artemon
arthas
arthur
arthur01
arthur1
arthur10
arthur11
arthur12
arthur123
artichoke
article123
article456
articles
articolo31
articuno
artiketi
artillery
artist
artist1
artist123
artista
artiste
artistic
artlamp
artlantis
artofwar
artur
artur1
artur123
arturek
arturik
arturito
arturo
arturo1
artwork
artyom
aruba
arun
arun123
aruna
arunkumar
arusha
arvin
arvind
arwen
arya
aryan
aryan123
as
as0000
as0620
as1212
as123
as123123
as123321
as1234
as12345
as123456
as1234567
as12345678
as123456789
as12as
as12as12
as12df34
as1345
as224466
as6391a4462
as733792
as790433
as861121
asa
asa123
asa12345
asa123456
asaasa
asaasasy63d
asad
asad123
asad1234
asadasad
asaka
asaka123
asakaboy
asakakarun21
asakanaman
asakapa
asakapa1
asakapa123
asakura
asaness
asaness123
asante
asas
asas1122
asas12
asas1212
asas123
asas1234
asasa
asasas
asasas1
asasas11
asasas12
asasas123
asasasas
asasasasas
asasin
asasin123
asawa
asawacoh
asawako
asawako1
asawakoh
asawaq
asawaqoh
asbestos
ascension
ascona
asd
asd000
asd111
asd11111
asd120120
asd123
asd123!
asd123.
asd1230
asd123123
asd123321
asd1234
asd12345
asd123456
asd1234567
asd12345678
asd123456789
asd12345a
asd123654
asd123asd
asd123asd123
asd123dsa
asd123fgh
asd123qwe
asd123zxc
asd13fgh12
asd147
asd159
asd159753
asd161616
asd222
asd321
asd345df
asd456
asd456123
asd45678
asd456789
asd45679
asd456asd
asd654
asd777
asd789
asda
asda123
asda1234
asdaasda
asdas
asdas123
asdasd
asdasd00
asdasd01
asdasd1
asdasd11
asdasd111
asdasd12
asdasd123
asdasd123123
asdasd1234
asdasd2
asdasd22
asdasd321
asdasd456
asdasda
asdasdas
asdasdas12
asdasdasd
asdasdasd1
asdasdasd123
asdasdasdasd
asdasdf
asdasdqwe
asdbn258
asdcxz
asdd
asddsa
asddsa1
asddsa12
asddsa123
asddsa123321
asddsaasd
asddsaasddsa
asder
asder123
asdert
asdewq
asdewq123
asdf
asdf00
asdf0000
asdf0123
asdf0147
asdf0987
asdf1
asdf11
asdf1111
asdf1122
asdf12
asdf1212
asdf123
asdf1230
asdf1234
asdf12345
asdf123456
asdf123456789
asdf123asdf
asdf13
asdf321
asdf369369
asdf4321
asdf456
asdf4567
asdf7890
asdf;lkj
asdfagaweg
asdfags05
asdfas
asdfasd
asdfasdf
asdfasdf1
asdfasdf12
asdfasdf123
asdfasdf1234
asdfasdf2
asdfasdfasdf
asdfdsa
asdff
asdffdsa
asdffdsa1
asdfff
asdfg
asdfg1
asdfg12
asdfg123
asdfg1234
asdfg12345
asdfg123456
asdfg456
asdfg5
asdfg5391
asdfg6
asdfgasdfg
asdfgf
asdfggfdsa
asdfgh
asdfgh01
asdfgh1
asdfgh11
asdfgh12
asdfgh123
asdfgh1234
asdfgh12345
asdfgh123456
asdfghj
asdfghj1
asdfghj12
asdfghj123
asdfghj8
asdfghjk
asdfghjk1
asdfghjk123
asdfghjkl
asdfghjkl0
asdfghjkl1
asdfghjkl11
asdfghjkl12
asdfghjkl123
asdfghjkl1234
asdfghjkl12345
asdfghjkl123456
asdfghjkl123456789
asdfghjkl1234567890
asdfghjkl2
asdfghjkl456
asdfghjkl9
asdfghjkl;'
asdfghjkl?
asdfghjklz
asdfghjklzxcvbnm
asdfgzxcvb
asdfhjkl
asdfjk
asdfjkl
asdfjkl1
asdfjkl123
asdfjkl;
asdflkj
asdflkjh
asdfmovie
asdfqwer
asdfqwer1
asdfqwer123
asdfqwer1234
asdfrewq
asdfvcxz
asdfzxc
asdfzxcv
asdfzxcv1
asdgvy3898
asdjkl
asdjkl123
asdlkj
asdlkj123
asdlol
asdlol123
asdopi123
asdopi123_
asdqwe
asdqwe1
asdqwe12
asdqwe123
asdqwe1234
asdqweasd
asdqwezxc
asdrubale
asdwasdw
asdyxc
asdzxc
asdzxc1
asdzxc12
asdzxc123
asdzxcqwe
ase
asecret
asecret1
asereje
aseret
asero
asesino
aset4578
asgard
asghar
ash
ash123
ash12345
asha
ashanti
ashanti1
ashash
ashcroft
ashely
asher
asher123
ashes
ashford
ashish
ashish123
ashishbiyani
ashitaka
ashland
ashlea
ashlee
ashlee1
ashleigh
ashleigh1
ashley
ashley00
ashley01
ashley02
ashley03
ashley04
ashley05
ashley06
ashley07
ashley08
ashley09
ashley1
ashley10
ashley101
ashley11
ashley12
ashley123
ashley1234
ashley13
ashley14
ashley15
ashley16
ashley17
ashley18
ashley19
ashley2
ashley20
ashley21
ashley22
ashley23
ashley24
ashley25
ashley27
ashley3
ashley5
ashley69
ashley7
ashley8
ashley88
ashley89
ashley95
ashley96
ashley98
ashley99
ashleytisdale
ashlie
ashly
ashlyn
ashlynn
ashlynn1
ashman
ashok
ashok123
ashoka
ashokkumar
ashole
ashraf
ashton
ashton01
ashton1
ashton12
ashton123
ashtray
ashtray1
ashu
ashu1992
ashura
ashutosh
ashwani
ashwin
ashwini
ashworth
asi
asia
asia12
asia123
asiaasia
asiamarketing
asian
asian1
asian123
asianpride
asians
asif
asilas
asilaydying
asimov
asiorlando
asiunia
ask
ask123
aska0404
askask
askim
askim1
askim123
askimaskim
askimbenim
askimm
askimsin
askingalexandria
asl22asl
aslan
aslan1
aslan123
aslan1905
aslpls
aslzf223ba
asm
asma
asmara
asmita
asmodeus
asmonaco
asnaeb
asp
asparagus
aspen
aspen1
aspen123
asphalt
aspirant
aspire
aspire1
aspire123
aspire5315
aspireone
aspirin
aspirina
aspirine
aspirine1
aspirine123
asqw12
asroma
asroma10
asroma1927
ass
ass123
ass1234
ass12345
assa
assa123
assaassa
assasin
assasin1
assasin123
assasins
assass
assass1
assass12
assass123
assass1n
assassass
assassin
assassin1
assassin12
assassin123
assassin2
assassino
assassins
assassins1
assassinscreed
assault
assclown
assclown1
asscrack
asse42
assembler
assembly
assenav
asses
assessment
assface
assface1
assfuck
assfuck1
assfucker
assh0le
asshat
asshole
asshole1
asshole11
asshole12
asshole123
asshole13
asshole2
asshole21
asshole22
asshole23
asshole3
asshole4
asshole5
asshole666
asshole69
asshole7
assholes
assholes1
assilem
assinantes
assist
assistant
asskicker
asslicker
assman
assman1
assmaster
assmonkey
assmunch
associated
asss
asssss
asstastic
assumption
assunta
asswhole
asswipe
asswipe1
assword
assword1
ast
astalavista
astana
astapov123
astaroth
astarte
astem
aster
asterisco
asterisk
asterix
asterix1
asterlam
asteroid
asthma
astig
astig1
astigako
astigin
astigs
aston
aston1
aston123
astondb9
astonmartin
astonvilla
astonvilla1
astor
astoria
astra
astra1
astra123
astral
astrid
astro
astro1
astro123
astroboy
astrology
astronaut
astronomy
astros
astros1
astuce
asturias
asu123
asuasu
asuka
asuncion
asus
asus123
asusasus
aswang
aswathy
asylum
aszxaszx
at123456
atakan
atalanta
ataman
ataraxia
atari
ataris
ataturk
atchoum
atdhfkm
atelier
atenas
atenea
ateneo
ateneo123
aternos
ath
athan
atharva
athena
athena1
athena12
athena123
athens
atherton
athina
athlete
athletic
athletics
athlon
athlon64
athlonx2
athome
athos
athrun
atienza
atikah
atilla
atiradeon
atkins
atkinson
atl
atlant
atlanta
atlanta1
atlanta2
atlantic
atlantic1
atlantida
atlantide
atlantis
atlantis1
atlas
atlas1
atlas123
atlast
atletico
atmosphere
atombomb
atomic
atomic1
atrain
atreides
atreyu
atreyu1
atrium
att
attack
attention
atticus
atticus1
attila
attila6685
attilio
attitude
attitude1
attorney
atul
atybrc
atypica432
au
au4a83
aubergine
aubree
aubrey
aubrey1
auburn
auburn1
auckland
auction
aud
audi
audi100
audi80
audia3
audia4
audia6
audia8
audiaudi
audio
audio1
audioslave
audiq7
audir8
audirs4
audirs6
audis3
audis4
auditek
audition
auditor
auditore
auditt
audrey
audrey1
audrey12
audrey123
aug
auggie
augsburg
august
august01
august02
august03
august04
august05
august06
august07
august08
august09
august1
august10
august11
august12
august123
august13
august14
august15
august16
august17
august18
august19
august2
august20
august21
august22
august23
august24
august25
august26
august27
august28
august29
august3
august30
august31
august4
august5
august6
august7
august8
august88
august9
august99
augusta
augusta1
auguste
augustin
augustine
augusto
augusto1
augustus
auhsoj
aulia
auntie
aur
aura
auralog
aurapassword
aurel
aurelia
aurelian
aurelie
aurelie1
aurelien
aurelio
aurelius
aurevoir
aurinko
auroin001
auroin01
aurora
aurora1
aurora12
aurora32
aurore
aus
aussie
aussie1
austen
austerlitz
austin
austin00
austin01
austin02
austin03
austin04
austin05
austin06
austin07
austin08
austin09
austin1
austin10
austin11
austin12
austin123
austin13
austin14
austin15
austin16
austin2
austin21
austin22
austin23
austin24
austin3
austin316
austin69
austin7
austin95
austin96
austin97
austin98
austin99
austine
australi
australia
australia1
australia123
australia2
australie
australien
austria
austria1
austyn
aut
authentic
author
authority
autism
auto
auto123
auto1234
autobahn
autobot
autobots
autobus
autocad
autohaus
automatic
automobil
automobile
automotive
autumn
autumn01
autumn1
autumn11
autumn12
auxerre
av8ygj1f2u
ava
ava123
avadakedavra
avagrace
available
avalanch
avalanche
avalanche1
avalon
avalon1
avalon11
avanesov
avangard
avantasia
avanti
avantika
avatar
avatar1
avatar11
avatar12
avatar123
avatar22
ave
avefenix
avelino
avellino
avemaria
avenged
avenged1
avenged7
avenged7fold
avenged7x
avengedsevenfold
avenger
avenger1
avengers
avenir
avensis
aventura
aventure
avenue
average
avery
avery1
avery123
avf2013
avgust
avi
aviation
aviation1
aviator
avignon
avila
aviles
avilla
avinash
avion
avionics
avions
aviron
avj8i9z6wd
avmpwd
avocado
avocat
avokado
avondale
avril
avril1
avril123
avrill
avrillavig
avrillavigne
avrilrocks
avrora
avvocato
aw123456
aw96b6
awaken
awakening
awards
awawaw
awdawd
awdawdawd
awdrgy
awdrgyjil
awdrgyjilp
awdsawds
awerty
awesome
awesome1
awesome10
awesome101
awesome11
awesome12
awesome123
awesome13
awesome2
awesome21
awesome22
awesome3
awesome7
awesome99
awesomeness
awesomesauce
awsedr
awsedrft
awsome
awsome1
awsome12
awsome123
awtge728
axawaqo24
axe
axe123
axel
axel123
axel1234
axelaxel
axelle
axelrose
axeman
axlrose
axlrose1
axolotl
axs8873w
aya
ayahbunda
ayamgoreng
ayanami
ayanami1
ayanamirei
ayanna
ayesha
ayesha1
ayesha123
ayinde
aylin
ayman
ayman123
aymeric
aynrand
ayobami
ayodance
ayodeji
ayodele
ayomide
ayoola
ayrton
aysegul
aysenur
aysq1984
aysq1984#
ayumi
ayurveda
ayushi
ayyappa
az
az09az09
az1234
az12345
az123456
az123456789
aza
azalea
azalia
azamat
azaria
azaz
azaz0909
azazaz
azazazaz
azazel
azazello
aze
aze123
aze123456
aze789
azeaze
azeqsd
azeqsdwxc
azer
azer123
azer1234
azerazer
azerbaijan
azerbaycan
azeroth
azerqsdf
azert
azert123
azerty
azerty0
azerty00
azerty007
azerty01
azerty02
azerty06
azerty1
azerty10
azerty11
azerty12
azerty123
azerty1234
azerty12345
azerty123456
azerty123456789
azerty13
azerty21
azerty22
azerty23
azerty31
azerty33
azerty44
azerty45
azerty57
azerty59
azerty62
azerty666
azerty69
azerty76
azerty77
azerty78
azerty789
azerty88
azerty91
azerty92
azerty93
azerty94
azerty95
azerty99
azertyazerty
azertyu
azertyu1
azertyui
azertyui1
azertyuio
azertyuiop
azertyuiop1
azertyuiop123
azertyuiop789
azevedo
azimut
aziz
aziz123
aziza
azizah
azkaban
azn123
azn4life
aznboi
aznpride
azqswx
azrael
azrail
azrail26
azriel
azsxdc
azsxdc1
azsxdc12
azsxdc123
azsxdcf
azsxdcfv
azsxdcfv1
azsxdcfvgb
azsxdcfvgbhn
azsxdcfvgbhnjm
aztec
azteca
aztecs
aztig
azucar
azucena
azul
azulazul
azumanga
azure
azxcvbnm
azzp6ux221
azzurra
azzurri
azzurro
b
b-ball
b00b00
b00bies
b00ger
b00mb00m
b00mer
b0ll0cks
b0ll0x
b123098
b123123
b12345
b123456
b1234567
b12345678
b123456789
b123456b
b16518
b166er
b1979041
b1b2b3
b1b2b3b4
b1b2b3b4b5
b1lkeb6711
b1x7qn2tug
b1zg1h9suza
b3njam1n
b3njamin
b5kl36hbat
b5kosc3o6d
b82olsn4yh
b85re4olov
b8ca6yz1nj
b9399f21060d4b5fcb6d3cf5fea8de
b9vjd5sc7b
ba
ba123456
baabaa
baadshah
bab
baba
baba12
baba123
baba1234
bababa
babababa
babaca
babacan
babacar
babacool
babaero
babajaga
babaji
babala123
babalola
babaloo
babalu
babamama
babar
babatunde
babayaga
babble
babby
babbygirl
babcia
babcia1
babe
babe12
babe123
babebabe
babeko
baberuth
babes
babes1
babeth
babette
babi
babi123
babicka
babie
babies
babies1
babies2
babies3
babigurl
babilon
babilonia
babita
babloo
babochka
babolat
babolat1
baboon
babou
babouche
baboun
baboune
baboy
baboyako
babs
babu
babu123
babubabu
babushka
baby
baby00
baby01
baby02
baby03
baby04
baby05
baby06
baby07
baby08
baby09
baby1
baby10
baby101
baby11
baby12
baby123
baby1234
baby12345
baby123456
baby13
baby14
baby143
baby15
baby16
baby17
baby18
baby19
baby20
baby2000
baby2005
baby2006
baby2007
baby2008
baby2009
baby2010
baby2011
baby21
baby22
baby23
baby24
baby25
baby28
baby520
baby69
baby77
baby99
babyangel
babybaby
babybaby1
babybash
babybear
babybear1
babybird
babyblue
babyblue1
babyblue2
babyboi
babyboo
babyboo1
babyboo123
babyboo2
babyboom
babyboy
babyboy1
babyboy12
babyboy123
babyboy2
babyboy3
babyboys
babycake
babycakes
babycakes1
babycat
babycoh
babycute
babydaddy
babydog
babydoll
babydoll1
babyduck
babyface
babyface1
babyg
babyg1
babygal
babygirl
babygirl01
babygirl06
babygirl07
babygirl08
babygirl09
babygirl1
babygirl10
babygirl101
babygirl11
babygirl12
babygirl123
babygirl13
babygirl14
babygirl15
babygirl16
babygirl17
babygirl18
babygirl19
babygirl2
babygirl20
babygirl21
babygirl22
babygirl23
babygirl24
babygirl3
babygirl4
babygirl5
babygirl6
babygirl69
babygirl7
babygirl8
babygirl9
babygirl99
babygirlo
babygirls
babygrl
babygurl
babygurl1
babygurl12
babygurl13
babyiloveyou
babyjack
babyjames
babyjane
babyjay
babykitty
babyko
babyko1
babykoh
babylon
babylon1
babylon5
babylone
babylove
babylove1
babyluv
babylyn
babymama
babymilo
babynames
babyphat
babyphat1
babypink
babypooh
babyq
babyqoh
babyrose
babyruth
babys
babystar
bac
bacardi
bacardi1
baccano
bacchus
bacgiang2
bach
bachelor
bachir
bachkhoa
back
back2back
backbone
backdoor
backdraft
backflip
backhoe
backinblack
backlash
backlink1
backoff
backpack
backspace
backspace1
backstab
backstreet
backstreetboys
backup
backwards
backyard
bacolod
bacon
bacon1
bacon123
baconbits
bacons
bacteria
bad
bad123
badabing
badaboom
badaboum
badass
badass1
badass12
badass123
badass69
badazz
badbad
badbitch
badboi
badboy
badboy01
badboy09
badboy1
badboy10
badboy11
badboy12
badboy123
badboy13
badboy2
badboy22
badboy23
badboy4life
badboy69
badboy99
badboys
badboys1
badboys123
badboys2
badboyz
badcat
badcompany
baddog
badeth
badewanne
badfish
badger
badger1
badger11
badger12
badger123
badgers
badgers1
badgirl
badgirl1
badgirls
badgurl
badguy
bading
badkarma
badkitty
badlands
badluck
badmama14
badman
badman1
badman123
badminton
badminton1
badong
badoo
badreligion
badromance
badshah
badtrip
badwolf
badyte5aq
baerchen
bag
bagdad
bagel
bagels
bagger
baggies
baggies1
baggins
baggins1
baggio
baggio10
baghdad
bagheera
baghera
bagira
bagong
bagpipes
bagpuss
bagpuss1
baguette
baguio
bagus
baguvix
bagwell
bah
bahadur
bahagia
bahala
bahalaka
bahalana
bahama
bahamas
bahamas1
bahamut
bahamut0
bahamut1
bahar1
bahbah
bahrain
bai
baikal
bailarina
bailee
bailey
bailey00
bailey01
bailey02
bailey03
bailey04
bailey05
bailey06
bailey07
bailey08
bailey09
bailey1
bailey10
bailey11
bailey12
bailey123
bailey13
bailey14
bailey2
bailey21
bailey22
bailey23
bailey24
bailey3
bailey7
bailey77
bailey99
baileydog
baileys
baili123com
baiser
bajaonel12
bajingan
bajingan1
bajs
bajs123
bajsbajs
bajskorv
bajskorv1
bajskorv123
bak
bak6a2h894
baka
bakabaka
bakaneko
bakayaro
bakekang
baker
baker1
baker123
baker3
bakers
bakery
baking
bakker
bakla
baklaako
baklan
bakugan
bakugan1
bakugan123
bakulaw
bakura
bal
bala
balabala
balaji
balala123
balalaika
balanar
balance
balance1
balaton
balazs
balbes
balbina
balboa
baldeagle
balder
balderdash
baldrick
baldur
baldwin
baldwin1
baleine
balena
baleno
balerina
bali
balibali
balikpapan
balint
baliw
balkan
ball
ball12
ball123
ball1234
balla
balla1
ballack
ballack13
ballard
ballas
ballbag
ballball
balle
balle123
ballen
baller
baller1
baller10
baller11
baller12
baller123
baller13
baller14
baller15
baller2
baller21
baller22
baller23
baller24
baller3
baller32
baller33
baller4life
ballerina
ballerina1
ballermann
ballers
ballet
ballet1
ballgame
ballin
ballin1
ballin12
ballin123
ballin13
ballin23
balling
ballislife
ballistic
ballon
balloon
balloon1
balloons
ballroom
balls
balls1
balls123
ballsack
ballsack1
ballsdeep
ballz
balmoral
balmung
baloch
balogun
baloncesto
baloney
baloney1
balong
balonka1
baloo
baloon
balou
balqis
balrog
baltazar
balthazar
baltic
baltika
baltimore
baltimore1
balto
balu
baluga
balzac
bam
bam123
bama
bama1234
bamako
bamba
bambam
bambam01
bambam1
bambam11
bambam12
bambam123
bambambam
bambang
bambi
bambi1
bambi123
bambie
bambina
bambini
bambino
bambino1
bambola
bambolina
bamboo
bamboo1
bamboocha
bambou
bambucha
bambulka
bambus
bambush
bamidele
bammargera
bamse
bamse123
ban
ban123
banaan
banaan123
banan
banan1
banan100
banan123
banana
banana01
banana1
banana10
banana11
banana12
banana123
banana1234
banana13
banana2
banana21
banana22
banana23
banana33
banana5
banana69
banana7
banana77
banana88
banana99
bananaman
bananana
bananarama
bananaroof674
bananas
bananas1
bananas123
bananas2
bananasplit
banane
banane1
banane12
banane123
bananen
bananer
bananna
banban
bancroft
band
band123
banda
bandaid
bandana
bandar
bander
bandera
banderas
bandgeek
bandicoot
bandido
bandini
bandit
bandit01
bandit1
bandit10
bandit11
bandit12
bandit1200
bandit123
bandit13
bandit2
bandit21
bandit22
bandit600
bandit69
bandit77
bandit99
bandito
bandits
bandnerd
bandung
bandung1
bandung123
bang
bang1234
bangalore
bangaram
bangbang
bangbang1
bangbus
banger
bangers
bangkok
bangkok1
bangla
banglade
bangladesh
bangladesh1
bangor
bangsat
banjaluka
banjer
banjo
banjo1
banjo123
bank
bank1234
bankai
bankai123
bankbank
banker
banking
bankole
banks
bannana
bannanas
banned
banner
bannono8
bansal
banshee
banshee1
bantam
banthan
bantoi
bantot
banyuwangi
banzai
bao123
baobab
baobao
baobao123
baobao520
baobei
baobei520
baobei521
baongoc
baphomet
baptist
baptiste
bar
bar123
baraban
barabara
barabas
barabas1
barabashka
barabba
barack
baracuda
baraka
barako
barakuda
baran
baran1
baran123
baranek
barata
barb
barbados
barbados1
barbapapa
barbar
barbara
barbara1
barbara12
barbara123
barbara2
barbarella
barbarian
barbarita
barbaro
barbaros
barbarossa
barbecue
barber
barber1
barbi
barbie
barbie01
barbie1
barbie10
barbie101
barbie11
barbie12
barbie123
barbie13
barbie2
barbie22
barbie23
barbiedoll
barbiegirl
barbies
barbora
barborka
barbos
barbosa
barbra
barbwire
barca
barca1
barca10
barca123
barcalona
barcellona
barcelo
barcelon
barcelona
barcelona1
barcelona10
barcelona11
barcelona12
barcelona123
barcelona2
barcelona7
barcelona9
barcelona99
barcelone
barchetta
barclay
barclays
barcode
bardak
bardock
bareback
barefoot
barenaked
barfield13
barfly
bargain
bariloche
barista
baritone
barkada
barkbark
barker
barking
barkley
barkley1
barley
barlow
barmaley
barman
barnabas
barnabe
barnaby
barnaby1
barnes
barnet
barnett
barney
barney01
barney1
barney10
barney11
barney12
barney123
barney2
barnie
barnsemester
barnsley
barnsley1
barnyard
baroda
barolo
baron
baron1
baron123
barone
barons
barosan
barosanu
barracuda
barrakuda
barrel
barrera
barret
barreto
barrett
barrett1
barrie
barrientos
barrington
barrios
barrister
barron
barros
barrow
barry
barry1
barry123
barselona
barsik
barsuk
bart
bart12
bart123
bart1234
bartas
bartbart
bartek
bartek1
bartek11
bartek12
bartek123
bartek13
bartek319
bartender
bartender1
bartlett
bartman
bartman1
bartok
bartolo
bartolome
bartolomeo
barton
bartosz
bartosz1
bartsimpson
bartus
baruch
barunka
bas
bas123
basan123
basara
basbas
base
baseba11
basebal
basebal1
baseball
baseball00
baseball01
baseball05
baseball06
baseball07
baseball08
baseball09
baseball1
baseball10
baseball101
baseball11
baseball12
baseball123
baseball13
baseball14
baseball15
baseball16
baseball17
baseball18
baseball19
baseball2
baseball20
baseball21
baseball22
baseball23
baseball24
baseball25
baseball26
baseball27
baseball28
baseball3
baseball31
baseball32
baseball33
baseball34
baseball4
baseball44
baseball5
baseball55
baseball6
baseball69
baseball7
baseball77
baseball8
baseball88
baseball9
baseball99
baseline
basement
basenji
baseoil
bashar
basher
bashful
bashir
basia
basia1
basic
basic1
basics
basil
basil1
basil123
basile
basilio
basilisk
basket
basket1
basket10
basket11
basket12
basket123
basket13
basket23
basketba
basketba11
basketbal
basketbal1
basketball
basketball1
basketball10
basketball11
basketball12
basketball123
basketball13
basketball14
basketball15
basketball2
basketball21
basketball22
basketball23
basketball24
basketball3
basketball33
basketball4
basketball5
basketball7
basketbol
basketcase
baskets
basodes12
basque
basquete
bass
bass12
bass123
bass1234
bassam
bassbass
bassboat
basser
basset
bassett
bassey
bassfish
bassguitar
basshunter
bassie
bassin
bassist
bassline
bassman
bassman1
bassmaster
bassoon
bassplayer
basspro
basta
bastard
bastard1
bastardo
bastards
baster
basterd
bastet
basti
basti123
bastia
bastian
bastian1
bastian123
bastien
bastille
bastion
bastos
basura
bat
bat123
bata1231
batang
batangas
batard
batata
batata123
batatafrita
batatinha
batavia
batbat
batboy
batcave
batch
bateau
bateman
batera
bateria
batgirl
bathory
bathroom
bathroom1
bathtub
batigol
batista
batista1
batista123
batistuta
batman
batman00
batman007
batman01
batman07
batman08
batman09
batman1
batman10
batman101
batman11
batman12
batman123
batman1234
batman13
batman14
batman15
batman17
batman18
batman2
batman20
batman21
batman22
batman23
batman24
batman25
batman3
batman33
batman5
batman55
batman56
batman66
batman666
batman69
batman7
batman72
batman77
batman88
batman89
batman99
batmonh
batosai
batter
batteria
batterie
batteries
battery
battery1
battista
battle
battle1
battle12
battle123
battleaxe
battlefield
battlefield1
battlefield2
battlefield3
battlefront
battlefront2
battleon
battleship
battlestar
battletech
battosai
battousai
batuhan
batuhan1
batuhan123
batusai
bau
baubau
baudelaire
bauer
bauhaus
baum
baum123
baumann
baumhaus
bautista
bautista1
bauvl356vb
bavaria
baxter
baxter01
baxter1
baxter11
baxter12
baxter123
bay
bayan123
bayani
bayarea
baybay
baybee
bayburt69
bayer04
bayern
bayern1
bayern123
baylee
bayley
bayliner
baylon
baylor
bayonne
bayot
bayram
bayshore
bayside
bayview
baywatch
bazinga
bazooka
bazooka1
bazuka
bazz2009
bb
bb1234
bb123456
bball
bball1
bball10
bball11
bball12
bball123
bball13
bball15
bball2
bball21
bball22
bball23
bball24
bball3
bball33
bball4life
bballer
bbb
bbb123
bbbb
bbbb1111
bbbbb
bbbbb1
bbbbbb
bbbbbb1
bbbbbbb
bbbbbbbb
bbbbbbbbb
bbbbbbbbbb
bbcbbc
bbdw757hch
bbking
bbkk1998
bbleo1zz
bboy4life
bc123456
bcdyzi
bcfc1875
bcifdag322
bcp201109a
bcrich
bcwars
bd123456
bdfyeirf
bdfyjd
bdfyjdbx
bdfyjdf
bdgyfjo098
be
bea
bea123
beabea
beach
beach1
beach123
beachbabe
beachball
beachboy
beachbum
beaches
beaches1
beachgirl
beacon
beagle
beagle1
beagles
beaker
beamer
beamer1
beamish
bean
bean123
beanbag
beanbean
beaner
beaner1
beanhead
beanie
beanie1
beanies
beans
beans1
beans123
beantown
bear
bear01
bear1
bear11
bear12
bear123
bear1234
bear13
bear22
bear2327
bear3324
bearbear
bearbear1
bearcat
bearcat1
bearcats
bearclaw
bearcub
beardog
beardog1
bearhug
bearman
bears
bears1
bears123
bears54
bears85
bearshare
bearshare1
beasley
beast
beast1
beast123
beast666
beastboy
beastie
beastie1
beastly
beastmode
beasts
beasty
beat
beata
beata1
beatbox
beatdown
beater
beatiful
beatit
beatka
beatle
beatles
beatles1
beatles4
beatrice
beatrice1
beatrix
beatriz
beatriz1
beattie
beau
beaubeau
beaufort
beaugosse
beaulieu
beaumont
beauregard
beaute
beautifu
beautiful
beautiful1
beautiful2
beautifull
beauty
beauty1
beauty12
beauty123
beautyful
beaver
beaver1
beaver12
beaver123
beaver69
beavers
beavers1
beavis
beavis1
beb
beba
bebang
bebe
bebe12
bebe123
bebe1234
bebebe
bebebebe
bebegim
bebek
bebeko
bebekoh
bebeng
bebert
bebeto
bebita
bebito
bebo
bebop
bec
because
because1
because123
becca
becca1
becca123
beccaboo
beck
becker
beckett
beckham
beckham07
beckham1
beckham23
beckham7
beckie
becks
becky
becky1
becky123
beckyboo
becool
bedford
bedford1
bedirhan
bedlam
bedrock
bedroom
bedroom1
bedtime
bee
bee123
beebee
beebop
beechwood
beef
beefcake
beefcake1
beefjerky
beegee
beegees
beehive
beejay
beeker
beeline
beelzebub
beeman60
beemer
beenie
beepbeep
beeper
beer
beer123
beer4me
beerbeer
beerisgood
beerman
beerme
beers
beertje
beerwah
beeswax
beethoven
beethoven1
beetle
beetle1
beetlejuice
beetroot
beezer
before
befree
begemot
beginner
beginning
begonia
begood
behappy
behappy1
behave
behbeh
behemoth
beholder
behringer
beiado
beibei
beijing
beijing2008
beirut
bejaia
bekasi
bel
bela
belair
belarus
belekas
belen
belette
beleza
belfast
belfast1
belgarath
belgarion
belgique
belgium
belgrano
belial
belieber
belier
believe
believe1
believer
belina
belinda
belinda1
belinea
belinea1
belinha
belize
belka
belkin
bell
bell123
bella
bella01
bella07
bella08
bella09
bella1
bella10
bella101
bella11
bella12
bella123
bella1234
bella13
bella2
bella2008
bella2009
bella2010
bella22
bella23
bella3
bella5
bella6
bella7
bellabella
bellaboo
belladog
belladonna
bellagio
bellamia
bellamy
bellarose
bellas
bellaswan
bellatrix
bellavista
bellbell
belldandy
belle
belle1
belle123
bellend
belles
belleville
bellevue
belleza
bellini
bellissima
bellissimo
bello
bellota
bellsouth
belly
bellybutton
bellydance
belmondo
belmont
belmont1
belmonte
belochka
beloved
beloved1
beltran
beluga
belvedere
bembem
bemine
ben
ben10
ben100
ben10000
ben101
ben123
ben1234
ben12345
ben123456
benben
benben1
benben123
benbenben
bence
bench
bendan
bendeguz
bender
bender1
bendog
bendover
bene
benedetta
benedetto
benedict
benedict1
benedicte
benedicto
benedikt
benefits
benelli
benetton
benfica
benfica1
benfica10
benfica123
bengal
bengals
bengals1
bengals85
bengbeng
bengkulu
benhur
beni
beniamin
benice
benidorm
benita
benitez
benito
benja123
benjam
benjam1n
benjamin
benjamin01
benjamin1
benjamin10
benjamin11
benjamin12
benjamin123
benjamin2
benjamin22
benjamin3
benjamin4
benjamin5
benjamin7
benjamin8
benjamin9
benji
benji1
benji123
benjie
benjo
benladen
bennet
bennett
bennett1
benni
bennie
bennies15zx3d56
bennington
benny
benny1
benny123
benny2
bennyboy
benoit
benson
benson1
benson12
benson123
benten
benten10
benten12
benteuno
bentley
bentley1
bently
benton
bentong
bentot
benz
benzema
benzin
beograd
beowulf
ber
ber217an
berbatov
berbatov9
berber
berdan
berenice
beretta
beretta1
bereza
berfin
bergamo
bergen
berger
bergerac
bergeron
bergkamp
bergkamp10
bergman
bergmann
berhasil
berkan
berkant
berkay
berkay123
berke123
berkeley
berkley
berkscount
berkshire
berkut
berlin
berlin1
berlin12
berlin123
berliner
berlingo
berlioz
berlitz
bermuda
bermuda1
bermudez
berna
bernabe
bernadeth
bernadette
bernadette1
bernal
bernard
bernard1
bernardino
bernardo
bernardo1
bernd
bernhard
berni
bernice
bernice1
bernie
bernie01
bernie1
bernstein
berries
berry
berry1
berry123
berserk
berserk1
berserker
bert
berta
bertbert
bertha
bertha1
berthe
bertie
bertie1
berto
bertone
bertram
bertrand
bertus
beruang
beruska
berwick2015zx3d56
beryl
bes
besiktas
besiktas1
besiktas1903
bessie
bessie1
best
best123
best1234
bestbest
bestboy
bestbuds
bestbuy
bestbuy1
bester
bestfriend
bestfriend1
bestfriends
bestgirl
bestia
bestie
besties
bestit2013
bestluck19a
bestman
bestrong
bestseller
bet
beta
beta123
betabeta
betchay
betelgeuse
beth
beth123
bethan
bethanie
bethann
bethany
bethany1
bethany123
bethebest
bethel
bethesda
bethoven
betina
betito
betlog
betmen
beto
beto123
betoven
betrayal
betrayed
betsie
betsy
betsy1
betta
better
better1
betterman
bettie
bettina
bettina1
bettis
bettis36
betty
betty1
betty123
betty21
bettyboo
bettyboo1
bettyboop
bettyboop1
bettylou
between121
beulah
beutiful
beverley
beverley1
beverly
beverly1
beware
bewitched
beyblade
beyblade1
beyonce
beyonce1
beyond
beyourself
beyzam
bf1942
bff
bff123
bff4ever
bgbgbg
bgt56yhn
bh2d7f6dut
bh90210
bhabe
bhabes
bhabhie
bhabie
bhaby
bhaby1
bhabycoh
bhabyko
bhabykoh
bhabyq
bhabyqoh
bhagwan
bhagya
bhakti
bhandari
bharat
bharat123
bharath
bharathi
bharati
bhardwaj
bhargavi
bharti
bhaskar
bhatti
bhavana
bhavani
bhavesh
bhavin
bhavna
bhavya
bhbcrf
bhbh
bhbirf
bhbyf
bhbyjxrf
bhbyrf
bhebhe
bhebhe1
bhebheko
bhebhekoh
bhebheq
bhebz
bheng
bhezt
bhf
bhjxrf
bholenath
bhu89ijn
bhumika
bhushan
bhutan
bhuvana
bia
bia123
biabia
biagio
bianca
bianca01
bianca1
bianca10
bianca11
bianca12
bianca123
biancaneve
bianchi
bianco
bianka
biarritz
biatch
bib
biba7100
bibble
bibi
bibi123
bibiana
bibibi
bibibibi
bibiche
bibine
bible
bible1
bible123
bibles
biblia
biblio
biblioteca
biblioteka
bibou
biboune
biboy
bic
bicameral
biceps
bichette
bichito
bichngoc
bichon
bicicleta
bicicletta
bicycle
bicycle1
bidadari
bidemi
bidouille
bidule
bie
bieber
bieberfever
biedronka
biedronka1
biel123
bielefeld
bienchen
biene
bienvenido
bienvenu
bienvenue
bier
biertje
big
big123
bigal
bigapple
bigass
bigbaby
bigbad
bigballa
bigballer
bigballs
bigballs1
bigbang
bigbang1
bigbang123
bigbass
bigbear
bigbear1
bigben
bigben7
bigbertha
bigbig
bigbill
bigbird
bigbird1
bigblack
bigblock
bigblue
bigblue1
bigbob
bigboi
bigboi1
bigboobs
bigboobs1
bigbooty
bigboss
bigboss1
bigboy
bigboy1
bigboy11
bigboy12
bigboy123
bigboy2
bigboy22
bigboy69
bigbro
bigbrother
bigbubba
bigbuck
bigbuck1
bigbucks
bigbutt
bigbutts
bigcat
bigcheese
bigcock
bigcock1
bigd
bigdad
bigdaddy
bigdaddy1
bigdaddy12
bigdaddy2
bigdave
bigdave1
bigdawg
bigdawg1
bigdeal
bigdick
bigdick1
bigdicks
bigdog
bigdog1
bigdog11
bigdog12
bigdog123
bigdog69
bigdogg
bigdogs
bigears
bigfish
bigfish1
bigfoot
bigfoot1
biggdogg
bigger
biggie
biggie1
biggirl
biggles
biggles1
biggun
bigguns
bigguy
biggy
bighead
bighead1
bighouse
bigjake
bigjim
bigjoe
bigjohn
biglove
bigmac
bigmac1
bigmama
bigmama1
bigman
bigman1
bigman12
bigman123
bigmike
bigmike1
bigmomma
bigmoney
bigmoney1
bigmouth
bignasty
bignose
bignuts
bigone
bigones
bigoudi
bigpapa
bigpenis
bigpig
bigpimp
bigpimp1
bigpimpin
bigpimpin1
bigpoppa
bigpun
bigpussy
bigred
bigred1
bigsexy
bigsexy1
bigshot
bigshow
bigshow1
bigsis
bigsister
bigsky
bigsmoke
bigstar
bigtime
bigtime1
bigtimerush
bigtit
bigtits
bigtits1
bigtoe
bigtruck
bigtymer
bigwig
bigwill
bigwilly
bigworm
bijou
bijoux
bike
biker
biker1
bikerboy
bikers
biking
bikini
bikram
bil
bilabong
bilal
bilal123
bilancia
bilat
bilbao
bilbo
bilbo1
bilbo123
bilbobaggins
bilder
bilgisayar
biljana
bill
bill123
bill1234
billa
billabong
billabong1
billard
billbill
billbob
billgates
billiard
billiards
billie
billie1
billiejean
billiejoe
billiejoe1
billing
billings
billion
billionaire
billions
billkaulitz
billou
bills
bills1
billy
billy1
billy12
billy123
billy1234
billy2
billy7
billyb
billybob
billybob1
billyboy
billyboy1
billygoat
billyjoe
billyray
billys
billytalent
bilmem
bilmiyorum
bilou
biloute
bimbim
bimbo
bimbo1
bimbo123
bimmer
bin
bin123
binary
binbin
binbo123
binder
bing
bingbing
bingbong
bingham
bingo
bingo1
bingo123
bingobingo
bingobongo
bingoo
bingos
bingung
binhminh
binkie
binky
binky1
binladen
bintang
bintang1
bintou
bio
biobio
biochem
biochemistry
biodun
biohazard
biohazard1
biohazard4
biologi
biologia
biologie
biology
biology1
bioman
biomed
bionda
biondo
bionic
bionicle
bionicle1
bionicman
bioshock
bioshock1
bioshock12345
bioshock2
biotch
biotech
biotechnology
bipbip
bipolar
biquette
bir
birba
bird
bird123
bird33
birdbird
birdcage
birddog
birdhouse
birdhouse1
birdie
birdie1
birdies
birdman
birdman1
birds
birdsong
birdy
birgit
birillo
birmingham
birmingham1
birtanem
birthday
birthday1
bis
bisaya
biscoito
biscotte
biscotto
biscuit
biscuit1
biscuit123
biscuit2
biscuits
biscuits1
bisexual
bishop
bishop1
biskit
bismarck
bismark
bismilah
bismilla
bismillah
bismillah1
bismillah123
bismillah786
bismillah99
bismillahi
bisola
bison
bisounours
bisous
bistro
bit
bitanem
bitbit
bitburger
bitch
bitch01
bitch1
bitch101
bitch11
bitch12
bitch123
bitch1234
bitch13
bitch2
bitch22
bitch23
bitch3
bitch420
bitch5
bitch666
bitch69
bitch7
bitchass
bitchass1
bitchbitch
bitches
bitches1
bitches2
bitchface
bitchin
bitchplease
bitchs
bitchslap
bitchy
bitchy1
bitcoin1
bitcoins
bite
bitefight
biteme
biteme01
biteme1
biteme11
biteme12
biteme123
biteme2
biteme69
bitter
bittersweet
bivuce
bizarre
bizkit
bizzle
bizzybone
bj
bj2009
bjarne
bjasonde12
bjbjbj
bjk1903
bjkbjk
bjoern
bjork
bjorn
bl
bl1zzard
bl8lygb0
bla
bla123
blaat
blabla
blabla1
blabla11
blabla12
blabla123
blabla2
blablabla
blablabla1
blablabla123
blablub
blablubb
black
black007
black01
black1
black10
black101
black11
black12
black123
black1234
black12345
black13
black2
black21
black22
black23
black3
black5
black6
black666
black69
black7
black777
black8
black9
black99
blackadder
blackandwhite
blackangel
blackass
blackbear
blackbeauty
blackbelt
blackbelt1
blackberry
blackberry1
blackbird
blackbird1
blackblack
blackblood
blackbox
blackboy
blackburn
blackburn1
blackcat
blackcat1
blackcat13
blackcats
blackdeath
blackdevil
blackdiamond
blackdog
blackdog1
blackdragon
blackeagle
blacker
blackeye
blackfire
blackflag
blackfoot
blackfox
blackgirl
blackhat
blackhawk
blackhawk1
blackhawks
blackheart
blackhole
blackhorse
blacki
blackice
blackie
blackie1
blackie123
blackie2
blackjac
blackjack
blackjack1
blackjack2
blackjack21
blackk
blackknight
blacklab
blacklabel
blacklight
blacklist
blacklotus
blackmage
blackmagic
blackmail
blackmamba
blackman
blackman1
blackmetal
blackmoon
blackmore
blackness
blacknight
blackops
blackops1
blackops12
blackops123
blackops2
blackout
blackout1
blackpanther
blackpearl
blackpool
blackpool1
blackpower
blackred
blackrock
blackrose
blackrose1
blackroses
blacks
blacksabbath
blacksea
blackshadow
blacksheep
blackshot
blacksmith
blackstar
blackstar1
blackstone
blacksun
blackswan
blacktiger
blackveilbrides
blackwater
blackwell
blackwhite
blackwidow
blackwing
blackwolf
blackwood
blacky
blacky1
blacky12
blacky123
blade
blade1
blade12
blade123
blade2
blade3
blade55
blade666
blademaster
blader
bladerunner
blades
blades1
blades1889
blah
blah12
blah123
blah1234
blahblah
blahblah1
blahblah12
blahblah123
blahblah2
blahblahblah
blaine
blair
blair1
blaireau
blaise
blake
blake1
blake12
blake123
blakey
blanah
blanca
blanca1
blanchard
blanche
blanche1
blanco
blandine
blank
blank1
blanka
blanket
blanket1
blankie
blanquita
blarg
blargh
blarney
blasen
blast
blaster
blaster1
blaster123
blastoff
blastoise
blaugrana
blaze
blaze1
blaze123
blaze420
blazed
blazer
blazer1
blazer12
blazers
blazers1
blaziken
blazin
blazing
blbjn007
blbyf
blckd_sa_unpaidfee_oct06
ble
bleach
bleach1
bleach101
bleach12
bleach123
bleach13
bleble
bledsoe
bleeding
bleh
blehbleh
bleistift
blend
blender
bless
bless1
blessed
blessed01
blessed1
blessed12
blessed123
blessed2
blessed3
blessed7
blessedbe
blessie
blessing
blessing1
blessing123
blessings
blessings1
blessings7
blessme
blessthefall
blessy
blessyou
bleu
bli
blimp
blind
blind1
blind123
blindman
blinds
blindside
bling
bling1
bling123
blingbling
blink
blink-182
blink1
blink123
blink1234
blink182
blink1821
blink183
blinker
blinkme
blinks
blinky
bliss
bliss1
blissful
blister
blitz
blitz1
blitz123
blitzball
blitzen
blitzkrieg
blizzard
blizzard1
blizzard123
blizzard2
bljs2v85pt
blo
blob
blobby
block
block1
blockbuster
blocked
blocker
blockhead
blocks
bloemen
bloempot
blog27
bloger01
blogger
blogs123
blomma
blond
blonda
blonde
blonde1
blondes
blondi
blondie
blondie1
blondie123
blondie2
blondin
blondinka
blondy
blood
blood1
blood12
blood123
blood2
blood4life
blood5
blood666
bloodbath
bloodelf
bloodhound
bloodline
bloodlust
bloodlust1
bloodmoney
bloodmoon
bloodrayne
bloodred
bloods
bloods1
bloodshed
bloodshot
bloodstone
bloody
bloody1
bloody123
bloodyhell
bloodymary
bloodz
bloom
bloom1
bloomberg
bloomer
bloomfield
blooming
blooms
blooper
blossom
blossom1
blossom123
blossoms
blow
blower
blowfish
blowjob
blowjob1
blowjob69
blowjobs
blowme
blowme1
blowme2
blowme69
blq9vd76pa
blu
blub
blubb
blubb123
blubber
blubblub
blublu
blue
blue00
blue01
blue02
blue07
blue08
blue09
blue1
blue10
blue101
blue11
blue12
blue123
blue1234
blue12345
blue13
blue14
blue15
blue16
blue17
blue18
blue19
blue1998
blue20
blue2000
blue2002
blue21
blue22
blue2222
blue23
blue24
blue25
blue27
blue32
blue321
blue33
blue34
blue42
blue44
blue45
blue456
blue4ever
blue52
blue55
blue56
blue66
blue69
blue77
blue777
blue88
blue89
blue92
blue99
blueangel
bluearmy
bluebaby
blueball
blueballs
bluebear
bluebell
bluebell1
bluebells
blueberries
blueberry
blueberry1
bluebird
bluebird1
bluebirds
blueblood
blueblue
blueblue1
blueboy
blueboy1
bluebunny
bluecar
bluecat
bluecheese
bluechip
bluedevil
bluedevils
bluedog
bluedog1
bluedragon
blueeye
blueeyes
blueeyes1
bluefin
bluefire
bluefish
bluefish1
blueflame
bluefox
bluegill
bluegirl
bluegrass
bluegreen
blueice
bluejay
bluejay1
bluejays
bluejeans
bluelagoon
bluelight
blueline
bluelove
bluem00n
blueman
bluemax
bluemonkey
bluemoon
bluemoon1
bluenose
bluenose1
bluenote
blueocean
bluepink
blueprint
bluerain
bluered
blueroom
bluerose
blues
blues1
blues123
bluesclues
bluesea
blueskies
bluesky
bluesky1
bluesman
bluestar
bluestar1
bluestone
bluethunder
bluetooth
bluewater
bluewave
bluewhale
bluewolf
blueyes
bluff
blume
blume123
blumen
blumentopf
blunt
blunt420
blunted
bluntman
blunts
blutengel
blythe
bm1n2ch724
bmw
bmw123
bmw12345
bmw2002
bmw316
bmw316i
bmw318
bmw318i
bmw318is
bmw318ti
bmw320
bmw320d
bmw320i
bmw323
bmw325
bmw325i
bmw325is
bmw328
bmw330
bmw330ci
bmw520
bmw525
bmw540
bmwbmw
bmwe30
bmwe36
bmwm3
bmwm3csl
bmwm3gtr
bmwpower
bmx
bmx123
bmx4life
bmxbmx
bn74zsk843
bnbd246gbb
bnbnbn
bnm
bnm123
bnmbnm
bnmqxztv123
bo
boahu0o148
boang
boangka
board
boarder
boarding
boards
boat
boater
boating
boating1
boats
boavista
bob
bob1
bob101
bob111
bob123
bob1234
bob12345
bob123456
bob666
bobafett
bobafett1
bobb
bobber
bobbi
bobbie
bobbie1
bobbin
bobbins
bobble
bobbob
bobbob1
bobbob11
bobbob12
bobbob123
bobbobbob
bobby
bobby01
bobby1
bobby101
bobby11
bobby12
bobby123
bobby1234
bobby12345
bobby2
bobby22
bobby7
bobbyb
bobbybobby
bobbyboy
bobbyd
bobbydog
bobbyjack
bobbyjoe
bobbyorr
bobbys
bobcat
bobcat1
bobcats
bobcats1
bobdog
bobdole
bobdole1
bobdylan
bobdylan1
bobek
bobek1
bobert
bobesponja
bobette
bobhope
bobi
bobik
bobika
bobina
bobiscool
bobita
bobjoe
bobjones
bobleponge
bobman
bobmarley
bobmarley1
bobmarly
bobo
bobo11
bobo12
bobo123
bobo1234
bobobo
bobobobo
boboka
bobong
boboy
bobrik
bobsaget
bobsmith
bobson
bobster
bobtail
bobthebuilder
bobthedog
boby
boca
bocajuniors
bocephus
bochum
bocian
bod
bodacious
bodega
bodensee
bodger
bodrum
body
bodyboard
bodybuilding
bodyguard
bodyshop
bodyvibe
bodzio
boeboe
boeder
boeing
boeing737
boeing747
boeing757
boeing777
boeing787
bog
bogard
bogart
bogart1
bogdan
bogdan1
bogdan12
bogdan123
bogdanel
bogeissb2014
bogey
bogey1
boggie
boggle
bogie
bogoss
bogosse
bogota
bogus
bogus1
bohemia
bohemian
bohica
boi
boiboi
boiler
boilers
boing
boing747
boingo
bojana
bojangles
bokbok
bokbulursun
bokkie
boknoy
bokser
bol
bola
bolabola
bolacha
bolaji
bolang
bolanle
bolbol
bolek
bolero
bolinha
bolinhas
bolita
bolivar
bolivia
bolivia1
bolleke
bollocks
bollocks1
bollocks2
bollox
bollox1
bollywood
bolo
bolobolo
bologna
bologna1
bolton
bolton1
boludo
boluwatife
bom
bomb
bomba
bomba1
bomba123
bombadil
bombardier
bombastic
bombay
bombel
bomber
bomber1
bomberman
bombero
bombers
bombers1
bombom
bombon
bombshell
bomitho69
bommel
bon
bonafide
bonanza
bonaparte
bonbon
bonbon1
bonbon123
bonbons
boncuk
bond
bond0007
bond007
bondage
bondage1
bondarenko
bondbond
bonds25
bone
bonebone
boneca
bonefish
bonehead
bonehead1
boneka
boner
boner1
boners
bones
bones1
bones123
boness
bonethug
bonethugs
bonfire
bong
bongbong
bonghit
bonghits
bongo
bongo1
bongo123
bongos
bongwater
bonham
bonheur
bonhomme
boniface
bonifacio
bonilla
bonita
bonita1
bonito
bonjour
bonjour1
bonjour123
bonjours
bonjovi
bonjovi1
bonkers
bonkers1
bonner
bonnet
bonneville
bonnie
bonnie01
bonnie1
bonnie10
bonnie11
bonnie12
bonnie123
bonnie2
bonny
bonny1
bono
bonobo
bonobono
bonou2
bonovox
bonsai
bonscott
bonsoir
bonus
bonzai
bonzo
bonzo1
boo
boo123
boob
booba
boobah
boobear
boobear1
boober
boobie
boobie1
boobies
boobies1
boobies123
boobies2
boobies69
booboo
booboo01
booboo1
booboo10
booboo11
booboo12
booboo123
booboo13
booboo2
booboo21
booboo22
booboo23
booboo69
booboo99
booboobear
boobooboo
boobs
boobs1
boobs123
booby
boofhead
boofoot1
boogaloo
booger
booger1
booger11
booger12
booger123
boogers
boogers1
boogeyman
boogie
boogie1
boogie12
boogie123
boogieman
boognish
boogyman
boohoo
book
book123
book1234
book44
bookbook
booker
bookert
bookie
bookie1
bookie28
booking
bookitty
booklover
bookmark
bookmarks
books
books1
books123
bookworm
bookworm1
boom
boom12
boom123
boom1234
booman
boomba
boomboom
boomboom1
boomboompow
boombox
boomer
boomer01
boomer1
boomer10
boomer11
boomer12
boomer123
boomer13
boomer2
boomer22
boomerang
boomstick
boomtown
boondock
boondocks
boone
boonie
booo
booooo
boop
booper
boopie
boosie
booster
booster1
boot
bootcamp
booter
booter1
bootie
bootleg
bootneck
boots
boots1
boots123
bootsie
bootsie1
bootsy
booty
booty1
booty123
bootycall
bootylicious
booya
booyah
booyaka
booyaka619
boozer
bopper
boquita
bor
borabora
boracay
boragud02
borboleta
bordeaux
bordeaux33
bordel
border
borderlands
borderlands2
borderline
borealis
boreanaz
bored
bored1
bored123
boredom
borges
boricua
boricua1
boring
boriqua
boris
boris1
boris123
boriska
borisov
borisova
boriss
borja
borland
borman
born
born2die
born2kill
born2run
born2win
bornagain
borneo
bornfree
bornok
borntokill
borntorun
borntowin
boroboro
boroda
boromir
borracho
borrego
borris
borromeo
borussia
borussia09
borussia1
bos
bosanac
bosco
bosco1
bosco123
boscoe
bosley
bosman
bosna
bosna123
bosnia
boss
boss12
boss123
boss1234
boss302
boss429
bossboss
bosshog
bosshogg
bossing
bosslady
bossman
bossman1
bossss
bossy
bossy1
bosta123
bostero
boston
boston01
boston1
boston10
boston11
boston12
boston123
boston13
boston22
boston33
boston34
bostonlib
boswell
bosworth
bot
botafogo
botbot
bother
botswana
bottle
bottom
bottom1
bou
bouba
bouba10
boubou
bouboul
bouboule
bouboune
boucher
bouchon
bouchra
bouddha
boudin
boudou
boudreaux
bouffon
bougie
bouille
boulanger
boulder
boules
boulet
boulette
boulevard
boulogne
boulot
boulou
boumboum
bounce
bouncer
bouncer1
bounty
bounty1
bountyhunter
bourbon
bourgeois
bourne
bournemouth
bouteille
boutique
boutit
bouvier
bovine
bow
bowbow
bowden
bowers
bowhunter
bowie
bowie1
bowl300
bowler
bowling
bowling1
bowling300
bowman
bowser
bowser1
bowtie
bowwow
bowwow1
bowzer
box
boxbox
boxcar
boxer
boxer1
boxer123
boxerdog
boxers
boxhead
boxing
boxing1
boxing123
boxster
boxter
boy
boy123
boy12345
boy123456
boyboy
boyboy1
boycrazy
boyet
boyfriend
boyfriend1
boygirl
boylover
boyong
boys
boys123
boyscout
boysoverfl
boysoverfl1
boysrule
boyssuck
boytoy
boywonder
boyz2men
boyzone
bozena
bozkurt
bozo
bpo
bqlk8kx79u
bqr7we3e43
br
br00klyn
br0d3r
br123456
br1ttany
br549
br5499
br6owhv625
br8r184357
bra
brabus
brabus123
braceface
bracelet
braces
bracken
bracken1
brad
brad123
brad1234
bradbury
braden
bradford
bradford1
bradipo
bradley
bradley01
bradley1
bradley12
bradley123
bradley2
bradley7
bradly
bradpitt
bradshaw
brady
brady1
brady12
brady123
braeden
brahim
brahma
brahms
braiden
brain
brain1
brain123
braindead
brainiac
brains
brainstorm
brainy
bramble
bramble1
brambles
brampton
branca
branch
branco
brand
brand0n
brandan
brandee
branden
branden1
brandi
brandi1
brandie
brandie1
brandnew
brandnew1
brando
brandon
brandon01
brandon05
brandon06
brandon07
brandon08
brandon09
brandon1
brandon10
brandon11
brandon12
brandon123
brandon13
brandon14
brandon15
brandon16
brandon17
brandon2
brandon21
brandon22
brandon23
brandon24
brandon3
brandon4
brandon5
brandon6
brandon7
brandon8
brandon9
brandon98
brandon99
brandonlee
brandt
brandweer
brandy
brandy01
brandy1
brandy10
brandy11
brandy12
brandy123
brandy13
brandy2
branka
branko
brannon
branson
branston
brantley
brasco
brasil
brasil1
brasil10
brasil12
brasil123
brasil2014
brasile
brasileiro
brasilia
brasilien
brasov
brass
brat
bratinella
bratislava
bratnc94
bratty
bratwurst
bratz
bratz1
bratz12
bratz123
bratzs
bratzz
braulio
brave
braveheart
braveheart1
bravenet
braves
braves1
braves10
braves95
bravo
bravo1
bravo123
bravos
braxton
braxton1
brayan
brayan123
brayden
brayden1
braydon
brazil
brazil1
brazil10
brazil123
brazilia
bre
bre123
bread
bread1
bread123
break
break1
breakaway
breakbeat
breakdance
breakdown
breaker
breaker1
breakers
breakfast
breaking
breakingdawn
breakout
breaks
breana
breann
breanna
breanna1
breanne
breast
breasts
breath
breathe
breathe1
brebre
bree
breebree
breeze
breeze1
breezer
breezy
breezy1
breitling
breizh
bremen
brenda
brenda01
brenda1
brenda12
brenda123
brendan
brendan1
brenden
brenden1
brendon
brendon1
brengsek
brenna
brennan
brennan1
brennen
brenner
breno123
brent
brent1
brent123
brentford
brentford1
brenton
brentwood
brescia
bresil
bretagne
brethart
breton
brett
brett1
brett123
brewcrew
brewer
brewers
brewers1
brewster
brewster1
bri
bri123
brian
brian1
brian11
brian12
brian123
brian1234
brian2
briana
briana1
brianb
brianc
briand
briann
brianna
brianna01
brianna1
brianna10
brianna11
brianna12
brianna123
brianna2
brianna3
brianna4
brianne
brianne1
brians
bribri
brice
briciola
brick
bricks
bridge
bridge1
bridges
bridget
bridget1
bridgett
bridgette
bridie
brielle
brigada
brigade
brigadeiro
briggs
bright
bright1
brighteyes
brighton
brighton1
brigid
brigid1zx3d56
brigida
brigitta
brigitte
brigitte1
brijesh
brille
brilliant
brilliant1
brillo
brimstone
brindle
bring
bringit
bringiton
brinkley
brioche
briones
brisbane
brisbane1
brisco
brisingr
brisk
bristol
bristol1
brit
britain
britannia
britany
british
british1
britney
britney1
britney123
britneys
britneyspears
britni
britt
britt1
britt12
britt123
britta
brittani
brittany
brittany1
brittany12
brittany123
brittany2
brittney
brittney1
brittni
britton
britty
brixton
brmfp4a193
brn521
bro
bro3886
broadband
broadband1
broadcast
broadsword
broadway
broadway1
brobro
broccoli
brochet
brock
brock1
brodie
brodie1
brody
brody1
brody123
brogan
broke
broken
broken1
broken12
brokenarrow
brokencyde
brokenhear
brokenheart
broker
brolly
bromley
bronco
bronco1
broncos
broncos1
broncos7
bronson
bronson1
bronte
brontolo
bronwyn
bronx
bronx1
bronze
broodwar
brook
brook1
brooke
brooke01
brooke1
brooke10
brooke11
brooke12
brooke123
brooke13
brookes
brookfield
brookie
brooklyn
brooklyn1
brooklyn12
brooklyn2
brooklyn7
brooklynn
brooks
brooks1
brookside
broomfield
brother
brother1
brother12
brother123
brother2
brother3
brotherhood
brothers
brothers1
brothers2
brothers3
broucek
browar
brown
brown1
brown123
brownbear
browncow
browndog
browne
browneye
browneyes
browneyes1
brownie
brownie1
brownie123
brownie2
brownies
brownies1
browning
browning1
brownpride
browns
browns1
brownsugar
browny
browser
bru
bruce
bruce1
bruce123
brucelee
brucelee1
brucewayne
brucey
brucie
bruder
brugge
bruins
bruins1
bruins77
bruiser
bruiser1
brujah
brujeria
brujita
bruna
bruna123
brunel
brunette
bruninha
bruninho
brunito
bruno
bruno1
bruno10
bruno12
bruno123
bruno1234
bruno2
brunomars
brunos
brunswick
brunt
brussels
brutal
brutis
brutus
brutus01
brutus1
brutus11
brutus12
brutus123
bruxelles
bruxinha
bry
bryan
bryan1
bryan12
bryan123
bryana
bryanna
bryanna1
bryans
bryant
bryant1
bryant24
bryant8
brybry
bryce
bryce1
bryce123
brylle
bryony
bryson
bscirc
bsd
bsnl
bstaff123
bsxxbgs322
buang
buangka
bub
buba
bubabuba
bubamara
bubba
bubba01
bubba1
bubba11
bubba12
bubba123
bubba1234
bubba13
bubba2
bubba3
bubba69
bubbadog
bubbagump
bubbas
bubber
bubbie
bubble
bubble01
bubble1
bubble11
bubble12
bubble123
bubble2
bubblebutt
bubblegum
bubblegum1
bubblegum2
bubbles
bubbles01
bubbles1
bubbles10
bubbles101
bubbles11
bubbles12
bubbles123
bubbles13
bubbles14
bubbles2
bubbles21
bubbles22
bubbles23
bubbles3
bubbles4
bubbles5
bubbles69
bubbles7
bubbles8
bubbles9
bubblez
bubbly
bubby
bubby1
bubby123
bublik
buboy
bubu
bubu123
bububu
bubububu
bubuka
bubulina
bubulle
buburuza
buc
buccaneers
bucefalo
buceta
buceta123
buchanan
buck
buckaroo
buckbuck
bucket
buckethead
buckets
buckey
buckeye
buckeye1
buckeyes
buckeyes1
buckfast
buckie
buckingham
buckle
buckley
buckley1
buckmaster
bucks
buckshot
buckshot1
buckskin
buckwheat
buckwheat1
buckwild
bucky
bucky1
bucky123
bucuresti
bud
bud123
bud420
budala
budapest
budbud
budda
buddah
buddah1
budder
buddha
buddha1
buddie
buddie1
buddies
buddy
buddy01
buddy1
buddy10
buddy100
buddy101
buddy11
buddy111
buddy12
buddy123
buddy1234
buddy13
buddy14
buddy2
buddy22
buddy23
buddy3
buddy4
buddy5
buddy6
buddy7
buddy99
buddyboy
buddyboy1
buddycat
buddydog
buddydog1
buddyholly
buddylee
buddylove
buddys
budget
budgie
buding
budlight
budlight1
budlite
budman
budokai
budster
budweiser
budweiser1
budwiser
buenavista
buendia
bueno
buenos
buenosaires
buf
bufalo
buffalo
buffalo1
buffalo66
buffer
buffet
buffett
buffett1
buffie
buffon
buffy
buffy1
buffy123
buffys
buford
bug
bug123
bugaboo
bugaga
bugaosuni
bugati
bugatti
bugatti1
bugbug
bugger
bugger1
buggeroff
buggie
buggy
buggy1
bugmafia
bugman
bugmenot
bugs
bugsbunny
bugsbunny1
bugsy
bugsy1
buhjvfybz
buick
builder
builder1
builders
building
bujang
bujhm
bujhtr
bujji
bukkake
buknoy
bukola
bukowski
bul
bulacan
bulaklak
bulan
bulate
bulbasaur
bulbsdirect
bulbul
buldog
buldozer
bulgaria
bulilit
bull
bullbull
bulldawg
bulldog
bulldog1
bulldog11
bulldog12
bulldog123
bulldog2
bulldog5
bulldog7
bulldogg
bulldogs
bulldogs1
bulldozer
bulle
bullen
buller
bullet
bullet1
bullet11
bullet12
bullet123
bulletproof
bullets
bullfrog
bullfrog1
bullhead
bullit
bullitt
bullock
bullrider
bulls
bulls1
bulls23
bullseye
bullseye1
bullsh1t
bullshit
bullshit1
bullshit123
bullshit2
bullterrier
bullwinkle
bully
bully1
bully123
bum
bumble
bumble1
bumblebee
bumblebee1
bumbling
bumbum
bumbum1
bumbumbum
bumerang
bumfluff
bumhole
bumhole1
bummer
bumper
bumsen
bun
bunbun
bunbury
bunches
bunda
bunda123
bundas
bundesliga
bundeswehr
bundle
bundy
bunga
bungalow
bungee
bunghole
bunghole1
bungie
bungle
bunica
bunker
bunkie
bunnie
bunnies
bunnies1
bunny
bunny1
bunny101
bunny11
bunny12
bunny123
bunny1234
bunny2
bunny7
bunnyboo
bunnybunny
bunnygirl
bunnyhop
bunnylove
bunnyrabbit
bunnys
bunso
bunsoy
bunty
bunty123
buongiorno
bur
burak
burak1
burak123
burakburak
buraot
burat
buratino
burbank
burberry
burberry1
burbuja
bureau
burger
burger1
burger123
burgerking
burgers
burgess
burgess1
burgos
burgundy
burhan
burlington
burn
burner
burnett
burning
burning1
burnley
burnley1
burnout
burnout1
burnout3
burns
burnside
burrito
burrito1
burrows
bursa16
bursaspor
burton
burton1
burton13
burunduk
burung
burzum
bus
busayo
busdriver
bush
bushido
bushido1
bushido123
bushman
bushmaster
bushra
business
business1
business12
business123
businka
busstop
busta
bustamante
busted
busted1
buster
buster00
buster01
buster05
buster06
buster07
buster08
buster09
buster1
buster10
buster101
buster11
buster12
buster123
buster1234
buster13
buster14
buster15
buster17
buster2
buster21
buster22
buster23
buster24
buster3
buster33
buster44
buster5
buster55
buster69
buster7
buster77
buster88
buster99
busterboy
busterbrown
busterdog
busybee
but
butch
butch1
butch123
butcher
butcher1
butchie
butchoy
butchy
buterfly
buthead
butkus
butler
butler1
butlins
butt
butt123
butt3rfly
buttbutt
buttcrack
butter
butter01
butter1
butter11
butter12
butter123
butter2
butter22
butter44
butterball
butterbean
butterblume
buttercup
buttercup1
buttercup2
butterfinger
butterfl
butterflies
butterfly
butterfly0
butterfly1
butterfly12
butterfly123
butterfly13
butterfly2
butterfly3
butterfly4
butterfly5
butterfly6
butterfly7
butterfly8
butterfly9
butterflys
buttermilk
butternut
butters
butters1
butterscotch
buttface
buttface1
buttfuck
butthead
butthead1
butthole
butthole1
buttman
buttmonkey
buttmunch
buttmunch1
buttocks
button
button1
buttons
buttons1
buttons123
buttons2
buttplug
butts
buttsex
buxton
buystuff
buz
buzhidao
buziaczek
buzz
buzzard
buzzard1
buzzbuzz
buzzer
buzzkill
buzzy
bvb
bvb09
bvb1909
bvbbvb
bvgthbz
bvgthfnjh
bvkmosrus2010
bvp33w7epu
bw29ikyb1c
bwfq23jp7f
bx42qxw436
byabybnb
byajhvfnbrf
byakugan
byakuya
bydgoszcz
bydzia1234
byebye
byebyebye
bygal141ok
bynthytn
bypass
byron
byron1
byt6owt39u
byteme
bytheway
byusdg23
byynet2010
c
c.ronaldo
c.ronaldo7
c0001222c
c00kie
c00kies
c00ldude
c00per
c0cac0la
c0ffee
c0l0rad0
c0mput3r
c0mputer
c0nn0r
c0p7oq81
c0raplok
c0rvette
c12345
c123456
c1234567
c12345678
c123456789
c16js5iqvx
c1c2c3
c1c2c3c4
c1f8paol3q
c224466889
c2h5oh
c2j5jbvr2f
c3a9yiy7fy
c3por2d2
c43dae874d
c43qpul5rz
c4447777c
c4jx7u4uoi
c4ndym4n
c5f9qji9ee
c6h12o6
c7ftu7u6xp
c9p5au8naa
ca
ca123456
ca75ccw7gn
cab
cabal
cabal123
caballero
caballero1
caballo
caballos
cabana
cabaret
cabbage
cabbage1
cabbages
cabelo
cabernet
cabeza
cabezon
cabin
cabinet
cable
cableguy
caboose
caboose1
caboverde
cabowabo
cabral
cabrera
cabrera1
cabrio
cabriolet
cabron
cabrones
cac
caca
caca12
caca123
caca1234
cacaboudin
cacaca
cacacaca
cacacaca1
cacadevaca
cacahuate
cacahuete
cacamaca
cacaman
cacapipi
cacaprout
cacaroto
cacat
cacat123
cacatua
cacca
cacca123
caccacacca
caccapupu
caccola
caceres
cachito
cachondo
cachorra
cachorro
cachou
cacing
cacique
cactus
cactus1
cad
cadaver
cadbury
cadbury1
caddie
caddy
cadeau
cadeira
cadela
caden
caden1
cadena
cadence
cadence1
cadets
cadillac
cadillac1
cadman
caesar
caesar1
cafe
cafecafe
cafemom
cafemom1
caffeine
cagada
cagayan
cagiva
cagliari
cagliostro
cagney
cagnolino
cahaya
cahill
cahill17
cai
caicai
caiden
caigithe
cailin
caillou
caiman
caio
caio123
caio1234
cairns
cairo
caitlin
caitlin1
caitlin123
caitlyn
caitlyn1
caiwang
cajun
cake
cake123
cake1234
cake48
cakecake
cakep
cakes
cakewalk
cal
calabaza
calabria
calais
calamar
calamardo
calamari
calamaro
calamity
calavera
calcio
calcium
calculator
calculator1
calculus
calcutta
calder
caldera
calderon
caldwell
cale1010
caleb
caleb1
caleb123
caledonia
calendar
calendario
calender
calgary
calgary1
calgaryp
calhoun
cali
cali123
cali4nia
caliban
caliber
calibra
calibra1
calibre
calico
caliente
californ
california
california1
californication
caligirl
caligula
calimero
calin
caline
calinou
calipso
calista
calisto
call
call911
callahan
callalily
callan
callas
callaway
callaway1
calle13
callie
callie01
callie1
callie12
callie123
calling
calliope
callista
callisto
callme
callofduty
callofduty1
callofduty123
callofduty2
callofduty3
callofduty4
callofduty5
callofduty6
callofduty7
callofdutymw3
calloway
callum
callum01
callum1
callum11
callum12
callum123
callum99
cally
calogero
calore
calvary
calvert
calvin
calvin01
calvin1
calvin11
calvin12
calvin123
calypso
calypso1
cam
cam123
camacho
camaleon
camara
camargo
camaro
camaro1
camaro12
camaro123
camaro67
camaro68
camaro69
camaron
camaross
camaroz28
cambiami
cambio
cambodia
cambodia1
cambria
cambridge
cambridge1
cambridgezx3d56
camcam
camden
camden1
camel
camel1
camel123
cameleon
camelia
camellia
camello
camelo
camelot
camelot1
camels
cameltoe
camera
camera1
camera123
camero
cameron
cameron01
cameron03
cameron05
cameron06
cameron07
cameron08
cameron1
cameron10
cameron11
cameron12
cameron123
cameron13
cameron2
cameron3
cameron4
cameron5
cameron6
cameron7
cameron8
cameron9
cameron99
cameroon
cameroun
cami
camila
camila01
camila1
camila10
camila12
camila123
camile
camilita
camilla
camilla1
camille
camille1
camille123
camillo
camilo
camilo123
camino
camion
camioneta
camisa
camisa10
camisa12
cammello
cammie
camomilla
camote
camp
campana
campanile
campanilla
campanita
campari
campbell
campbell1
campeon
campeones
camper
camper1
campfire
campinas
camping
camping1
campino
campion
campione
campioni
campos
camprock
campus
camron
camry
camryn
camwithher
can
can123
canaan
canabis
canabis1
canada
canada01
canada1
canada10
canada11
canada12
canada123
canada13
canada22
canada99
canadian
canadian1
canadien
canadiens
canaille
canal2006
canales
canalla
canard
canari
canarias
canaries
canario
canary
canavar
canberra
cancan
cancancan
cancel
cancer
cancer1
cancer12
cancer123
cancer22
cancer69
cancerian
cancro
cancun
candace
candace1
candan
candela
candelaria
candi
candice
candice1
candida
candide
candido
candie
candies
candle
candle1
candles
candles1
candra
candy
candy1
candy10
candy101
candy11
candy12
candy123
candy1234
candy13
candy2
candy22
candy3
candy5
candy7
candyapple
candyass
candybar
candycandy
candycane
candycane1
candycorn
candyfloss
candygirl
candygirl1
candyland
candyland1
candyman
candyman1
candys
candyshop
cane
canela
canelle
canelo
caner123
canes
canes1
caneta
canete
cangrejo
canguro
canibal
canibus
caniche
canim
canimbenim
canimsin
canine
canislupus
canito
canlas
cannabis
cannabis1
cannavaro
cannelle
cannes
cannibal
cannon
cannon1
cannonball
cannondale
canoe
canon
canon1
canon123
cantante
canter
canterbury
cantik
cantik1
cantika
canton
cantona
cantona07
cantona1
cantona7
cantor
cantrell
canuck
canucks
canucks1
canvas
canyon
caocao
caoimhe
caonima
caonima1
caonima123
caonimabi
cap
capa
capa2008
capa2009
capacity
capcom
capecod
capecod1
capella
capetown
capetown1
capitaine
capital
capital1
capitals
capitan
capitano
capitol
capoeira
capoeira1
capone
capone1
caporal
cappuccino
capri
caprice
caprice1
capricho
capricon
capricorn
capricorn1
capricorne
capricornio
capricorno
caprisun
capslock
capslock1
capsule
captain
captain1
captain2
captiva
capucine
capullo
car
car0line
car123
car12345
cara
caraca
caracas
caracas1
caracol
caracola
caracoles
caracter
caraculo
caraibe123
carajo
caralho
caralho1
caralho123
caramail
caramba
carambar
carambola
caramel
caramel1
caramella
caramelle
caramelo
caramelo1
caramon
caravaggio
caravan
caravan1
caravane
carbine
carbon
carbon1
carbon12
carbone
carcar
carcass
card
cardcaptor
cardenas
cardiac
cardiff
cardiff1
cardigan
cardinal
cardinal1
cardinals
cardinals1
cardinals5
cardio
cardona
cardoso
cards
cards1
cards123
care
care1234
carebear
carebear1
carebears
carebears1
careca
career
career1
careers
careersclass
carefree
careful
caregiver
careless
caren
carey
carhartt
cari
cariad
caribbean
caribe
caribou
caridad
carina
carina1
carine
caring
carinho
carino
carioca
carisma
carissa
carissa1
carita
caritas
carito
carl
carl123
carl1234
carla
carla1
carla123
carlee
carlene
carleton
carletto
carley
carlie
carlin
carling
carling1
carlinha
carlinhos
carlisle
carlita
carlito
carlito1
carlitos
carlitos1
carlo
carlo1
carlo123
carlos
carlos00
carlos01
carlos1
carlos10
carlos11
carlos12
carlos123
carlos1234
carlos12345
carlos123456
carlos13
carlos14
carlos15
carlos16
carlos17
carlos18
carlos19
carlos2
carlos20
carlos21
carlos22
carlos23
carlos24
carlos25
carlos3
carlos69
carlos99
carlota
carlotta
carlsberg
carlsberg1
carlson
carlton
carlton1
carly
carly1
carly123
carlyn
carman
carmel
carmel1
carmela
carmela1
carmelina
carmelita
carmella
carmelo
carmelo1
carmelo15
carmen
carmen01
carmen1
carmen11
carmen12
carmen123
carmen13
carmencita
carmex
carmina
carmine
carmine1
carmona
carnage
carnage1
carnation
carnaval
carnegie
carneiro
carnell
carney
carnifex
carnival
carnival1
caro
carol
carol1
carol123
carola
carolann
carole
carole1
caroli
carolin
carolina
carolina1
carolina12
carolina123
carolina23
caroline
caroline1
caroline12
caroline123
caroline2
caroll
carols
carolyn
carolyn1
carolzinha
caronte
carota
carotte
carousel
carpe
carpedie
carpediem
carpediem1
carpenter
carpenter1
carper
carpet
carpet1
carpio
carranza
carrasco
carrefour
carreon
carrera
carrera1
carrera4
carreras
carrick
carrie
carrie1
carrier
carrillo
carrington
carrion
carro
carro123
carroll
carroll1
carros
carrot
carrot1
carrot123
carrots
carrots1
carry
cars
cars123
cars1234
carscars
carson
carson1
carson12
carsten
cartagena
cartel
carter
carter01
carter1
carter10
carter11
carter12
carter123
carter15
carter22
carter3
carthage
cartier
cartman
cartman1
cartman123
cartman2
carton
cartoon
cartoon1
cartoon123
cartoonnetwork
cartoons
cartoons1
cartouche
caruso
carvalho
carver
carvin
carwash
carwash1
cas
cas123
casa
casa12
casa123
casa1234
casablanca
casacasa
casada
casado
casale
casamento
casamia
casandra
casanova
casanova1
cascada
cascade
cascade1
cascades
cascas
case
case-sensitive
caseih
caserta
casetta
casey
casey1
casey11
casey12
casey123
casey2
caseydog
cash
cash123
cash1234
cashback
cashcash
cashew
cashflow
cashman
cashmere
cashmoney
cashmoney1
casillas
casillas1
casimir
casimiro
casino
casino1
casino123
casio
casio1
casio123
casiopea
casita
caspar
casper
casper00
casper01
casper1
casper10
casper11
casper12
casper123
casper13
casper134
casper14
casper2
casper21
casper22
casper23
casper69
casper99
caspian
cass
cassandra
cassandra1
cassandre
cassano
cassanova
cassey
cassia
cassidy
cassidy1
cassie
cassie01
cassie1
cassie10
cassie11
cassie12
cassie123
cassie13
cassie2
cassio
cassiopea
cassiopeia
cassis
cassius
cassius1
cassy
cassy1
castaneda
castaway
castel
castello
castelo
caster
castilla
castillo
castillo1
casting
castle
castle1
castlevania
castor
castor1
castravete
castro
castro1
castro123
castrol
casual
cat
cat101
cat123
cat1234
cat12345
cat123456
cataclysm
catalan
catalin
catalin1
catalin98
catalina
catalina1
catalog
catalunya
catalyst
catamaran
catanddog
catania
catania46
catapult
catarina
catcat
catcat1
catcat12
catcat123
catcatcat
catch
catch22
catch222
catcher
catchme
catdaddy
catdog
catdog1
catdog11
catdog12
catdog123
catdog2
catedral
catelus
caterham
caterham7
caterina
catering
caterpillar
cateye
cateyes
catface
catfight
catfish
catfish1
catfood
catgirl
cath
catharina
cathedral
catherin
catherine
catherine1
catherine2
cathie
cathleen
catholic
catholic1
cathouse
cathrine
cathy
cathy1
cathy123
catia
catinthehat
catita
catlady
catlover
catlover1
catman
catman1
catmando
catnip
catolica
catrin
catrina
catriona
cats
cats12
cats123
cats1234
catsanddogs
catscats
catsdogs
catseye
catsmeow
catsrule
cattle
cattleya
catty
catwalk
catwoman
catwoman1
catwomen
caution
caution1
cav
cavalera
cavalier
cavalier1
cavaliere
cavaliers
cavalli
cavallo
cavalo
cavalo123
cavalry
caveira
caveman
caveman1
cavendish
caviar
cavite
cavolo
cayang
cayank
cayden
cayenne
cayman
cayuga
cazador
cazzarola
cazzimiei
cazzo
cazzocazzo
cazzone
cb
cb123456
cba321
cbcmrb
cbcntvf
cbr1000
cbr1000rr
cbr1100xx
cbr600
cbr600f
cbr600rr
cbr900
cbr900rr
cbr929rr
cbrown
cc
cc1234
cc123456
cca8rlm521
ccc
ccc123
ccc171423hx
cccc
cccc130326
ccccc
cccccc
cccccc1
ccccccc
cccccccc
cccccccc1
cccccccccc
cccp
ccddee11
ccopacell1
ccppgai173
ccz998982
cd
cd123456
cdcdcd
cde34rfv
cde3vfr4
cdexswzaq
cdfolie
cdjkjxm
cdos
cdosabandonware
cdplayer
cdtnbr
cdtnjxrf
cdtnkfyf
cdznjckfd
ce
ce5lena12
ceasar
ceaser
cebola
cebran89
cebucity
cec
cece
cece123
cecelia
cecil
cecile
cecilia
cecilia1
cecilie
cecille
cecily
ceckbr
ced
cedar
cedric
cedric1
cedric123
cedrick
cedrik
ceecee
ceejay
cegthgfhjkm
cegthvty
ceilidh
cel
celebi
celebrate
celebration
celebrity
celena
celeron
celeron1
celery
celeste
celeste1
celestial
celestin
celestina
celestine
celestino
celia
celibataire
celica
celica1
celina
celina1
celina123
celine
celine01
celine1
celine123
celinedion
cell
cellardoor
cello
cellphone
cellphone1
cellular
cellulare
celtic
celtic01
celtic1
celtic11
celtic12
celtic123
celtic1888
celtic1967
celtic67
celtic7
celtic88
celticfc
celticfc1
celticno1
celtics
celtics1
celtics33
celtics34
celular
cement
cen
cena
cena54
cenation
cendrillon
cenerentola
cengiz
cennet
censored
centaur
centauri
centauro
centeno
center
center1
central
central1
centre
centrino
centrino1
centro
centrum
centurion
century
century1
century21
cepetsugih
cer
ceramic
ceramics
cerber
cerberus
cerberus1
cereal
cerebro
cerebus
cerfcerf
cerise
certified
cerulean
cervantes
cervantes1
cerveja
cerveza
ces
cesar
cesar1
cesar123
cesare
cesarin
cessna
cessna152
cessna172
cessna182
cestlavie
cestmoi
cet333333
cevthrb
ceyhun
ceylan
cezar
cezar1
cf
cf123456
cf8f7dg4zb
cfc1888
cfhfnjd
cfhil7s157
cfiekmrf
cfiekz
cfif
cfif123
cfif1999
cfif2000
cfif2001
cfifcfif
cfitymrf
cfrehf
cftyhnf942
cfvceyu
cfvehfq
cfvfhf
cfvjktn
cfytxrf
cg123456
cg52j1aaew
cgfhnfr
cgfzc3dvcmq=
cghfqn
cgyrfg345
ch
ch0c0late
ch1234
ch123456
ch1ck3n
ch1cken
ch33s3
ch33se
ch3ch2oh
ch3cooh
cha
cha123
cha1xun3tian
chablis
chacal
chacha
chacha1
chacha123
chachacha
chachi
chaching
chacho
chachou
chad
chad123
chad1234
chadchad
chaddy
chadmuska
chadwick
chadwick1
chagall
chaichai
chaima
chain
chaingang
chains
chainsaw
chainsaw1
chair
chair1
chair123
chairman
chairs
chaise
chaitali12
chaitanya
chaitu
chaka
chakkara
chakra
chakri
chalet
chalice
chalky
challenge
challenger
chalupa
chaman
chamba
chamber
chamber1
chamberlain
chambers
chambers1
chamcham
chameau
chameleon
chamois
chamonix
chamorro
champ
champ1
champ123
champa
champagne
champagne1
champers
champi
champion
champion1
champion12
champion123
champions
champions1
champloo
champs
champs1
champy
chan
chan123
chance
chance01
chance1
chance11
chance12
chance123
chance2
chances
chancey
chanchal
chanchan
chanchet
chancho
chand
chanda
chandan
chandana
chander
chandigarh
chandler
chandler1
chandni
chandoi
chandoi123
chandra
chandra1
chandran
chandrika
chandru
chandu
chanel
chanel05
chanel1
chanel11
chanel123
chanel5
chanelle
chanelle1
chaney
chanez
chang
chang123
changa
change
change1
change12
change123
change1234
changed
changed1
changeit
changeme
changeme1
changeme123
changeme2
changer
changes
changes1
changing
changmin
chango
chanman
channel
channel1
channing
channy
chanson
chantal
chantal1
chantale
chante
chantel
chantel1
chantell
chantelle
chantelle1
chanter
chanti
chantilly
chantinh
chaochao
chaos
chaos1
chaos123
chaos666
chaoscontrol
chaoss
chaotic
chaotic1
chaparra
chaparrita
chaparro
chapel
chapin
chapis
chaplain
chaplin
chapman
chapman1
chappell
chappy
chapstick
chapter
chapter1
chapulin
char
character
character1
characters
charade
charan
charchar
charcoal
chardonnay
charge
charger
charger1
charger69
chargers
chargers1
chargers21
charie
charina
charing
chariot
charis
charise
charisma
charisma1
charissa
charisse
charito
charity
charity1
charizard
charizard1
charl
charl0tte
charl1e
charle
charlee
charlee1
charleen
charlemagne
charlene
charlene1
charles
charles01
charles1
charles11
charles12
charles123
charles2
charles22
charles3
charles5
charles7
charleston
charley
charley1
charli
charlie
charlie0
charlie01
charlie02
charlie03
charlie04
charlie05
charlie06
charlie07
charlie08
charlie09
charlie1
charlie10
charlie101
charlie11
charlie12
charlie123
charlie1234
charlie13
charlie14
charlie15
charlie16
charlie17
charlie18
charlie19
charlie2
charlie20
charlie21
charlie22
charlie23
charlie24
charlie25
charlie27
charlie3
charlie33
charlie4
charlie5
charlie6
charlie69
charlie7
charlie77
charlie8
charlie88
charlie9
charlie96
charlie99
charlieb
charlieboy
charliebrown
charliedog
charlies
charline
charlize
charlo
charlot
charlote
charlott
charlotte
charlotte1
charlotte123
charlotte2
charls
charlton
charlton1
charly
charly1
charly123
charlyn
charm
charm1
charmaine
charmaine1
charmander
charme
charmed
charmed1
charmed123
charmed3
charmer
charmie
charmin
charming
charming1
charms
charmy
charon
charro
charry
charter
charter1
chartered
chartnexus
chase
chase1
chase12
chase123
chaselo
chaser
chasey
chasity
chasity1
chasse
chasseur
chastity
chat
chatchat
chateau
chatham
chatnoir
chato
chaton
chatons
chatoune
chatroom
chatte
chatten
chatter
chatterbox
chatting
chatty
chaucer
chaudhary
chauhan
chauncey
chaussette
chaves
chavez
chavez1
chaya
chayank
chayanne
chayenne
chaz
chazzy
chbc2gf82e
che
che123
chealsea
cheap
cheapass
cheapassgamer
cheat
cheater
cheater1
cheaters
cheating
cheats
cheburashka
checco
cheche
cheche1
chechen
checho
check
check123
checked
checkedbyx-all.org
checker
checker1
checkers
checkers1
checking
checkit
checkitout
checkmate
checkmate1
checkout
cheddar
cheddar1
chedder
cheeba
cheech
cheechee
cheeko
cheeks
cheeky
cheeky1
cheeky123
cheekymonkey
cheema
cheena
cheer
cheer1
cheer101
cheer12
cheer123
cheer4life
cheerful
cheergirl
cheering
cheerio
cheerios
cheerleader
cheerleading
cheers
cheese
cheese01
cheese1
cheese10
cheese101
cheese11
cheese12
cheese123
cheese1234
cheese13
cheese14
cheese2
cheese21
cheese22
cheese23
cheese24
cheese3
cheese33
cheese4
cheese44
cheese5
cheese69
cheese7
cheese77
cheese88
cheese99
cheeseball
cheeseballs
cheeseburger
cheesecake
cheesecake1
cheesehead
cheeseman
cheesepuff
cheesey
cheesey1
cheesy
cheesy1
cheeta
cheetah
cheetah1
cheetahs
cheeto
cheetos
cheetos1
cheeze
cheezit
cheezy
chef
chefkoch
cheguevara
chelito
chella
chellam
chelle
chelle1
chello
chelly
chelse
chelsea
chelsea01
chelsea05
chelsea06
chelsea07
chelsea08
chelsea09
chelsea1
chelsea10
chelsea100
chelsea11
chelsea12
chelsea123
chelsea1234
chelsea13
chelsea14
chelsea15
chelsea16
chelsea17
chelsea18
chelsea1905
chelsea2
chelsea21
chelsea22
chelsea23
chelsea25
chelsea26
chelsea3
chelsea4
chelsea5
chelsea6
chelsea69
chelsea7
chelsea8
chelsea88
chelsea9
chelsea99
chelseafc
chelseafc1
chelsey
chelsey1
chelsi
chelsie
chelsie1
chelsy
cheltenham
chem
chemical
chemical1
chemicals
chemie
chemist
chemist1
chemistdirect
chemistry
chemistry1
chemnitz
chen
chen0.0
chen123
chen1234
chen123456
chenchen
cheng
cheng123
chengcheng
chenhao
chenjian
chenjie
chenlei
chennai
chennai123
chenoa
chenwei
chepalle
cherche
cheri
cherie
cherif
cherise
cherish
cherish1
chernobyl
cherokee
cherokee1
cherrie
cherries
cherries1
cherry
cherry01
cherry1
cherry10
cherry101
cherry11
cherry12
cherry123
cherry1234
cherry13
cherry2
cherry21
cherry22
cherry23
cherry69
cherry7
cherryblossom
cherrybomb
cherrycoke
cherrypie
cherrypie1
cherrys
cherrytree
cherub
cheryl
cheryl1
chesca
cheshire
cheska
chesney
chesney1
chess
chess1
chess123
chesse
chessie
chessie1
chessman
chessmaster
chessy
chester
chester01
chester1
chester11
chester12
chester123
chester2
chester22
chester3
chester5
chester7
chesterfield
chestnut
chestnut1
chesty
chetan
cheung
cheval
chevalier
chevaux
chevelle
chevelle1
chevere
chevrolet
chevrolet1
chevron
chevy
chevy1
chevy123
chevy1500
chevy2
chevy350
chevy454
chevy4x4
chevy69
chevyman
chevys
chevys10
chevytruck
chevyz71
chewbaca
chewbacca
chewbacca1
chewey
chewie
chewy
chewy1
chewy123
cheyanne
cheyanne1
cheychey
cheyenne
cheyenne1
cheyenne12
cheyenne2
chhaya
chi
chi123
chiaki
chianti
chiapet
chiara
chiaretta
chiave
chibi
chiboy
chica
chica1
chica123
chicago
chicago1
chicago12
chicago123
chicago2
chicago23
chicago7
chicagobulls
chicano
chicas
chicca
chicco
chicha
chicharito
chichi
chichi1
chichi11
chichi12
chichi123
chichichi
chichiri
chicho
chick
chick1
chicka
chickadee
chickboy
chicken
chicken01
chicken1
chicken10
chicken101
chicken11
chicken12
chicken123
chicken13
chicken2
chicken21
chicken22
chicken23
chicken3
chicken4
chicken5
chicken6
chicken69
chicken7
chicken8
chicken9
chicken99
chickenbutt
chickenhead
chickenman
chickens
chickens1
chickensoup
chickenwing
chickie
chicklet
chicks
chicky
chiclete
chico
chico1
chico123
chicony
chicos
chicosci
chidera
chidori
chidori1
chiechie
chief
chief1
chief123
chiefs
chiefs1
chien
chien123
chienne
chiens
chienthan
chienthang
chiffon
chigger
chigozie
chihiro
chihuahua
chihuahua1
chijioke
chika
chiken
chikita
chilango
child
childcare
childhood
childofgod
children
children1
children2
children3
children4
children5
children6
chile
chileno
chili
chilidog
chilis
chill
chilla
chillen
chiller
chilli
chillin
chillin1
chilling
chillout
chilly
chimaera
chimaira
chimchar
chimchim
chimera
chimera1
chimie
chimps
chimpy
chin
china
china1
china123
chinacat
chinadoll
chinagirl
chinaman
chinaren
chinaski
chinatown
chinchan
chinchilla
chinchin
chinchin1
chinedu
chinelo
chinese
chinese1
ching
chingatumadre
chingching
chingon
chingy
chinita
chinita1
chinito
chinky
chinna
chinni
chinnu
chino
chino1
chino123
chino1994
chino94
chinois
chinonso
chinook
chinook1
chinos
chinta
chintu
chinyere
chioma
chip
chipchip
chipie
chipmonk
chipmunk
chipmunk1
chipmunks
chipotle
chipper
chipper1
chipper10
chippewa
chippie
chippy
chippy1
chips
chips1
chips123
chipster
chiqui
chiquis
chiquita
chiquita1
chiquitin
chiquitita
chiquito
chirag
chiron
chisholm
chisom
chisox
chispa
chispita
chitarra
chitchat
chito
chitown
chitown1
chitra
chitti
chivalry
chivas
chivas1
chivas10
chivas100
chivas11
chivas12
chivas123
chivas13
chivas14
chiwawa
chiyeuminhem
chkdsk
chl
chleose879
chloe
chloe01
chloe06
chloe07
chloe1
chloe10
chloe101
chloe11
chloe12
chloe123
chloe1234
chloe13
chloe2
chloe2000
chloe3
chloe5
chloecat
chloedog
chloee
chloes
chlorine
cho
chobit
chobits
chobits1
chocapic
chocha
chochet
chocho
choclate
choclate1
choco
choco1
choco123
chocobo
chocobo1
chococat
chocoholic
chocol8
chocola
chocolat
chocolat1
chocolat3
chocolate
chocolate!
chocolate0
chocolate1
chocolate10
chocolate11
chocolate12
chocolate123
chocolate13
chocolate2
chocolate3
chocolate4
chocolate5
chocolate6
chocolate7
chocolate8
chocolate9
chocolates
chocon
choctaw
choice
choices
choklad
cholito
cholo
chomik
chomik1
chomper
chona
chonchon
chong
chooch
choochoo
choochoo1
choose
chopchop
chopin
choppa
chopper
chopper1
chopper12
chopper123
chopper2
choppers
choppers1
choppy
chopsticks
chopsuey
chorizo
chorus
chosen
chosen1
chosenone
choubidou
chouchou
chouchou1
chouchoune
choucroute
choudhary
chouette
choupette
choupi
choupie
choupinette
choupinou
chouquette
chowchow
chowdary
chowder
chowder1
chowking
chr
chr1st1an
chri
chris
chris001
chris007
chris01
chris05
chris06
chris07
chris08
chris09
chris1
chris10
chris101
chris11
chris111
chris12
chris123
chris1234
chris12345
chris13
chris14
chris15
chris16
chris17
chris18
chris19
chris1988
chris1990
chris1991
chris1992
chris1993
chris1995
chris1997
chris2
chris20
chris21
chris22
chris23
chris24
chris25
chris3
chris33
chris4
chris5
chris6
chris666
chris69
chris7
chris77
chris8
chris88
chris89
chris96
chris99
chrisa
chrisb
chrisb1
chrisbln
chrisbrown
chrisbrown1
chrisc
chrischris
chrisd
chrisg
chrish
chrisi
chrisj
chrisk
chrism
chrisp
chriss
chrissi
chrissie
chrissy
chrissy1
christ
christ01
christ1
christ12
christ123
christ7
christa
christa1
christal
christel
christelle
christen
christensen
christer
christi
christi1
christia
christiaan
christian
christian0
christian01
christian1
christian10
christian11
christian12
christian123
christian2
christian3
christian5
christian7
christian8
christian9
christiana
christiane
christiano
christie
christie1
christin
christina
christina1
christina2
christine
christine1
christine2
christma
christmas
christmas1
christmas2
christo
christof
christop
christoph
christoph1
christophe
christophe1
christopher
christopher1
christos
christus
christy
christy1
chrisw
chrisy
chrome
chronic
chronic1
chronic420
chronicle
chronicles
chrono
chronos
chrysler
chrysler1
chrystal
chu
chubba
chubbs
chubby
chubby1
chubby123
chubchub
chucha
chuchay
chuchi
chucho
chuchu
chuck
chuck1
chuck123
chuckie
chuckie1
chuckles
chuckles1
chucknorris
chucks
chucky
chucky1
chuj
chuj123
chujciwdupe
chukwu
chukwudi
chukwuma
chula
chuleta
chumchum
chumley
chummy
chunchun
chung
chung123
chunk
chunks
chunky
chunky1
chunkymonkey
chuong
chupa
chupacabra
chupachups
chupala
chupalo
chupamela
church
church1
church12
churchdom
churchill
churchill1
churro
chutney
chxk2wx466
chyanne
chychy
chyna
chynna
cia
ciao
ciao11
ciao12
ciao123
ciao1234
ciaoatutti
ciaobella
ciaociao
ciaociao1
ciaociao123
ciaociaociao
ciapek
ciara
ciara1
ciara123
ciaran
ciboulette
cic
cicamica
ciccia
ciccina
ciccino
ciccio
cicciobello
cicciolina
ciccione
cicero
cichlid
cici
ciclismo
ciclon
cielito
cielo
ciencias
cierra
cigar
cigarette
cigars
cilacap
cimbom
cimbom123
cimbom1905
cimbombom
cin
cincin
cincinnati
cinco
cinco5
cinder
cinder1
cinderela
cinderella
cinderella1
cinders
cinders1
cindrella
cindy
cindy1
cindy123
cindy2
cindylou
cindys
cinema
cinghiale
cingular
cingular1
cinnamon
cinnamon1
cinque
cinta
cinta1
cinta1107
cinta123
cintakamu
cintaku
cintaku1
cintamati
cintaq
cintasejat
cinthia
cinthya
cintia
cinzia
cioccolata
cioccolato
ciocolata
cip123456
cipher
cipolla
cipollina
cippalippa
ciprian
cipriano
cir
circle
circuit
circus
cirebon
cirillo
cirilo
ciro
cirque
cirrus
cisco
cisco1
cisco123
ciscokid
cisneros
cit
citadel
citation
citibank
citizen
citizen1
citroen
citroen1
citroenc4
citrom
citron
citrouille
citrus
city
citygirl
cityhunter
civic
civic1
civicsi
civil
civilization
civilwar
cj
cj123456
cjcbcrf
cjkjdtq
cjkysirj
cjkywt
cjrjkjdf
cjstk1004
cjxb2014
cjytxrf
cjytxrj
cjyzcjyz123
ck16dkg81lw
ckfdbr
ckiue73jp
ckjybr
cklckl111
cl
cl241284
cla
clacla
claddagh
claire
claire01
claire1
claire12
claire123
clairebear
clamp
clan
clancy
clancy1
clandestine
clang
clannad
clapton
clapton1
clara
clara1
clara123
clare
clare1
claremont
clarence
clarence1
claret
clarets
clarice
clarinet
clarinet1
clarinette
clarinha
clarion
claris
clarisa
clarissa
clarissa1
clarisse
clarita
clarity
clark
clark1
clark123
clarke
clarkkent
clarkson
clarky
clashofclans
clasp
class
class07
class08
class09
class1
class2009
class2010
class2011
class2012
classe
classic
classic1
classic123
classical
classics
classified
classmate
classmates
classof06
classof07
classof08
classof09
classof10
classof11
classof201
classof2010
classof2011
classof2012
classof2013
classof2014
classroom
classy
claude
claude1
claudette
claudi
claudia
claudia01
claudia1
claudia12
claudia123
claudia2
claudie
claudine
claudio
claudio1
claudio123
claudita
claudiu
claudius
claus
clave
clave123
clavier
clay
claymore
claypool
clayton
clayton1
clb123456
cle
clean
cleaner
cleaning
clear
clear123
clearwater
clelia
clem
clemence
clemens
clement
clement1
clemente
clementina
clementine
clements
clemson
clemson1
cleo
cleo12
cleo123
cleocat
cleocleo
cleopatra
cleopatra1
cleopatre
cleric
clerks
clermont
cletus
cleveland
cleveland1
clever
clever1
cli
click
click123
clicker
client
clientesvpauto
cliff
cliff1
cliff123
clifford
clifford1
cliffy
clifton
clifton1
climax
climber
climber1
climbing
cling
clinic
clinique
clink
clint
clint1
clinton
clinton1
clio
clipper
clipper1
clippers
clippers1
clique
cliquers
clitoris
clive
clo
clochette
clock
clock1
clock123
clocks
clockwork
clockwork1
cloclo
cloe
clone
clone123
clones
clonewars
clooney
close123
closed
closer
closet
closeup
clothes
clothing
clotilde
cloud
cloud1
cloud123
cloud7
cloud9
cloud99
cloudff7
cloudnine
clouds
clouds1
cloudstrife
cloudy
clover
clover1
clover12
clover123
clovis
clown
clown1
clown123
clownfish
clowns
clti83x568
club
clubber
clubbing
clubbrugge
clubpenguin
clubpix
clueless
clueless1
clump
clumsy
clung
cluster
clusters
clutch
clyde
clyde1
clyde123
cm0bk6vr
cmacgm
cme2012
cmoney
cmpunk
cmw81447
cn
cn1o4id9zz
cn55om6985
cneltyn
cnfcbr
cnfkrth
cnfybckfd
cnhfyybr
cnhjbntkm
cnhjqrf
cnhtktw
cnhtrjpf
cnjvfnjkju
cntgfirf
cntgfy
cntgfyjdf
cnthdf
cntkkf
cntyrf66
coach
coach1
coaching
coacoa
coastal
coaster
cob
cobacoba
cobain
cobain1
cobalt
cobblers
cobra
cobra1
cobra11
cobra123
cobra2
cobra427
cobras
cobume
cobweb
coc
coca
coca-cola
cocacola
cocacola0
cocacola1
cocacola10
cocacola11
cocacola12
cocacola123
cocacola2
cocacola22
cocacola7
cocaina
cocaine
cocaine1
coccinella
coccinelle
coccodrillo
cochise
cochon
cock
cocker
cockroach
cocks
cocksuck
cocksucker
cocktail
coco
coco01
coco1
coco10
coco11
coco12
coco123
coco1234
coco12345
coco13
coco2000
coco22
coco23
coco99
cocoa
cocoa1
cocoa123
cocobean
cocobear
cocochanel
cococo
cococo1
cocococo
cococola
cocodog
cocodrilo
cocolino
cocoliso
cocoloco
cocomero
cocomo
coconut
coconut1
coconut123
coconuts
cocoon
cocopops
cocopops1
cocopuff
cocopuffs
cocorico
cocote
cocotier
cocotte
cod
cod123
cod12qw75rqyi59n
code
code123
code1234
codeblue
codecode
codegeass
codegeass1
codelyoko
codeman
codeman1
codemaster
codename
codename47
codered
codered1
codfish
codigo
codmw2
codmw3
cody
cody01
cody11
cody12
cody123
cody1234
codybear
codyboy
codycody
codydog
codysimpson
coelho
coeur
coffee
coffee01
coffee1
coffee11
coffee12
coffee123
coffee2
coffee22
coffee4me
coffeecup
coffey
coffin
cogito
coglione
cognac
cognita
coheed
cohen
cohiba
coimbatore
coimbra
coinage
coincoin
cojones
cokacola
coke
coke12
coke123
coke1234
cokecoke
cokecola
coklat
cokolada
col
col1234
cola
cola123
cola1234
colacola
colbert
colby
colby1
colby123
colchester
cold
coldbeer
colder
coldfire
coldplay
coldplay1
coldwater
cole
cole123
cole1234
colecole
coleen
colegio
coleman
coleman1
coleslaw
colette
colette1
colgate
colgate1
colibri
colin
colin1
colin123
colina
coline
colita
collado
collage
collect
collection
collective
collector
colleen
colleen1
college
college1
college2
collette
collie
collier
collin
collin1
collin12
collin123
collingwood
collins
collins1
colmar
colnago
colocolo
colocolo1
cologne
colombe
colombia
colombia1
colombia123
colombo
colonel
colonel1
colonia
colonial
colony
color
color1
color123
colorado
colorado1
coloreal
colores
colorful
colorguard
colors
colossus
colour
colours
colt
colt1911
colt45
colten
coltm4a1
colton
colton1
coltrane
colts
colts1
colts18
coluche
columbia
columbia1
columbo
columbus
columbus1
com
com123
comanche
comandante
comander
comando
comandos
comatose
combat
combat123654
combat18
combatarms
combine
comcast
comcast1
comcom
come
come2me
comeback
comecaca
comecome
comedy
comegetsome
comehere
comein
comeon
comeon11
comercial
comet
comet1
comet123
cometa
comete
cometome
comets
comewithme1
comfort
comfort1
comics
comida
coming
command
command1
commande
commander
commander1
commando
commando1
commandos
comment
commerce
commercial
commie
commodore
common
common123
commrades
communication
community
community1
comoestas
comp
compac
compact
company
company1
company123
compaq
compaq01
compaq1
compaq10
compaq11
compaq12
compaq123
compaq2
compaq6720
compaq6730
compaq99
compass
compass1
compassion
complete
complex
compliance
complicate
complicated
comply1
comply1!
comply3
compose
composer
compound
compra
compras
compton
compton1
compusa
comput
computador
computadora
compute
computer
computer0
computer01
computer1
computer10
computer11
computer12
computer123
computer1234
computer13
computer15
computer16
computer2
computer21
computer22
computer23
computer3
computer4
computer5
computer7
computer9
computer99
computers
computers1
comrade
comrades
con
conair
conan
conan1
conan123
conard
concac
conceicao
concepcion
concept
concept1
concert
concerto
concetta
concha
conchita
concho
concon
concord
concord1
concorde
concordia
concours
concrete
concrete1
concurso
condition
condo
condom
condor
condorito
conehead
coneja
conejita
conejito
conejo
confetti
confiance
confidence
confidencial
confident
confidential
config
confirm
confirm1
confirmation
confirmed
conflict
confused
confused1
confusion
congacon
congchua
congress
conheo
coniglio
conker
conley
conman
conmemay
conmeo
connard
connect
connect1
connect123
connect4
connected
connecting
connection
connell
connelly
conner
conner1
conner12
conner123
connex
connexion
connie
connie1
connie12
connie123
connolly
connor
connor01
connor02
connor03
connor04
connor05
connor06
connor07
connor08
connor09
connor1
connor10
connor11
connor12
connor123
connor13
connor1a
connor2
connor22
connor98
connor99
conny
conor
conor1
conquer
conqueror
conquest
conrad
conrad1
conrado
conroy
console
conspiracy
constance
constance1
constant
constanta
constantin
constantine
constantino
constanza
construction
consuelo
consul
consult
consultant
consulting
consumer
contact
contact1
contacts
contador
container
contato
contender
content
conter
contessa
contest
continental
continuar
continue
continue1
contour
contra
contract
contractor
contrase
contrase?a
contrasea
contrasena
contrast
contreras
control
control1
control123
controle
controller
controls
convent
converge
converse
converse1
convict
conway
conyeume
coo
coochie
coocoo
cook
cookbook
cooker
cookie
cookie00
cookie01
cookie08
cookie09
cookie1
cookie10
cookie101
cookie11
cookie12
cookie123
cookie1234
cookie13
cookie14
cookie15
cookie17
cookie18
cookie2
cookie21
cookie22
cookie23
cookie24
cookie3
cookie4
cookie45
cookie5
cookie55
cookie69
cookie7
cookie77
cookie88
cookie99
cookiedough
cookiemonster
cookies
cookies1
cookies101
cookies11
cookies12
cookies123
cookies2
cookies3
cookies5
cooking
cooking1
cool
cool01
cool1
cool10
cool101
cool11
cool12
cool123
cool1234
cool12345
cool123456
cool13
cool14
cool2000
cool21
cool22
cool23
cool88
cool99
coolbabe
coolbaby
coolbeans
coolbeans1
coolblue
coolboy
coolboy1
coolboy123
coolboys
coolbreeze
coolbuddy
coolcars
coolcat
coolcat1
coolcat12
coolcat123
coolcats
coolchick
coolcool
coolcool1
cooldog
cooldood
cooldude
cooldude1
cooldude12
cooldude123
cooleo
cooler
cooler1
cooler12
cooler123
coolermaster
coolest
coolest1
cooley
coolgirl
coolgirl1
coolgirls
coolguy
coolguy1
coolguy123
coolguys
coolhand
coolie
cooling
coolio
coolio1
coolio12
coolio123
coolkat
coolkid
coolkid1
coolkid123
coolkids
coolman
coolman1
coolman12
coolman123
coolman2
coolme
coolness
coolness1
coolone
coolpix
coolpool
coolstuff
coolwater
coolwhip
coondog
cooool
coop
cooper
cooper01
cooper07
cooper08
cooper09
cooper1
cooper10
cooper11
cooper12
cooper123
cooper13
cooper14
cooper2
cooper21
cooper22
cooper99
coopers
coorslight
cooter
cootie
cop
copacabana
copain
copeland
copenhagen
copernicus
copine
copito
copper
copper01
copper1
copper11
copper12
copper123
copperhead
copycat
copyright
coquelicot
coquette
coquin
coquine
coquito
cor
cora
coracao
coral
coralie
coraline
corazon
corazon1
corazones
corbett
corbin
corbin1
corcoran
cordeiro
cordelia
cordell
cordero
cordoba
cordova
core
core2duo
coregmedia
corentin
corey
corey1
corey123
corgan
corina
corine
corinna
corinne
corinne1
corinthian
corinthians
coritiba
corkey
corky
corky1
corleone
cormac
corn
cornbread
corncake21
corndog
corndog1
corneille
cornel
cornelia
cornelia1
cornelio
cornelis
cornelius
cornell
cornell1
corner
corner11
cornerstone
cornet
cornflake
cornflakes
cornhole
cornholio
cornichon
cornwall
cornwall1
corolla
corolla1
corona
corona1
corona12
coronado
coronel
corporal
corporate
corporation
corpse
corpus
corpuz
corrado
corrado1
corradog60
corradovr6
corran
correa
correct
correia
correo
corrie
corrina
corrine
corrupt
corruption
corsa
corsa1
corsair
corsica
cortana
cortes
cortex
cortez
cortez1
cortina
cortland
cortney
coruscant
corvair
corvette
corvette1
corvettez06
corvus
corwin
cory
cos
cosanostra
cosenza
cosette
cosima
cosimo
cosita
cosmic
cosmin
cosmin123
cosmina
cosmo
cosmo1
cosmo123
cosmopolitan
cosmos
cosmos0901
cosmos123
cossacks
cossie
costa
costanza
costarica
costarica1
costas
costco
costel
costello
coster
cosworth
cosworth1
cottage
cottage1
cotton
cotton1
cotton12
cottoncandy
cou
coucou
coucou123
cougar
cougar1
cougars
cougars1
couille
couleur
coumba
council
counselor
countach
countdown
counter
counter1
counter12
counter123
counter2
counters
counterstrik
counterstrike
counterstrike1
countess
country
country1
countryboy
countryclub
countrygirl
county
countylib
couple
couples
coupon
coupons
couponsc10
courage
courage1
courgette
courier
courrier
course
court
court1
courtney
courtney1
courtney12
courtney123
courtney2
couscous
cousin
cousins
couture
covenant
covenant1
coventry
coventry1
covergirl
covert
covington
cow
cow123
cowabunga
cowbell
cowboy
cowboy01
cowboy1
cowboy10
cowboy11
cowboy12
cowboy123
cowboy22
cowboy69
cowboybebop
cowboys
cowboys09
cowboys1
cowboys11
cowboys12
cowboys123
cowboys13
cowboys2
cowboys21
cowboys22
cowboys24
cowboys7
cowboys8
cowboys81
cowboys9
cowboyup
cowcow
cowgirl
cowgirl1
cowgirls
cowman
cowpie
cows
cowsgomoo
cowsrule
coycoy
coyote
coyote1
coyotes
coyotte
cozumel
cpe1704tks
cppzfrc933
cr
cra
crabby
crabtree
crack
crack1
crack123
cracked
cracker
cracker1
cracker123
cracker2
crackerjack
crackers
crackers1
crackhead
crackhead1
cracotte
cracovia
cradle
cradle666
cradleoffilth
craft
craft123
crafter
crafts
crafty
craig
craig1
craig123
craigslist
craigy
craiova
cramer
cramp
cranberries
cranberry
cranes
cranium
cranky
crap
crapaud
crapcrap
crapface
crapola
crapper
crappie
crappy
crapule
crash
crash1
crash123
crasher
crater
craven
crawfish
crawford
crawford1
crawling
crayola
crayola1
crayon
crayons
crazy
crazy1
crazy101
crazy11
crazy12
crazy123
crazy1234
crazy13
crazy2
crazy4u
crazy4you
crazy8
crazy88
crazybab
crazybitch
crazyboy
crazycat
crazychick
crazycrazy
crazydog
crazyfrog
crazygirl
crazygirl1
crazyguy
crazyhorse
crazykart
crazykid
crazylady
crazylegs
crazylove
crazyman
crazyman1
crazyme
crazymonkey
crazyone
crazytown
crazytrain
crazzy
cre
cre8tive
cream
cream1
cream123
creamer
creampie
creampuff
creamsoda
creamy
creat1ve
create
create1
creatine
creation
creation1
creations
creativ
creative
creative1
creative12
creative123
creative2
creativity
creator
creature
credit
creed
creed1
creed123
creed1234
creep
creeper
creeper1
creeper123
creepers
creepy
creighton
crenshaw
creole
creosote
crepusculo
crescent
crespo
cressida
cretin
crevette
crf250
crf450
crfprf
cri
cricket
cricket1
cricket12
cricket123
cricket2
cricketer
crickets
crickett
cricri
crime
criminal
criminal1
criminolog
crimson
crimson1
crip
crip4life
crippler
crips
crips13
cris
cris12
cris123
cris1234
crisanto
crisco
criselda
crisis
crisiscore
crisostomo
crisp
crispin
crispy
crissangel
crissy
crista
cristal
cristal1
cristel
cristhian
cristi
cristian
cristian1
cristian12
cristian123
cristiana
cristiane
cristiano
cristiano1
cristiano7
cristianoronaldo
cristin
cristina
cristina1
cristina123
cristine
cristinel
cristo
cristobal
cristofer
cristopher
cristovive
cristy
critical
critter
critter1
critters
crjhgbjy
crjhjcnm
cro
croatia
crochet
crocker
crockett
croco
crocodil
crocodile
crocodile1
crocus
cromwell
cronaldo
cronaldo7
cronic
cronos
croquette
crosby
crosby87
crosfire
cross
cross1
cross123
crossbow
crosscountry
crosser
crossfire
crossfire1
crossfire123
crossing
crossover
crossroad
crossroads
crossword
crotte
crow
crowbar
crowley
crown
crown1
crownvic
cru
crucial
cruella
cruise
cruiser
cruiser1
cruising
crumble
crumpet
crunch
crunchie
crunchy
crusade
crusader
crusader1
crusaders
crush
crush1
crusher
crusher1
crusoe
crust
crusty
cruz
cruzazul
cruzeiro
cruzer
cry
crybaby
crybaby1
crying
crypto
crysis
crystal
crystal01
crystal1
crystal11
crystal12
crystal123
crystal2
crystal3
crystal7
crystals
crystalsaga
cs
cs1234
cs123456
csabika
csamywj216
csbr5r1j5x
csc4n7f8rs
cscscs
csemege6
cshrc
csilla
csillag
cska1911
csq2192420
cstrike
cstrike1
csyekz
csyjxtr
ctdfcnjgjkm
cth
cthtuf
cthulhu
cthulhu1
cthutq
cthutq123
cthuttdbx
cthuttdyf
ctrhtn
cty45kmpcav
cu
cu469kzuya
cualquiera
cuatro
cub
cuba
cubalibre
cubana
cubanita
cubanito
cubano
cubase
cubbie
cubbies
cubbies1
cubby
cubby1
cubs
cubs1908
cubswin
cubswin1
cucaracha
cucciola
cucciolo
cuchuoi
cuckoo
cucu
cucubau
cucucu
cucumber
cucumber1
cuddle
cuddles
cuddles1
cuddles123
cuddles2
cueball
cuenca
cuervo
cuevas
cuffcuff
cuicui
cuisine
cuisinier
cujo
cukierek
culero
culinary
culito
cullen
cullen1
culo
culoculo
cultura
culture
cultures
culver
cum
cumberland
cumcum
cumicumi
cumming
cummings
cummins
cummins1
cumshot
cumulus
cunanan
cuncon
cunningham
cunt
cunt123
cuntcunt
cuntface
cuntface1
cuong
cuong123
cup
cupcake
cupcake1
cupcake10
cupcake101
cupcake11
cupcake12
cupcake123
cupcake13
cupcake2
cupcake21
cupcake22
cupcake23
cupcake3
cupcake7
cupcakes
cupcakes1
cupid
cupido
cupidon
cupoftea
cuppycake
cupulate
cur
curacao
curious
curious1
curitiba
curley
curling
curling101
curly
curly1
curran
currency
current
currie
curry
cursed
curtain
curtains
curtis
curtis1
curtis12
curtis123
custard
custard1
custer
custodio
custom
custom1
customer
customer1
customs
cut
cute
cute08
cute09
cute11
cute12
cute123
cute1234
cute13
cute14
cute143
cute16
cute18
cute22
cute23
cuteako
cuteako1
cuteangel
cuteaq
cutebaby
cuteboy
cutecat
cutecute
cutegirl
cutegirl1
cutegirls
cutegurl
cuteguy
cutekami
cuteko
cuteme
cuteme1
cuteness
cutepie
cutes
cutest
cutey
cutez
cuthbert
cutie
cutie01
cutie09
cutie1
cutie10
cutie101
cutie11
cutie12
cutie123
cutie13
cutie14
cutie2
cutie3
cutie5
cutiegirl
cutiegurl
cutieme
cutiepie
cutiepie1
cutiepie11
cutiepie12
cutiepie123
cutiepie2
cuties
cuties1
cutiez
cutify
cutlass
cutler
cutter
cuttie
cutting
cutypie
cv
cv1230
cvbcvb
cvbhyjd
cvbhyjdf
cvbn
cvbn123
cvbn1234
cvbncvbn
cvbnm
cvcvcv
cvthnm
cvtifhbrb
cvzefh1gkc
cworld
cxdffrfi
cxfcnkbdfz
cxfcnmt
cxfcnmttcnm
cxvfixy978
cxwdplu744
cxwxd6f33z
cxzdsaewq
cxzdsaewq321
cyanide
cyber
cyber1
cyber123
cybercafe
cyberia
cyberman
cybernet
cyberonline
cyberpunk
cybers
cybersex
cybershot
cyberspace
cybertron
cyborg
cyborg009
cycling
cyclone
cyclone1
cyclones
cyclops
cyclops1
cydney
cyecvevhbr
cygnet
cygnus
cygnusx1
cyjdsvujljv
cyngielek1
cynthia
cynthia1
cynthia123
cypher
cypress
cypress1
cyprus
cyprus1
cyrano
cyrielle
cyril
cyrill
cyrille
cyrus
cyrus1
cyy813zrvr
czarek
czarek1
czarina
czarna
czarny
czekolada
czekolada1
czesio
czz000
czz000000
czz051988
czz123456
czz224466
d
d00msday
d12345
d123456
d1234567
d12345678
d123456789
d15815
d1amond
d1amonds
d1d2d3
d1d2d3d4
d1d2d3d4d5
d1i2m3a4
d1lakiss
d1lakissad
d2koi82711
d2tqqn28tc
d2xyw89sxj
d3922144
d4
d41d8cd
d41d8cd98f00
d41d8cd98f00b204e980
d4blc58zeu
d4c3b2a1
d4j4gg2yio
d4n13l
d4rkn3ss
d4rkness
d5rnf8a693
d68pyfuh2v
d6buj3qo1k
d6i28efbey
d71lwz9zjs
d85drvz723
d8ciaw395
d8cy2h3ssn
d9189498
d9m4l5x8n0
d9s5pyby
d9uxl1h1gc
da
da123456
dabears
dabears1
dabei31
dabest
dabomb
daboss
dabulls
dacheng
dachshund
dackel
dacosta
dad
dad123
dada
dada12
dada123
dada1234
dadada
dadada1
dadada123
dadadada
dadandmom
dadang
daddad
daddie
daddio
daddy
daddy01
daddy1
daddy101
daddy11
daddy12
daddy123
daddy1234
daddy2
daddy3
daddy5
daddycool
daddygirl
daddygirl1
daddyko
daddymommy
daddyo
daddys
daddys1
daddysgirl
daddysgirl1
daddyyankee
dadmom
dado
dadou
dadsgirl
daedae
daedalus
daemon
daewoo
daewoo1
daffodil
daffodils
daffy
daffyduck
daflame
daftpunk
dag
dagestan
dagestan05
dagger
dagger1
daggers
dagmar
dagmara
dagobert
dagwood
dahaka
daher114789
dahlia
dai
daiana
daiane
daidai
daihatsu
daili123com
daimler
daimon
daimond
dairymilk
daisey
daishi
daisie
daisies
daisuke
daisuke1
daisuki
daisy
daisy01
daisy1
daisy101
daisy11
daisy12
daisy123
daisy1234
daisy13
daisy2
daisy3
daisy5
daisy7
daisydog
daisydog1
daisyduke
daisygirl
daisymae
daisymae1
daisymay
daisymay1
daisys
dajana
dak
dakine
daking
dakoda
dakota
dakota00
dakota01
dakota07
dakota1
dakota10
dakota11
dakota12
dakota123
dakota13
dakota2
dakota22
dakota98
dakota99
dakotah
dal
dalailama
dalamar
dale
dale03
dale123
dale88
daledale
dalejr
dalejr08
dalejr8
dalejr88
daleks
dalhousie
dali
dalia
dalibor
dalida
dalila
dalisay
dallas
dallas01
dallas08
dallas09
dallas1
dallas10
dallas11
dallas12
dallas123
dallas13
dallas21
dallas214
dallas22
dallas23
dallas24
dallas41
dallas88
dallas99
dallascowboys
dallastx
dalmata
dalmatian
dalmation
dalton
dalton1
dalton12
dalton123
dam
damage
damage11
daman
damaris
damascus
damayanti
damdam
damian
damian01
damian1
damian10
damian11
damian12
damian123
damian13
damian14
damian21
damian22
damian666
damianek
damianek1
damiano
damien
damien1
damien12
damien123
damien666
damilare
damilola
damilola1
damion
damir
damjan
dammit
damn
damnation
damndamn
damned
damnit
damnshit
damnyou
damocles
damola
damon
damon1
damon123
damsel
dan
dan123
dan1234
dan12345
dan123456
dan1el
dan1elle
dan860214
dana
dana123
dana1234
danadana
danang
danar12345
dance
dance1
dance10
dance101
dance12
dance123
dance2
dance4ever
dance4life
dance4me
dancedance
dancehall
dancer
dancer01
dancer1
dancer10
dancer101
dancer11
dancer12
dancer123
dancer13
dancer2
dancer21
dancer22
dancers
dances
danchoi
dancing
dancing1
dancing123
dancingqueen
dancok
dancouga
dandan
dandan1
dandan123
dandan888.
dandandan
dande2010
dandelion
dandy
dane
danecek
danelle
danette
dang
dangdang
dangelo
danger
danger1
danger12
danger123
dangerman
dangermouse
dangerous
dangerous1
dangerzone
dangit
dangkhoa
dani
dani11
dani12
dani123
dani1234
dania
danial
danial123
danica
danica1
danidani
danie
daniel
daniel00
daniel007
daniel01
daniel02
daniel03
daniel04
daniel05
daniel06
daniel07
daniel08
daniel09
daniel1
daniel10
daniel100
daniel11
daniel111
daniel12
daniel123
daniel1234
daniel12345
daniel123456
daniel13
daniel14
daniel15
daniel16
daniel17
daniel18
daniel19
daniel1987
daniel1988
daniel1989
daniel1990
daniel1991
daniel1992
daniel1993
daniel1994
daniel1995
daniel1996
daniel1997
daniel1998
daniel1999
daniel2
daniel20
daniel2000
daniel2001
daniel2002
daniel2003
daniel2004
daniel2006
daniel2008
daniel2009
daniel2010
daniel2012
daniel21
daniel22
daniel23
daniel24
daniel25
daniel26
daniel27
daniel28
daniel29
daniel3
daniel30
daniel31
daniel33
daniel4
daniel44
daniel45
daniel5
daniel55
daniel6
daniel666
daniel69
daniel7
daniel77
daniel777
daniel78
daniel79
daniel8
daniel82
daniel83
daniel84
daniel85
daniel86
daniel87
daniel88
daniel89
daniel9
daniel90
daniel91
daniel92
daniel93
daniel94
daniel95
daniel96
daniel97
daniel98
daniel99
daniela
daniela1
daniela12
daniela123
danieldaniel
daniele
daniele1
danielek
danielek1
danielita
danielito
danielka
daniell
daniella
daniella1
danielle
danielle01
danielle1
danielle11
danielle12
danielle123
danielle13
danielle2
danielle21
danielle3
danielle7
danielo
daniels
daniels1
danielson
danifilth
daniil
daniil2002
danijel
danijela
danik123
danika
danil
danil123
danil12345
danil1998
danil1999
danil2000
danil2001
danil2002
danil2003
danil2004
danila
danila2002
danildanil
danilka
danilo
danilo1
danilo123
danilov
danimal
danio123
danish
danish123
danita
dank
dank420
danka
danman
danmark
dann7477
danna
danner
danni
danni1
danni123
dannie
dannielle
danny
danny01
danny1
danny101
danny11
danny12
danny123
danny1234
danny13
danny2
danny21
danny22
danny7
dannyb
dannyboy
dannyboy1
dannys
dano
danone
danonino
danser
dantdm
dante
dante1
dante123
dante666
dantes
dantheman
dantheman1
danton
dantruong
danuta
danville
dany
dany123
danyel
danyelle
danzig
daouda
daphne
daphne1
dapper
daquan
dar
dar123
dara
darby
darby1
darcey
darcie
darcy
darcy1
dardar
dare
dare123
daredevil
daredevil1
darek
darek1
darek123
darell
daria
daria1
daria123
darian
dariel
darien
darina
darinka
dario
dario1
dario123
darion
darius
darius1
darius12
darius123
dariusz
darjeeling
dark
dark11
dark12
dark123
dark1234
dark12345
dark13
dark666
darkangel
darkangel1
darkangels
darkblade
darkblue
darkchild
darkcloud
darkdark
darkdevil
darkdragon
darkelf
darken
darker
darkfire
darkheart
darkhorr000rr
darkhorse
darkhunter
darkie
darkjedi
darkking
darkknight
darklight
darklink
darklord
darklord1
darklotus
darklove
darkmage
darkmagic
darkmagician
darkman
darkman1
darkmanx
darkmaster
darkmatter
darkmoon
darkn3ss
darkne55
darknes
darkness
darkness0
darkness1
darkness11
darkness12
darkness123
darkness13
darkness2
darkness666
darkness7
darknight
darknight1
darko
darkone
darkone1
darkorbit
darkprince
darkrai
darkrose
darkshadow
darkside
darkside1
darksiders
darksoul
darkstar
darkstar1
darkstone
darksun
darksword
darktower
darkvador
darkwing
darkwolf
darkzero
darla
darleen
darlene
darlene1
darlin
darling
darling1
darling123
darlington
darlyn
darna
darnell
darnell1
darragh
darrel
darrell
darrell1
darren
darren01
darren1
darren12
darren123
darrenshan
darrin
darrius
darryl
darshan
darshana
dart
dartagnan
darth
darth1
darthmaul
darthvader
darthvader1
dartmoor
dartmouth
darts
darts180
darvin
darwin
darwin1
darwin11
darwin123
daryl
daryll
das
das123
dasani
dasboot
dasdas
dasdasdas
dash
dasha
dasha1
dasha123
dasha1996
dasha1997
dasha1998
dasha1999
dasha2000
dasha2001
dasha2002
dasha2003
dasha2010
dashadasha
dashawn
dashboard
dashenka
dasher
dasher23
dashing
dashka
dasilva
dastan
dat
dat123
data
data123
database
datadata
dataentry
datalife
datalore
datdat
date
dating
datsun
dattebayo
datura
daughter
daughter1
daughters
daughters2
dauphin
dauphine
dauphins
dav
dav123
dave
dave11
dave12
dave123
dave1234
davedave
davenport
davey
davey1
davi
davi123
david
david007
david01
david05
david07
david08
david09
david1
david10
david100
david101
david11
david111
david12
david123
david1234
david12345
david123456
david13
david14
david15
david16
david17
david18
david1991
david1992
david1993
david1994
david1995
david1996
david1997
david1998
david1999
david2
david2000
david2001
david2002
david2003
david2004
david2005
david2006
david2008
david2009
david2010
david21
david22
david23
david24
david3
david321
david4
david5
david6
david666
david69
david7
david77
david777
david8
david88
david9
david99
davida
davidb
davidbeckham
davidbowie
davidc
davidd
daviddavid
davide
davidek
davidg
davidh
davidino
davidj
davidk
davidka
davidko
davidl
davidlee
davidm
davido
davidoff
davidp
davidr
davids
davidson
davidson1
davidt
davidvilla
davidw
davies
davila
davina
davinci
davinci1
davincicode
davion
davis
davis1
davis123
davison
daw
dawg
dawgs
dawgs1
dawid
dawid1
dawid11
dawid12
dawid123
dawidek
dawidek1
dawidek12
dawidek123
dawkins
dawkins20
dawn
dawnofwar
dawood
dawson
dawson1
daxter
day
dayana
dayanara
dayang
daybreak
daycare
dayday
dayday1
daydream
daydreamer
daylight
daystar
daytek
daytime
dayton
daytona
daytona1
daytona500
daywalker
daz123
daz3d
dazzle
dazzler
dazzling
db
db6rqz73ob
dbacks
dbd757
dbityrf
dbjktnnf
dblock
dbnfkbq
dbnfkbr
dbnfkz
dbrecz
dbrekz
dbrnjh
dbrnjhbz
dbrnjhbz1
dbrnjhjdbx
dbrnjhjdyf
dbz
dbz123
dbzdbz
dc
dc123456
dcba4321
dcdcdc
dcemu
dclxvi
dcshoecousa
dcshoes
dct
dctalk
dctktyyfz
dctvghbdtn
dcubaje382
dcunited
dcwdcw
dd
dd1234
dd123456
dd123a456a
ddd
ddd111
ddd123
dddd
ddddd
dddddd
dddddd1
ddddddd
dddddddd
ddddddddd
dddddddddd
dddddddddddd
dddfff
ddei55bt
ddmce23dd
ddrddr
ddtank
ddzj39cb3
ddzj49nb3
de
dea
deacon
dead
dead12
dead123
dead1234
dead666
deadbeat
deaddead
deaddog
deadend
deadeye
deadfish
deadfrontier
deadhead
deadhead1
deadline
deadlock
deadly
deadly1
deadman
deadman1
deadman123
deadmau5
deadmeat
deadoralive
deadp00l
deadpool
deadpool1
deadrising
deadsexy
deadspace
deadspace2
deadstar
deadwood
deadzone
deagle
dealer
deamon
dean
dean123
dean1234
deandean
deandra
deandre
deandre1
deangelo
deanna
deanna1
deanne
deanne08
deano
dear
dearborn
deardear
dearest
deargod
dearmama
death
death1
death101
death11
death12
death123
death13
death2
death2all
death6
death666
death69
deathangel
deathbringer
deathcore
deathdeath
deathgod
deathknight
deathman
deathmetal
deathnote
deathnote1
deathnote123
deathrow
deathrow1
deaths
deathscythe
deathstar
deathstar1
deaththekid
deathtoall
deathwing
deathwish
deb
deb123
debate
debbie
debbie01
debbie1
debbie12
debbie123
debbie69
debby
debian
debil
debil1
debil123
debile
debilek
debora
deborah
deborah1
debra
debra1
debrecen
debtfree
debussy
dec
dec45isl
decade
decadence
decastro
decathlon
decatur
december
december01
december08
december09
december1
december10
december11
december12
december13
december14
december15
december16
december17
december18
december19
december2
december20
december21
december22
december23
december24
december25
december26
december27
december28
december29
december3
december30
december31
december4
december5
december6
december7
december8
december9
decembre
decembrie
decent
decepticon
deception
decibel
decker
declan
declan1
decode
decomyplace
ded
dedalus
dede
dede12
dede123
dede1234
dedede
dededede
dedication
dee
dee123
deedee
deedee1
deedee12
deedee123
deedeedee
deejay
deejay1
deeksha
deep
deepa
deepak
deepak123
deepali
deepblue
deeper
deepfrequency
deepika
deeppurple
deepsea
deepspace9
deepthi
deepthroat
deepti
deepu
deer
deere
deerhunt
deerhunter
deerpark
deerslayer
deesse
deewana
deeznuts
deeznutz
def
def123
def456
default
default05
default1
defcon
defcon1
defence
defender
defender1
defender123
defense
defiance
defiant
defiant1
defjam
defleppard
defoe
deftones
deftones1
degauss
degrassi
degrassi1
degree
deguzman
deguzman1
dehradun
deicide
deidara
deidre
deimos
deimudda
deinemama
deinemudda
deinemudda1
deinemudder
deinemutter
deirdre
deisel
deivid
deividas
dejan
dejavu
dejesus
dekalb
dekker
del
delacruz
delacruz1
delakiss
delaney
delaney1
delano
delapan
delapena
delarosa
delasalle
delasoul
delatorre
delavega
delaware
delbert
delboy
delboy1
deldel
deleon
delerium
delete
delete1
delete12
delete123
deleted
delfin
delfin1
delfin123
delfina
delfines
delfino
delgado
delgado1
delhi
delhi123
deli123
delia
delicate
delicia
delicious
delicious1
delight
delije
delilah
delilah1
delima
delirious
delirium
deliver
delivered
delivery
dell
dell11
dell12
dell123
dell1234
della
dellboy
delldell
delldell1
delmar
delmonte
deloitte
delonge
delorean
delores
delosreyes
delossanto
delphi
delphin
delphine
delpiero
delpiero10
delpilar
delrio
delrosario
delsol
delta
delta1
delta123
delta2
delta3
delta4
delta5
delta7
delta88
delta9
deltaforce
deltas
deltora
deluge
deluxe
delvalle
dem
demain
demarco
demarcus
demarrer
demente
demented
dementia
dementor
demeter
demetra
demetri
demetria
demetrio
demetrius
demi
demi123
demian
demigod
demilovato
demo
demo123
demo1234
democrat
demodemo
demola
demolay
demolition
demon
demon1
demon12
demon123
demon1234
demon12345
demon13
demon1q2w3e
demon1q2w3e4r
demon1q2w3e4r5t
demon2
demon6
demon666
demona
demond
demone
demonhunter
demonic
demonic1
demonio
demonios
demonking
demonlord
demons
demons1
demonslayer
demonyo
dempsey
dempsey1
den
den123
den12345
den19941967
den221991
denali
denar1488
denden
denden1
dendenden
deneme
deneme12
deneme123
denhaag
deni
denial
denice
denied
denilson
deniro
denis
denis007
denis1
denis12
denis123
denis1234
denis12345
denis1985
denis1987
denis1988
denis1991
denis1992
denis1994
denis1995
denis1996
denis1997
denis1998
denis1999
denis2000
denis2001
denis2002
denis2010
denis57
denis777
denisa
denisdenis
denise
denise01
denise1
denise11
denise12
denise123
denise13
deniska
deniss
denisse
deniz
deniz123
denizli
denizli20
denmark
denmark1
dennis
dennis01
dennis1
dennis10
dennis11
dennis12
dennis123
dennis1234
dennis13
dennis22
dennis23
dennis94
dennis99
dennise
denny
denny1
denny123
dennys
denpasar
dental
dentist
dentist1
dentista
dentistry
denton
denver
denver1
denver12
denver123
denya2531914
denzel
denzil
deonte
deoxys
depeche
depeche1
depeche101
depechemode
deportivo
depp
depredador
depressed
depression
deptrai
deputy
der
der123
derbeder
derby
derby1
derbycounty
derder
derderder
derdiedas
derecho
dereck
derek
derek1
derek123
derekjeter
dereks
derevo
derew423x
derf
derfderf
derick
derp
derp123
derparol
derpderp
derrick
derrick1
dersim
dersim62
derya
des
des123
desant
descarga
descargas
descartes
descent
desdemona
desdes
desember
desert
deserteagle
desertrose
deshawn
deshawn1
desi
desiderata
desiderio
design
design1
design123
designdeal
designed
designer
designer1
designs
desirae
desire
desire1
desiree
desiree1
deskjet
deskjet1
deskpro
desktop
desktop1
desmond
desmond1
desoto
despair
desperado
desperado1
desperados
desperate
despina
dessert
dessie
dessin
destin
destination
destinee
destinee1
destiney
destini
destino
destiny
destiny01
destiny07
destiny08
destiny09
destiny1
destiny10
destiny11
destiny12
destiny123
destiny13
destiny2
destiny23
destiny3
destiny4
destiny5
destiny6
destiny7
destiny8
destiny9
destro
destroy
destroy1
destroyer
destroyer1
destruct
destruction
destructor
desudesu
det
details
detective
determination
determined
dethklok
dethuong
detlef
detnews
detroit
detroit1
detroit313
deuce
deuce2
deus
deuseamor
deusefiel
deusex
deusfiel
deutsch
deutsch1
deutschland
deutschland1
dev
dev123
devan
devante
devastator
devdas
develop
developer
development
devendra
deventer
devera
devi
deviant
device
devika
devil
devil1
devil12
devil123
devil13
devil2
devil6
devil666
devilboy
devildevil
devildog
devildog1
devildriver
devilish
deviljin
devill
deville
devilman
devilmaycr
devilmaycry
devilmaycry1
devilmaycry3
devilmaycry4
devils
devils1
devilz
devin
devin1
devin123
devina
devine
devious
devious1
devlin
devochka
devon
devon1
devon123
devonte
devotion
devrim
dewa19
dewalt
dewayne
dewayne1
dewdew
dewdrop
dewey
dewey1
dewitt
dex
dexter
dexter01
dexter1
dexter10
dexter11
dexter12
dexter123
dexter13
dexter21
dextor
deyh2dc546
dezember
dezembro
df
df5256524
dfa72dfj
dfaeff34232
dfcbkbcf
dfcbkbq
dfcbkmtd
dfcbkmtdf
dfcbktr
dfcmrf
dfczdfcz
dfdbkjy
dfdf
dfdfd
dfdfdf
dfdfdfdf
dfe6ckkxkl
dfg
dfg123
dfg5fhg5vgfh1
dfgdfg
dfgdfgdfg
dfgh
dfghjc
dfghjk
dfghjkl
dfhdfhf
dfkmrbhbz
dfkthbq
dfkthbz
dfkthf
dfktynby
dfktynbyf
dflbvrf
dfrdfrdfr
dfvgbh
dfvgbh12
dfvgbh1223
dfvgbh123
dfytxrf
dfyzdfyz
dg123456
dg123654
dgenerationx
dgf68yg
dgqr62cxsv
dgrayman
dgt9z2qe7o
dhaka123
dhaka2222
dhaka24
dhaliwal
dhananjay
dhanya
dharma
dhaval
dheeraj
dhillon
dhiraj
dhjnvytyjub
dhona
di
dia
diabetes
diabetic
diable
diablo
diablo01
diablo1
diablo11
diablo12
diablo123
diablo13
diablo2
diablo2012
diablo21
diablo22
diablo23
diablo3
diablo66
diablo666
diablo69
diablo99
diabloii
diablos
diabolic
diabolik
diabolika
diabolo
diadora
dial
dialga
diallo
dialog
diamant
diamante
diamante1
diamon
diamond
diamond01
diamond1
diamond10
diamond11
diamond12
diamond123
diamond13
diamond2
diamond21
diamond22
diamond23
diamond3
diamond4
diamond5
diamond6
diamond7
diamond8
diamond9
diamondback
diamondgirl
diamonds
diamonds1
diamondz
diana
diana1
diana12
diana123
diana1998
diana2000
diana2002
dianaa
dianadiana
dianas
diandian
diandra
diane
diane1
diane123
dianita
dianka
dianna
dianne
dianne1
diano4ka
diapason
diaper
diapers
diarra
diavolo
diaz
dibble
dic
dicanio
dicaprio
dice
dicembre
diciembre
dick
dick12
dick123
dickdick
dickens
dickens1
dicker
dickey
dickface
dickhead
dickhead1
dickie
dickies
dickinson
dicks
dickson
dickweed
dicky
dictionary
did
diddl
diddle
diddlina
diddy
didi
didi123
dididi
didididi
didier
didine
dido
didou
die
die123
diebitch
diedie
diediedie
diego
diego1
diego10
diego12
diego123
diego1234
diegos
dieguito
diehard
diehard1
diesel
diesel01
diesel1
diesel11
diesel12
diesel123
diesirae
diet
dietcoke
dietcoke1
dieter
dietmar
dietpepsi
dietrich
dieu
dieulinh
dieumerci
difference
different
difficult
difranco
dig
digdug
digger
digger1
digger12
digger123
diggity
diggler
digimon
digimon1
digimon12
digimon123
digimon2
digimon2000
digimoni1
digital
digital1
digital123
digital2
digiview
dignity
digweed
dijana
dikkelul
dikoalam
diksha
dil
dilan
dilara
dilbert
dilbert1
dildil
dildo
dildo123
dildos
dilemma
diletta
dilip
dillan
dillard
diller
dilligaf
dilligaf1
dillinger
dillion
dillon
dillon1
dillon12
dillon123
dillpickle
dillweed
dim
dima
dima12
dima123
dima1234
dima12345
dima123456
dima1983
dima1984
dima1985
dima1986
dima1987
dima1988
dima1989
dima1990
dima1991
dima1992
dima1993
dima1994
dima1995
dima1996
dima1997
dima1998
dima1999
dima2000
dima2001
dima2002
dima2003
dima2004
dima2005
dima2009
dima2010
dima2011
dima2012
dima3452
dimadima
dimanche
dimaraja
dimarik
dimas
dimas123
dimasik
dimdim
dimebag
dimebag1
dimension
dimension1
dimidrol
dimitar
dimitri
dimitri1
dimitris
dimitry
dimmu666
dimmuborgir
dimochka
dimon
dimon123
dimon4ik
dimond
dimple
dimple1
dimples
dimples1
dimsum
din
dina
dinadina
dinamit
dinamita
dinamite
dinamo
dinamo1
dinamo12
dinamo123
dinara
dinda
dindin
dindon
dinero
dinesh
dinesh123
ding
dingbat
dingding
dingdong
dingdong1
dinger
dingle
dingo
dingo1
dingo123
dingos
dingus
dinha123
dinheiro
dinhtrong
dinky
dinky1
dinmamma
dinmamma1
dinmamma123
dinmor
dinner
dino
dino12
dino123
dino1234
dinodino
dinosaur
dinosaur1
dinosaure
dinosaurio
dinosauro
dinosaurs
dinosaurus
dinossauro
dinozaur
dinsdale
dio
diocane
diodio
diogenes
diogo
diogo123
dion
dionis
dionisio
dionne
dionysos
dionysus
dioporco
dios
diosesamor
diosmio
dip
dipali
diplom
diploma
diplomat
dipper
dipset
dipset1
dipshit
dipshit1
dipstick
dir
dirdir
direct
direction
directioner
director
director1
directory
direito
direktor
direngrey
direwolf
dirk
dirk41
dirt
dirtbag
dirtbike
dirtbike1
dirtbikes
dirty
dirty1
dirtybird
dirtyboy
dirtydancing
dirtydog
dirtysouth
dis
disabled
disaster
disc
discgolf
disciple
disciples
discipline
disco
disco1
disco123
discount
discounts
discover
discover1
discovery
discovery1
discreet
discus
discworld
dise
disgaea
disgaea0
dishant
disk
diskette
diskus
dismemay
disney
disney01
disney08
disney1
disney11
disney12
disney123
disney365
disneyland
disneyworld
disorder
dispatch
display
dispomedica
dissidia
distance
district
disturbed
disturbed1
disturbia
ditmemay
ditto
ditto1
ditto123
div
diva
diva101
diva12
diva123
divadiva
divagirl
divastar
divemaster
diver
diver1
divers
diversion
diversity
divina
divina1
divine
divine1
divine123
diving
divinity
divino
division
divorce
divorce1
divorced
divx
divxsub
divya
divya123
diwata
dixie
dixie1
dixie123
dixiedog
dixon
dizon
dizzle
dizzy
dizzy1
dizzy123
dj
dj1234
dj123456
dja
djamel
djamila
django
djarum
djdjdj
djdjxrf
djdxbr
dje
djembe
djerba
djeter
djheu1254fre
djhjyf
dji
djibouti
djibril
djkjlz
djkjulf
djkrjlfd
djljktq
djo
djtiesto
dk
dk123456
dkagh
dkdkdk
dkfd8re3
dkflbckfd
dkflbdjcnjr
dkflbr
dkflbvbh
dkflbvbhjdbx
dkflbvbhjdyf
dkssud
dkssud1
dkssud12
dkxjizc282
dlanor
dlinkers2011
dlnvhvu492
dmba8898
dmband
dmcoll
dmedcn23sd
dmitri
dmitriev
dmitrii
dmitrij
dmitriy
dmitry
dmoney
dmxdmx
dnangel
dnflskfk
dnflwlq
dnflwlq1
dnkroz
dnstuff
do
doanndf872
dob
dobber
dobbie
doberman
doberman1
dobermann
dobson
doc
doc123
docdoc
docent
docinho
docker
dockers
docrafts
docter
docteur
doctor
doctor1
doctor12
doctor123
doctors
doctorwho
doctorwho1
document
dod
dodge
dodge1
dodge123
dodge1500
dodgeball
dodger
dodger1
dodgeram
dodgeram1
dodgers
dodgers1
dodges
dodgeviper
dodo
dodo12
dodo123
dodo1234
dodobird
dododo
dodododo
dodol
dodol123
dodong
dodong1
doedoe
doener
dog
dog101
dog123
dog1234
dog12345
dog4life
dogandcat
dogbert
dogbert1
dogbone
dogboy
dogbreath
dogcat
dogcat1
dogdog
dogdog1
dogdogdog
dogeatdog
dogface
dogface1
dogfight
dogfish
dogfood
dogfood1
dogg
dogger
doggie
doggie1
doggie12
doggie123
doggies
doggies1
doggone
doggy
doggy04
doggy1
doggy12
doggy123
doggy2
doggydog
doggys
doggystyle
doghouse
doghouse1
doglover
doglover1
dogma
dogman
dogmeat
dogpoo
dogpoop
dogpound
dogs
dogs101
dogs12
dogs123
dogs1234
dogsdogs
dogshit
dogshit1
dogsrock
dogsrule
dogsrule1
dogstar
dogtown
dogukan
dogwood
doherty
doilathe
doit
doitnow
dokidoki
dokken
doktor
dol
dolapo
dolce
dolcevita
dolemite
dolfijn
dolfin
dolina
dolittle
doll
dollar
dollar1
dollar123
dollarbill
dollars
dollars1
dollbaby
dollface
dollhouse
dollie
dolly
dolly1
dolly123
dollys
dolomite
dolores
dolores1
dolphin
dolphin1
dolphin10
dolphin11
dolphin12
dolphin123
dolphin13
dolphin2
dolphin3
dolphin4
dolphin5
dolphin7
dolphin8
dolphin9
dolphine
dolphins
dolphins1
dolphins12
dolphins13
dolphins2
dolunay
dom
dom123
domain
domain123
domani
domdom
dome
domek
domek1
domek123
domenic
domenica
domenico
domenik
domenow
domestic
domi
domina
dominant
dominate
domination
domination101
dominator
dominga
domingo
domingo1
domingos
dominguez
domini
dominic
dominic1
dominic12
dominic123
dominic2
dominica
dominican
dominican1
dominicana
dominicano
dominick
dominick1
dominik
dominik1
dominik11
dominik12
dominik123
dominik13
dominik5
dominika
dominika1
dominion
dominiqu
dominique
dominique1
domino
domino01
domino1
domino11
domino12
domino123
dominoes
dominos
dominus
domonique
don
don123
donald
donald01
donald1
donald11
donald12
donald123
donaldduck
donarudo
donata
donate
donatella
donatello
donatelo
donato
donavan
donbosco
doncaster
doncaster1
dondon
dondon1
dondondon
done
donegal
dong
dong123
dong1234
dongdong
donita
donjuan
donkey
donkey1
donkey11
donkey12
donkey123
donkey69
donkeykong
donkeys
donna
donna1
donna123
donnas
donnell
donnelly
donner
donnie
donnie1
donny
donomar
donotenter
donovan
donovan1
donquijote
donsun123
dont
dont4get
dontae
dontask
dontaskme
dontcare
dontcry
dontdoit
dontforget
dontforget1
donthack
donthackme
donthate
dontknow
dontknow1
dontlook
dontpanic
donttell
donttouch
dontworry
donut
donut1
donuts
donvito
doo
doober
doobie
doodah
doodie
doodle
doodle1
doodle12
doodle123
doodlebug
doodlebug1
doodles
doodles1
doodoo
doodoo1
doofus
doogie
doogle
dookie
dookie1
dooley
doolittle
doom
doom12
doom123
doom1234
doom666
doomdoom
doomed
doomer
doomhammer
doomsayer
doomsayer.2.7mords
doomsayer.2.7mords.v
doomsayer.2.7mords.vv
doomsday
doomsday1
door
doorbell
doordie
doorknob
doorman
doors
doozer
dopamine
dope
dopeman
dopey
dopey1
doppiofallo
doppler
doqopo
dor
dora
dora123
dorado
doradora
doraemon
doraemon1
doraemonn
doragonn
dorayaki
dorcas
dorchester
doreen
doreen1
doremi
doremi123
doremifa
doremon
dorgen2014
dorian
dorian1
doriane
dorina
dorine
doris
doris1
doris123
dorito
doritos
dork
dormir
doroga
dorota
dorota1
dorotea
dorothea
dorothee
dorothy
dorothy1
dorotka
dorset
dorsey
dortmund
dortmund09
dortmund1
dos
dossantos
dot
dota
dota123
dotadota
dotcom
dotdot
dothack
dothedew
dothingocthuy
dotnet
dottie
dottie1
dottore
dotty
dou
douala
double
double07
doubled
douceur
douche
douchebag
douchebag1
douchka
doudou
doudou1
doudoune
doug
dougal
doughboy
doughboy1
doughnut
doughnuts
dougie
dougie1
douglas
douglas1
douglas12
douglas123
douglas2
douglass
dounia
doutdes
dove
dow
down
downey
downfall
downhill
downing
download
download1
download123
downloads
downtown
downtown1
downunder
doxdioro
doydoy
doyle
dozer
dozer1
dp10t17b10
dps11i7fyo
dq5uo52zih
dqu
dqx719gp
dr
dr.pepper
dr0wssap
dr123456
dr4g0n
dra
drache
drachen
draco
draco1
draco123
dracomalfoy
dracon
draconian
draconis
dracos
dracul
dracula
dracula1
draft
drafting
drag
drag00n
drag0n
dragan
dragana
dragao
drago
drago1
drago123
dragon
dragon0
dragon00
dragon001
dragon007
dragon01
dragon02
dragon03
dragon04
dragon05
dragon06
dragon07
dragon08
dragon09
dragon1
dragon10
dragon100
dragon101
dragon11
dragon111
dragon12
dragon123
dragon1234
dragon12345
dragon13
dragon14
dragon15
dragon16
dragon17
dragon18
dragon19
dragon1988
dragon2
dragon20
dragon2000
dragon21
dragon22
dragon23
dragon24
dragon25
dragon26
dragon27
dragon28
dragon29
dragon3
dragon30
dragon31
dragon32
dragon321
dragon33
dragon34
dragon4
dragon42
dragon420
dragon44
dragon45
dragon47
dragon5
dragon52
dragon54
dragon55
dragon56
dragon6
dragon64
dragon65
dragon66
dragon666
dragon67
dragon68
dragon69
dragon7
dragon71
dragon72
dragon75
dragon76
dragon77
dragon777
dragon78
dragon79
dragon8
dragon80
dragon81
dragon82
dragon83
dragon84
dragon85
dragon86
dragon87
dragon88
dragon89
dragon9
dragon90
dragon91
dragon92
dragon93
dragon94
dragon95
dragon96
dragon97
dragon98
dragon99
dragon999
dragona
dragonage
dragonball
dragonball1
dragonball123
dragonball2
dragonballgt
dragonballz
dragonballz1
dragonborn
dragonboy
dragoncity
dragondragon
dragone
dragones
dragonfable
dragonfire
dragonfire1
dragonfly
dragonfly1
dragonforce
dragonheart
dragonite
dragonking
dragonknight
dragonlady
dragonlance
dragonlord
dragonman
dragonmaster
dragonoid
dragonrider
dragonrojo
dragons
dragons1
dragons12
dragons123
dragons2
dragons5
dragons7
dragonslayer
dragonx
dragonz
dragoon
dragoon1
dragoon2
dragoons
dragos
dragoste
dragoste123
dragrace
dragstar
dragster
dragunov
drahcir
drake
drake1
drake123
drakebell
draken
drakes
drakkar
drakon
drakonas
drakula
drama
drama1
dramaqueen
drank
dranreb
dranzer
draper
draven
dravid
drawde
drawing
dre
dre123
dread
dreadlord
dreads
dream
dream1
dream123
dreambig
dreambox
dreamboy
dreamcast
dreamcast1
dreamcatcher
dreamer
dreamer1
dreamer123
dreamer2
dreamers
dreamgirl
dreaming
dreaming1
dreamjob
dreamland
dreamlover
dreamon
dreams
dreams06
dreams1
dreams123
dreamteam
dreamtheater
dreamweaver
dreamworld
dreamy
dreamz
dreday
dredre
dreizehn
dresden
dresden1
dress
dressage
dresses
dressup
drevil
drew
drew123
drew1234
drewdrew
drewdy54
drexel
drexler
dri
dribbel
dribble
drift
drifter
drifter1
drifting
driftking
driftwood
driger
drill
driller
drilling
drink
drink7up
drinking
drinks
dripik
driv3r
drive
drive330
driven
driver
driver1
driver12
driver123
driver3
driver8
drivers
driving
drizzle
drizzt
drjynfrnt
drm199019902323
dro
drogba
drogba11
drogen
droopy
dropdead
dropdead1
dropkick
dropzone
drought
drowssap
drowssap1
drowssap123
drp3pp3r
drpepper
drpepper1
drpepper12
drpepper23
dru
drucker
drugfree
drugs
druid
druide
druids
drum
drumandbass
drumer
drumline
drumline1
drummer
drummer1
drummer123
drummerboy
drummers
drumming
drummond
drumnbass
drums
drums1
drums123
drumset
drumstick
drunk
drunken
drusilla
drywall
ds
ds123456
ds23wwe22
dsa
dsa123
dsaasd
dsadsa
dsadsadsa
dsaewq321
dsds
dsdsds
dsdsdsds
dsew56ht
dsk43594
dsrt47mbujil
dt123456
dtgx2aw18j
dthjxrf
dthjybrf
dthjybrf90
dthyjcnm
dtkjcbgtl
dtlmvf
dttesc
dtxyjcnm
dtythf
du0603
du8484
dualcore
duality
duane
duanyu1000
duarte
dub
dubai
dubai123
dublin
dublin1
dublin22
dubois
dubrovnik
dubstep
duc
duc123
duc12bs577
ducados
ducanh
ducati
ducati1
ducati1098
ducati748
ducati916
ducati996
ducati998
ducati999
duchess
duchess1
duchesse
duck
duck123
duck1234
duckduck
duckhunt
duckhunter
duckie
duckie1
duckies
duckling
duckman
duckman1
ducks
ducks1
ducksoup
ducktape
ducky
ducky1
ducky123
ducttape
dud
duda
dude
dude1
dude101
dude11
dude12
dude123
dude1234
dude22
dudedude
dudelove
dudeman
dudeman1
dudes
dudette
dudinha
dudley
dudley1
dudu
dudu123
dudu1234
dududu
dudududu
dudule
duende
duffbeer
duffer
duffman
duffy
duffy1
duggan
dugong
duhast
duhduh
duisburg
duk
duke
duke01
duke11
duke12
duke123
duke1234
duke22
duke3d
duke9fq578
dukedog
dukeduke
dukenukem
dukester
dulce
dulcemaria
dulcinea
duluth
dum
dumamay
dumass
dumb
dumbass
dumbass1
dumbdumb
dumbfuck
dumbledore
dumbo
dumbshit
dumdidum
dumdum
dumitru
dummie
dummies
dummkopf
dummy
dummy1
dummy123
dumnezeu
dumont
dumpling
dumpster
dumptruck
dun
dunamis
dunbar
duncan
duncan1
duncan12
duncan123
duncan21
dundee
dundee1
dune
dune2000
dunedin
dung
dung123
dungdung
dungeon
dungeon1
dungeon91
dungeons
dunghoi
dunhill
dunkel
dunkerque
dunkin
dunlop
dunno
duoduo
duomaxwell
duong
duong123
dup
dupa
dupa.8
dupa1
dupa11
dupa12
dupa123
dupa1234
dupa12345
dupa22
dupa666
dupablada
dupadupa
dupadupa1
dupajasia
dupcia
dupeczka
dupek
duplex
dupont
dupont24
dupsko
dur
duracell
duramax
duran
duran2
durand
durandal
duranduran
durango
durango1
durant
durban
durden
durga
durham
durhamc
durian
dus
dusan
duster
dustin
dustin01
dustin1
dustin12
dustin123
dustin72192
dusty
dusty1
dusty123
dustydog
dutch
dutch1
dutches
dutchess
dutchess1
dutchman
dutchy
duy123
duyanh
duykhanh
dvader
dvcfghyt
dvd
dvd123
dvddvd
dvdrom
dvorak
dwade3
dwarf
dwayne
dwayne1
dwd2gxs
dwight
dwsteam123
dwyanewade
dxdxdx
dxfgdfgd1
dyl
dylan
dylan01
dylan1
dylan10
dylan11
dylan12
dylan123
dylan1234
dylan2
dylandog
dylans
dymond
dynabook
dynamic
dynamic1
dynamics
dynamite
dynamite1
dynamo
dynasty
dynasty1
dynomite
dyosa
dzd37w9cdz
dzi
dziadek
dzidzia
dziubek
dzxtckfd
e
e10adc3949ba59abbe56
e12345
e123456
e1234567
e123456789
e123456789e
e1e2e3
e1e2e3e4
e1ephant
e2345
e23456
e2345678
e23456789
e3r4t5y6
e3w2q1
e42o6ekezo
e6pz84qfcj
e7s1gar5vg
e8szn4e5zc
e99g9azvhc
e9yt1dhy4y
eadgbe
eag
eager
eagle
eagle1
eagle123
eagle2
eagle3
eagleeye
eagleman
eagleone
eagles
eagles01
eagles05
eagles07
eagles08
eagles09
eagles1
eagles10
eagles11
eagles12
eagles123
eagles13
eagles20
eagles21
eagles22
eagles23
eagles36
eagles5
ear
earendil
earl
earlgrey
earnest
earnhardt
earnhardt3
earth
earth1
earth123
earthbound
earthquake
earthworm
earwax
eas
easier
eason2010
easports
east
east1999
eastcoast
eastenders
easter
easter1
eastern
eastern1
eastland
eastman
easton
eastpak
eastside
eastside1
eastwest
eastwood
eastwood1
easy
easy123
easy1234
easyas123
easycafe
easyeasy
easymoney
easynote
easypass
easyrider
easyspiro
easytocrack1
eat
eatadick
eating
eatme
eatme1
eatme123
eatme2
eatme69
eatmenow
eatmyass
eatmyshorts
eatpussy
eatshit
eatshit1
ebay
ebayebay
ebeans
ebels123
ebenezer
ebony
ebony1
ebony123
ec6adiy154
ecaterina
echelon
echizen
echizen18
echo
echo123
echoecho
echoes
eclair
eclectic
eclipse
eclipse1
eclipse2
eclipse99
eco
ecology
economia
economic
economics
economie
economist
ecosse
ecstacy
ecstasy
ecuador
ecuador1
ecureuil
ed
ed123456
edaeda
edalwin12
edcrfv
edcrfvtgb
edcvfr45
edcvfrtgb_1
edcwsxqaz
edd
eddie
eddie1
eddie123
eddie666
eddies
edding
eddings
eddy
eddy123
ede
eded3434
ededed
edelweis
edelweiss
edelyn
eden
edgar
edgar1
edgar123
edgaras
edgard
edgardo
edge
edges
edgewood
edhardy
edi
edi123
edifier
edinburgh
edinburgh1
edison
edison1
edith
edith1
editha
edition
editor
edmar
edmond
edmonton
edmund
edmundo
edo
edoardo
edogawa
edouard
edrian
edson
edu
edu123
edu2008
edu2010
eduard
eduarda
eduardo
eduardo1
eduardo10
eduardo12
eduardo123
educate
education
education1
edvard
edw
edward
edward01
edward1
edward10
edward11
edward12
edward123
edward13
edward14
edward17
edward2
edward21
edward22
edward23
edward99
edwardcullen
edwardo
edwards
edwards1
edwige
edwin
edwin1
edwin123
edwina
edyta
edytka
ee
ee1234ee
eee
eeee
eeeee
eeeeee
eeeeeee
eeeeeeee
eeeeeeeeee
eek
eewk0m6245
eeydndg
eeyore
eeyore1
efb
efbcapa2010
efc1878
efe123
efecan
efeefe
effect
efrain
efren
efsane
egdrou1v
egemen
egg
eggbert
eggegg
egghead
egghead1
eggman
eggnog
eggplant
eggroll
eggs
egipto
egitto
eglantine
ego
egoist
egor
egor123
egor1998
egor1999
egor2000
egor2001
egor2002
egor2003
egoregor
egorka
egorov
egorova
egr5jy5f9l
egroeg
egxkc833sw
egypt
egypt1
egypte
egyptian
egzwlce194
eh1k9oh335
ehlb3c18tw
eiderdown
eiffel
eiffel65
eight
eight8
eight888
eightball
eighteen
eighteen18
eighty
eighty8
eileen
eileen1
eilidh
ein
einalem
eindhoven
einfach
einhorn
einkauf
einkaufen
einstein
einstein1
eintracht
eisbaer
eisenbahn
eishockey
eisregen
eistee
eistee123
ejn89y7yre
eka
ekaterina
ekmzyf
ekmzyjdcr
ektuhi1234
ekx1x3k9bs
el
el1zabeth
ela
eladnbin1104
elaina
elaine
elaine1
elaine123
elamor
elance
elanor
elantra
elbarto
elbereth
elbert
elcamino
eldar
eldercarelink
eldest
eldiablo
eldorado
eldridge
ele
eleanor
eleanor1
elearning
eleazar
election
electra
electra1
electric
electric1
electrical
electrician
electro
electro1
electron
electron1
electronic
electronica
electronics
elefant
elefant1
elefante
elefante1
elegance
elegant
elektra
elektrik
elektro
element
element0
element1
element11
element12
element123
element13
element2
element3
element5
element7
elemental
elemental1
elementary
elemento
elements
elements1
elena
elena1
elena123
elenberg
elendil
elenita
elenka
elenor
eleonor
eleonora
eleonore
elephant
elephant1
elephant12
elephant123
elephant2
elephant3
elephant7
elephants
elephants1
elessar
elettra
elevation
elevator
eleven
eleven1
eleven11
elf
elfenlied
elfman
elfriede
elgato
elgordo
elguapo
eli
eli123
eliana
eliane
elias
elias1
elias123
elie3173
elieli
eliezer
elif123
elijah
elijah01
elijah07
elijah1
elijah11
elijah12
elijah123
eliminator
elin
elina
elinor
eliot
eliott
elisa
elisa1
elisa123
elisabet
elisabeth
elisabeth1
elisabetta
elisbc54
elise
elise1
elise123
eliseo
elisha
elisha1
eliska
elissa
elite
elite1
elite123
elixir
eliza
eliza1
elizabet
elizabeth
elizabeth1
elizabeth12
elizabeth123
elizabeth2
elizabeth3
elizabeth4
elizabeth5
elizabeth7
elizabeth8
elizabeth9
elizaveta
ell
ella
ella123
ellabella
ellada
ellaella
ellaine
ellamae
ellarose
elle
ellegarden
ellehcim
elleinad
ellen
ellen1
ellen123
ellena
ellesse
ellie
ellie1
ellie123
elliedog
elliemae
elliemay
ellimac
ellington
elliot
elliot1
elliott
elliott1
ellipsis
ellis
ellis1
ellis123
ellison
elloco
ellsworth
elm
elmaster
elmatador
elmehdi
elmejor
elmejor1
elmer
elmer1
elmers
elmhurst
elminster
elmira
elmo
elmo12
elmo123
elmo1234
elmoelmo
elmore
elmwood
elnegro
elnino
elo
elo123
elocin
elodie
eloelo
eloelo123
eloelo320
elohim
eloisa
eloise
elpapi
elpaso
elputoamo
elrond
els
elsa
elsalvador
elshadai
elshaddai
elsie
eltigre
elton
eltonjohn
eltoro
elunico
elv
elvin
elvina
elvira
elvis
elvis1
elvis123
elvis1977
elvis2
elvis77
elvislives
elvisp
elvispresley
elviss
elway
elway7
elwood
elysia
elysium
elyssa
elzbieta
em
em123456
ema
emachine
emachine1
emachines
emachines1
email
email1
email123
emailonly
emails
eman
emanuel
emanuel1
emanuel123
emanuela
emanuele
emanuelle
embassy
embassy1
emblem
embrace
embroidery
eme
emekanan
emelec
emelia
emelie
emeline
emelyn
emerald
emerald1
emerald7
emeralds
emeraude
emergency
emeric
emerica
emerica1
emerson
emerson1
emi
emi123
emil
emil123
emil1234
emile
emilee
emilemil
emilia
emilia1
emilian
emiliana
emiliano
emilie
emilie1
emilien
emilija
emilio
emilio1
emilio123
emilka
emilly
emily
emily01
emily1
emily10
emily11
emily12
emily123
emily1234
emily13
emily2
emily2005
emily3
emily5
emilyann
emilyb
emilyjane
emilyrose
emilys
emilyw1010
emin3m
emine
eminem
eminem00
eminem01
eminem1
eminem10
eminem11
eminem12
eminem123
eminem1234
eminem13
eminem18
eminem2
eminem21
eminem22
eminem23
eminem313
eminem69
eminem88
eminem89
eminem99
eminemd12
eminescu
emir
emir123
emirates
emircan
emirhan
emm
emma
emma01
emma06
emma10
emma11
emma12
emma123
emma1234
emma13
emma2000
emma2002
emma2003
emma2004
emma2005
emma2006
emma2007
emma2008
emma2009
emma2010
emma22
emma99
emmadog
emmaemma
emmagrace
emmajane
emmajean
emmalee
emmalou
emmalouise
emman
emmanuel
emmanuel1
emmanuel12
emmanuel123
emmanuella
emmanuelle
emmarose
emmawatson
emmeline
emmett
emmitt
emmitt22
emmy
emmylou
emo
emo123
emo4ever
emo4life
emo666
emoako
emoboy
emocore
emocute
emoemo
emoemoemo
emogirl
emogirl1
emogurl
emogurl1
emokid
emokid1
emolove
emolove1
emolover
emopunk
emopunk1
emorej
emorock
emotera
emotion
emotional
emotional1
emotions
emp
emperador
emperor
emperor1
empire
empire1
empire11
empire12
empire123
empires
empleo
emploi
employ
employment
empoleon
emporio
empower
emprego
empresa
empress
empty
emre
emre123
emre1234
emre123456
emrecan
emreemre
emulator
emyeuanh
emyeuoi
enamorada
enamorado
encarta
enchanted
enchong
enclave
encore
encounter
encule
enculer
encyclopedia
end
endang
endeavor
endeavour
ender
ender1
ender123
enderman
endgame
endless
endless1
endlesslove
endurance
enduro
endymion
ene
enemy
energia
energie
energizer
energy
energy1
energy123
energystar
enes
enes123
enesenes
enfant
enfants
enfermagem
enfermera
enfield
enforcer
eng
engage
engel
engel1
engel123
engelchen
engels
engine
engine1
engineer
engineer1
engineerin
engineering
engineers
england
england1
england10
england11
england12
england123
england1966
england2
england66
england7
englisch
english
english1
english12
english123
enhancer
eni
enibas
enigma
enigma1
enigma12
enigma123
enigma13
enigmatic
enilorac
eniola
enjoy
enjoylife
enois123
enomis
enough
enr
enrica
enrico
enrique
enrique1
enriquez
ensemble
ensenada
ensicptfcorp
ent
enteng
enter
enter1
enter12
enter123
enter1234
enter2
enter22
enter55
enterenter
entering
enterme
enternow
enterpri
enterprise
enterprise1
enterprise1701
enterr
enters
entersandman
entertainment
entity
entrada
entrance
entrar
entrer
entropia
entropy
entu6ea64h
envelope
environment
envision
envision1
eny2zbn853
enz
enzo
enzo123
enzoenzo
enzyme
eoce59cl9u
eouthmjb
epc
ephraim
epic
epicfail
epicness
epiphany
epiphone
epiphone1
episode
episode1
episode3
eppipiqr74
epsilon
epsilon1
epson
epson1
epson123
eqes606898
equilibrium
equine
equinox
equipo
equitation
equity
equitydev
er
er123456
er2sizo241
era
eragon
eragon1
eragon11
eragon12
eragon123
eraser
eraserhead
erasmo
erasmus
erasure
ercole
erdbeere
erdem123
erdfcv
erdogan
ere
erebus
erection
ereiamjh
eren
eren123
erenity
ererer
erererer
erevan
erfolg
erfurt
erhfbyf
eri
eric
eric01
eric1
eric11
eric12
eric123
eric1234
eric12345
erica
erica1
erica123
ericeric
erich
erick
erick1
erick123
ericka
ericka1
erickson
ericson
ericsson
ericsson1
eriectl
erik
erik123
erik1234
erik2002
erika
erika1
erika123
erikas
erikerik
erikson
eriksson
erin
erin123
erine!
erinerin
eritrea
erk
erlinda
erm
ern
ernest
ernest1
ernestina
ernestine
ernesto
ernesto1
ernie
ernie1
ernie123
ero
eros
erotic
erotica
eroticy
errereer
erreway
errol
error
error1
error123
error404
ers
ersatz
ersguterjunge
ert
ert123
ertert
erty
ertyu
ertyui
ertyuiop
eruption
ervin
erwan
erwann
erwin
erwin1
erwin123
erzengel
erzincan
erzurum
erzurum25
esazznim
esb5vp7r2h
esc
escada
escaflowne
escalade
escalade1
escalante
escalera
escape
escape1
escapethefate
escargot
escher
escobar
escobar1
escola
escola123
escorpiao
escorpio
escorpion
escort
escort1
escrime
escudo
escuela
esenin
esguerra
esj8sf89
eskimo
esmeralda
esmeralda1
esoteric
esp
espa
espace
espada
espagne
espagnol
espana
espanhol
espanol
espanola
especial
espejo
esperanca
esperance
esperanto
esperanza
esperanza1
espero
espina
espino
espinosa
espinoza
espion
espiritu
espoir
esponja
esposito
espresso
esprit
esqueci
esquire
esraesra
ess
essence
essence1
essendon
essential
essptfcorp
est
establish
estate
esteban
esteban1
esteban123
esteem
estefani
estefania
estefany
estela
estella
estelle
estelle1
ester
estera
esther
esther1
esther12
esther123
estonia
estopa
estrada
estrada1
estranged
estrela
estrelas
estrelinha
estrella
estrella1
estrellas
estrellita
estudante
estudar
estudiante
estupido
eszter
etabeta
eternal
eternal1
eternel
eternity
eternity1
eterno
eth
ethan
ethan01
ethan1
ethan12
ethan123
ethel
ethereal
ethernet
ethiopia
etienne
etienne1
etnies
etnies1
etoif328jo
etoile
etoiles
ettore
etudiant
eu
eu123456
euamodeus
euamojesus
euamominhamae
euamovoce
eucalyptus
euclid
eudlekb645
eueueu
eug
eugen
eugene
eugene1
eugenia
eugenie
eugenio
eulalia
eumeamo
eumesma
eumesmo
eunaosei
eunice
eunice1
euphonium
euphoria
eur
eureka
eureka7
euro
euro2000
euro2004
euro2008
euro2012
eurogunz
euronics
europa
europe
european
eurostar
eusebio
eusitu
euskadi
eusoueu
eusoufoda
eusoulinda
eusoulindo
euteamo
euteamomuito
euzinha
ev3g42oqfd
ev967wqygf
eva
eva123
evaeva
evamaria
evan
evan123
evander
evandro
evanescence
evangelina
evangeline
evangelion
evangelion01
evangelion1
evangelist
evangelista
evans
evans1
evar9ef898
evaristo
evasion
eve
eve123
evelin
evelina
eveline
evelyn
evelyn1
evelyn12
evelyne
evenflow
evening
evenstar
event
events
everafter
everclear
everest
everest1
everett
everett1
everfree
evergreen
evergreen1
everlast
everlast1
everlastin
everlasting
everlong
evermore
everquest
everquest1
everquest2
everton
everton01
everton1
everton10
everton12
everton123
everton1878
everton2
everton9
evertonfc
evertonfc1
every1
everybody
everyday
everyone
everything
everytime
everywhere
evette
evg
evgeni
evgenia
evgenii
evgenij
evgeniy
evgeniya
evgeny
evgesha
evi
evicka
evidence
evil
evil123
evil666
evilclown
evildead
evildead2
evildick
evilevil
evileye
evilone
evita
evo
evolution
evolution1
evolution7
evolution8
evolution9
evolve
evu24ez5yj
ewa
ewa123
ewaewa
ewan
ewanko
ewanko1
ewankoba
ewankosau
ewankosayo
ewe
ewelina
ewelina1
ewelinka
ewq123
ewq321
ewqdsacxz
ewqewq
ewunia
ewunia2000ewa
ex50867212
exalg123
example
excaliber
excalibur
excalibur1
excel
excell
excellence
excellent
excellent1
excelsior
excess
exchange
excite
exclusive
excuseme
execute
executive
executor
exequiel
exercise
exeter
exi
exigent
exit_window
exodia
exodus
exorcist
exotic
exp
expansion
expedition
expensive
experience
experiment
expert
expert12
explicit
explode
exploited
explore
explore1
explorer
explorer1
explosion
explosive
export
express
express1
express2008
express2010
expression
expresso
ext
extasy
extensa
extension
extra
extra300
extras
extrem
extreme
extreme1
extreme123
extremo
exx51821
eye
eyeball
eyeball1
eyeballs
eyecandy
eyeless
eyeliner
eyes
eyeshield
eyeshield2
eyeshield21
eyesonme
ez7jnbg751
ezekiel
ezekiel1
ezequiel
ezj63llo5a
f
f00bar
f00tb4ll
f00tba11
f00tball
f12345
f123456
f1234567
f12345678
f123456789
f14tomcat
f15eagle
f16falcon
f18hornet
f1f2f3
f1f2f3f4
f1f2f3f4f5
f1uuhza723
f22raptor
f246865h
f2ptieh399
f3kvvm3f
f56hdglg2i
f6h2l8chxf
f8r7s6wbki
f9wetr24zl
fa
fa123456
fab
fab123
fabi
fabian
fabian1
fabian11
fabian12
fabian123
fabiana
fabiano
fabien
fabienne
fabietto
fabinho
fabio
fabio1
fabio123
fabiola
fabiola1
fabius
fable
fable123
fable2
fabolous
fabolous1
fabregas
fabregas1
fabregas4
fabric
fabric1
fabrice
fabricio
fabrizio
fabulous
fabulous1
fac
face
face2face
faceb00k
facebook
facebook.com
facebook1
facebook11
facebook12
facebook123
facedown
faceface
faceless
faceoff
faceoff1
facial
facile
fackyou
factor
factory
faculty
facundo
fad
fade2black
fadetoblack
fadhil
fadila
faerie
faf
fafa
fafafa
fafafafa
fafnir
fag
fagget
faggot
faggot1
faggot123
fahad
fahad123
faheem
fahjlbnf
fahrenheit
fahrrad
fai
failsafe
failte
failure
fairbanks
fairfax
fairfield
fairies
fairlady
fairlane
fairmont
fairplay
fairuz
fairview
fairway
fairways
fairways1
fairy
fairy1
fairy123
fairydust
fairyland
fairytail
fairytale
faisal
faisal123
faisalabad
faith
faith01
faith1
faith101
faith11
faith12
faith123
faith2
faith7
faith777
faithful
faithful1
faithfull
faithfully
faithless
faiths
faithy
faizal
faizan
faizonline
fajar
fajardo
fak
fake
fake123
fake1234
fakefake
fakename
fakepass
fakepassword
faker
fal
falafel
falcao
falco
falcon
falcon01
falcon1
falcon10
falcon11
falcon12
falcon123
falcon13
falcon16
falcon21
falcon22
falcon69
falcone
falconer
falcons
falcons1
falcons7
falighthouse
falken
falkirk
fall
fallen
fallen1
fallen11
fallen12
fallen123
fallen13
fallenangel
fallforyou
fallin
falling
fallinlove
fallon
fallout
fallout1
fallout123
fallout2
fallout3
fallout4
falloutboy
falmouth
falso33
falstaff
fam
famiglia
familia
familia1
familia10
familia123
familia4
familia5
familiar
familie
familie1
families
famille
family
family01
family04
family05
family06
family07
family08
family09
family1
family10
family101
family11
family12
family123
family1234
family13
family1st
family2
family22
family3
family4
family5
family6
family7
family8
family99
familyfirst
familyguy
familyguy1
familyguy123
familylove
familyof4
familyof5
familyof6
familytree
famir5
famous
famous1
famous12
famous123
fan
fan123
fanatic
fanatik
fanculo
fancy
fancy1
fancypants
fandango
fanette
fanfan
fang
fang2008
fangfang
fangorn
fannie
fanny
fanny1
fanny123
fanta
fanta1
fanta123
fantage
fantas
fantasia
fantasia1
fantasista
fantasma
fantastic
fantastic1
fantastic4
fantastico
fantasy
fantasy1
fantasy11
fantasy12
fantasy123
fantasy13
fantasy2
fantasy7
fantasy8
fantasy9
fantom
fantomas
fantome
fantomen
far
far123
faraday
farah
farah123
faramir
faraon
faraway
farcry
farcry2
fareed
farewell
farfadet
farfalla
farfallina
farfar
farhad
farhan
farhan123
farhana
farhat
farheen
farid
farida
faridah
farina
faris
faris123
farkas
farley
farm
farmacia
farmall
farmboy
farmer
farmer1
farmerama
farmers
farmgirl
farmhouse
farming
farmor
farmville
farooq
farouk
farout
farrah
farrel
farrell
farris
farrukh
farscape
farscape1
farseer
farside
farside1
fart
fart123
fart1234
farted
farter
fartface
fartfart
farthead
farting
fartman
farts
farzana
fas
fashion
fashion1
fashion101
fashion12
fashion123
fashion2
fashiondiva
fashionfantasy
fashiongirl
fashionist
fashionista
fashionrocks
fashions
fashon
fasola
fast
fast123
fastback
fastball
fastcar
fastcar1
fastcars
faster
faster1
fastfast
fastfood
fastlane
fastrack
fasttrack
faszfej1
fat
fat123
fatal1ty
fatalbert
fatalis
fatality
fatamorgana
fatass
fatass1
fatbastard
fatboy
fatboy01
fatboy1
fatboy12
fatboy123
fatboy69
fatboyslim
fatcat
fatcat1
fatcat12
fatcat123
fatcow
fatdaddy
fatdog
fate
fatema
fatface
fatfat
fatgirl
fatguy
fathead
fathead1
father
father1
father12
father123
fathima
fathom
fatih
fatih123
fatiha
fatima
fatima1
fatima12
fatima123
fatimah
fatimis
fatina
fatjoe
fatkid
fatma
fatman
fatman1
fatman12
fatman123
fatoumata
fatpussy
fatrat
fatso
fattie
fatty
fatty1
fatty123
faucon
faulkner
faust
faustina
faustine
faustino
fausto
faut3k8r7y
fauzan
fauziah
favor
favored1
favorit
favorite
favorite1
favorites
favour
favourite
favre4
fawkes
faye
fayefaye
fazer
fazer600
fb123456
fb1907
fb1907fb
fb7gxl2264
fbfbfb
fbi11213
fbobh_
fbu89bxx5f
fc81a2dwcg
fcafkmn
fcb
fcbarca
fcbarcelona
fcbarcelona1
fcbayern
fcbayern1
fcinter
fckgwrhqq2
fcmart-227228
fcnantes
fcporto
fcschalke04
fdfdfd
fdfnfh
fdfyufhl
fdgfgytt
fdhjhf
fds
fdsa
fdsa1234
fdsa4321
fdsafdsa
fdsfds
fduecn
feadsf3dw
feanor
fear
fearless
fearless1
fearme
feather
feather1
feathers
feb
febbraio
febrero
februar
februari
february
february1
february13
february14
february21
february24
febuary
fed
fedcba
fede
fedefede
feder_1941
federal
federal1
federation
federer
federer1
federica
federico
federico1
fedex
fedora
fedorov
fedorova
fee
feebee
feedback
feeder
feedme
feefee
feelgood
feeling
feelings
feelmylove
feet
fefe
fefefe
feifei
feifei521
fel
felice
felicia
felicia1
feliciano
felicidad
felicidade
felicita
felicitas
felicity
felicity1
feliks
felina
feline
felino
felipe
felipe01
felipe1
felipe10
felipe11
felipe12
felipe123
felipe1234
felipe13
felisa
felix
felix007
felix1
felix12
felix123
felix2
felixcat
felixthecat
felixx
feliz
fellatio
fellini
fellow
fellowes
fellowship
felony
felton
female
female1
femme
femmes
fen
fencer
fencing
fender
fender01
fender1
fender11
fender12
fender123
fender69
fenderstrat
fendt936
fener
fener123
fener1907
fenerbah
fenerbahce
fenerbahce19
fenerbahce1907
fenerli
fengfeng
fengshui
fenice
feniks
fenix
fenix1
fenix123
fennec
fenomen
fenomeno
fenrir
fenris
fenster
fenton
fenway
fenwick
fer
fer123
ferari
ferarri
fercho
ferda
ferdi
ferdie
ferdinand
ferdinand1
ferdinando
ferenc
ferfer
fergie
fergie1
fergis
fergus
ferguson
ferguson1
ferhat
fericire
feridax082012
ferien
fermat
fermin
fern
fernan
fernand
fernand0
fernanda
fernanda1
fernanda123
fernande
fernandes
fernandez
fernandez1
fernandito
fernando
fernando1
fernando10
fernando12
fernando123
fernando9
fernandotorres
fernanfloo
ferndale
fernet
fernie
fernseher
ferrara
ferrari
ferrari01
ferrari1
ferrari10
ferrari11
ferrari12
ferrari123
ferrari2
ferrari3
ferrari355
ferrari360
ferrari430
ferrari458
ferrari5
ferrari7
ferrarienzo
ferrarif1
ferrarif40
ferrarif430
ferrarif50
ferraris
ferreira
ferrer
ferrero
ferret
ferret1
ferrets
ferris
ferrum
ferry
fester
festina
festival
festus
fet
fetish
fettsack
feuer
feuer112
feuerwehr
feuerwehr112
feuerzeug
fever
fevereiro
fevrier
feyenoord
feyenoord1
ff
ff123456
ffantasy
fff
ffff
fffff
ffffff
fffffff
ffffffff
fffffffff
ffffffffff
ffffffffffff
ffshrine
fftoday
ffviii
fgfgfg
fgfgfgfg
fgfr56hfve6
fgh
fghfgh
fghfghfgh
fghhgf
fghj
fghjkl
fghtkm
fgjfdj04th
fgjrfkbgcbc
fgrade12
fgrd58es24
fgte5e4d
fgtkmcby
fh
fh1hm1wl
fhctybq
fhntv1998
fhntvbq
fhntvrf
fhutynbyf
fhvfutljy
fhvx256jly
fi2r2fb3pr
fialka
fiamma
fiasco
fiat
fiat126p
fiat500
fiatpunto
fiatuno
fibonacci
fic
ficelle
fickdich
fickdich1
fickdich123
ficken
ficken00
ficken1
ficken100
ficken12
ficken123
ficken2009
ficken69
ficken88
ficker
fiction
fid
fiddle
fiddler
fidel
fidele
fidelidade
fidelio
fidelis
fidelity
fidget
fido
fidodido
fidofido
field
fields
fierce
fiesta
fiesta1
fiesta123
fietsbel
fif
fifa
fifa06
fifa07
fifa08
fifa09
fifa10
fifa11
fifa12
fifa123
fifa2000
fifa2001
fifa2002
fifa2003
fifa2004
fifa2005
fifa2006
fifa2007
fifa2008
fifa2009
fifa2010
fifa2011
fifa2012
fifa2013
fifafifa
fifi
fifi123
fififi
fifille
fifine
fifteen
fifteen15
fifty
fifty50
fiftycent
fig
figa
figaro
figaro1
fight
fight1
fight123
fightclub
fightclub1
fighter
fighter1
fighter123
fighters
fighting
fighton
figjam
figment
figo
figueroa
figure
figvam
fij3v75onn
fil
filbert
file
filefront
filemon
files
filhodaputa
filhos
filimon
filip
filip1
filip123
filipa
filipe
filipe123
filipek
filipek1
filipina
filipino
filipino1
filipko
filipp
filippa
filippo
filippo1
filler
filles
fillmore
film
filmmaker
filo
filomena
filosofia
filou
filsdepute
filter
filthy
fin
final
final1
final123
final7
final8
finale
finalf
finalfan
finalfanta
finalfantasy
finalfantasy1
finalfantasy10
finalfantasy12
finalfantasy13
finalfantasy7
finalfantasy8
finalflash
finally
finally1
finance
finance1
financial
finbar
finch
finchen
find1234
find_pass
findajob
findaupair007
finder
findingnemo
findjob
findlaw10
findlay
findme
findus
fine
fineboy
finesse
finest
finette
finfin
finger
finger1
finger11
fingers
fingers1
fingerweg
fingolfin
finish
finished
finite
finland
finland1
finlandia
finlay
finley
finley1
finn
finnegan
finnigan
finnland
finster
fio
fiocco
fiona
fiona1
fiona123
fiore
fiorela
fiorella
fiorellino
fiorentina
fir
firdaus
fire
fire11
fire12
fire123
fire1234
fire13
fire22
fire666
fire911
fireandice
fireball
fireball1
fireballs
firebird
firebird1
fireblade
fireblade1
fireblast
firebolt
fireboy
firebug
firecat
firecracker
firedog
firedragon
fireemblem
firefighter
firefire
firefire1
fireflies
firefly
firefly1
firefox
firefox1
firefox123
firegirl
firehawk
fireheart
firehouse
fireice
firelord
fireman
fireman1
fireman2
firenze
fireplace
firepower
firered
firestar
firestarter
firestone
firestorm
firestorm1
firetruck
firetruck1
firewall
firewall1
firewater
firewire
firewolf
firewood
firework
fireworks
fireworks1
firman
first
first1
firstblood
firstborn
firstlove
firstone123
firsttime
firulais
fis
fisch
fisch123
fische
fischer
fischer1
fischi
fischkopf
fish
fish11
fish12
fish123
fish1234
fish22
fishandchips
fishbait
fishball
fishbone
fishbowl
fishboy
fishcake
fisher
fisher1
fisher12
fisher123
fisherman
fisherman1
fishers
fishes
fishes1
fishface
fishfish
fishfood
fishhead
fishie
fishies
fishin
fishing
fishing1
fishing12
fishing123
fishing2
fishlips
fishman
fishman1
fishnet
fishon
fishpond
fishstick
fishstick1
fishsticks
fishtank
fishtank1
fishy
fishy1
fishy123
fisica
fisika
fisioterapia
fisken
fisse
fister
fisting
fit
fit4life
fitness
fitness1
fitri
fitria
fitter
fitzgerald
fitzroy
five
five55
fivefive
fivekids
fivestar
fixit
fizzle
fj5tx19hit
fjdksl
fjdksla
fjfjfj
fjfjfjfj
fjqzcjz8
fjroknpdwk
fk3456abc
fk8o1v3syo
fkbyjxrf
fkbyrf
fkf9ts6f2s
fkg7h4f3v6
fkmnthyfnbdf
fkt
fktrc162534
fktrcfylh
fktrcfylh1
fktrcfylhf
fktrcfylhjdbx
fktrcfylhjdyf
fktrctq
fktrctq1
fktyeirf
fktyjxrf
fktyrf
fl
fla
flakes
flame
flame1
flame123
flameboy
flamenco
flamengo
flamengo1
flamengo10
flamengo123
flameon
flamer
flames
flames1
flames12
flames123
flaming
flamingo
flamingo1
flamme
flanagan
flanders
flange
flanker
flanker7
flapjack
flapper
flappie
flappy
flaquita
flaquito
flasche
flash
flash1
flash123
flashback
flasher
flashflash
flashlight
flashman
flashpoint
flashy
flatbush
flateric
flathead
flatland
flatline
flatout
flatron
flatron1
flatron123
flavia
flavie
flavien
flavio
flavius
flavor
flawless
fldjrfn
fle
fleabag
flecki
fledermaus
fleetwood
fleming
fleming1
flemming
fletch
fletcher
fletcher1
fleur
fleurs
fleury
flex
flexible
flhtyfkby
fli
flick
flicka
flicker
fliegen
flieger
flight
flight23
fling
flint
flintstone
flip
fliper
flipflip
flipflop
flipflop1
flipflops
flipmode
flipper
flipper1
flippers
flippy
flipside
flirt
flirty
flo
flo123
floare
float
flock
flocke
flocon
floflo
flogger
flomaster
flooring
floortje
floppy
floppy1
flopsy
flor
flora
flora1
flora123
floral
florcita
florcoon
flordeliza
floren
florence
florence1
florencia
florencio
florent
florentin
florentina
florentino
flores
flores1
flores123
floresta
flori
florian
florian1
florian12
florian123
floriana
floriane
floricienta
florida
florida09
florida1
florida11
florida12
florida123
florida2
florida3
florida5
florida7
florie
florin
florina
florinda
florine
florinel
floripa
floris
florzinha
flossie
flossie1
flossy
flossy1
flounder
flounder1
flow
flower
flower01
flower1
flower10
flower11
flower12
flower123
flower1234
flower13
flower14
flower18
flower2
flower21
flower22
flower23
flower3
flower4
flower5
flower69
flower7
flower99
flowergirl
flowerpot
flowerpower
flowers
flowers1
flowers12
flowers123
flowers2
flowers3
flowers7
flowerss
floyd
floyd1
floyd123
flu
flubber
flubber1
fluff
fluffer
fluffy
fluffy01
fluffy1
fluffy10
fluffy11
fluffy12
fluffy123
fluffy13
fluffy2
fluffy22
fluffybunny
flugzeug
fluminense
flung
flunk
flushing
flute
flutes
flutter
flutterby
fluttershy
fluturas
flvbybcnhfnjh
fly
fly123
flyaway
flyboy
flyer
flyers
flyers1
flyers88
flyfish
flyfishing
flyfly
flyforfun
flygirl
flyguy
flyhigh
flying
flyleaf
flynn
fmnchhg786
fnkfynblf
foamyzit11
focker
focus
focus1
focus123
focused
fodase
fodasse
fodbold
fofinha
fofinho
foggia
foghorn
fokker
fol
folake
folder
folgore
folklore
folletto
follow
followme
fomoco
fon
fondoom
fonfon
fonseca
fontaine
fontana
fonzie
foo
foobar
foobar123
food
food12
food123
food1234
foodfood
foodie
foodisgood
foofighter
foofighters
foofoo
fool
foolio
foolish
foolish1
foolproof
foolycooly
foosball
foot
footba11
footbal
football
football0
football00
football01
football06
football07
football08
football09
football1
football10
football101
football11
football12
football123
football1234
football13
football14
football15
football16
football17
football18
football19
football2
football20
football21
football22
football23
football24
football25
football26
football27
football28
football3
football30
football31
football32
football33
football34
football35
football4
football40
football42
football44
football45
football5
football50
football51
football52
football53
football54
football55
football56
football58
football6
football62
football64
football65
football66
football67
football68
football69
football7
football72
football73
football74
football75
football76
football77
football78
football8
football80
football81
football84
football87
football88
football89
football9
football90
football93
football95
football96
football97
football98
football99
footballer
foothill
footie
footlong
footloose
footman
footprints
footy
footy1
for
forbes
forbidden
force
force1
forces
ford
ford123
ford1234
ford150
fordescort
fordf150
fordf250
fordf350
fordfiesta
fordfocus
fordfocus1
fordford
fordgt
fordgt40
fordham
fordka
fordman
fordmondeo
fordmustang
fordranger
fordtruck
forelle
foreman
forensic
forensics
foreplay
foresight
foreskin
forest
forest01
forest1
forest11
forest12
forest123
forester
forestgump
forestry
forever
forever0
forever1
forever10
forever11
forever12
forever123
forever13
forever14
forever15
forever16
forever17
forever18
forever2
forever21
forever22
forever23
forever25
forever27
forever3
forever4
forever5
forever7
forever8
forever9
foreveralone
foreverandalways
foreverlov
foreverlove
foreverme
forevermor
forevermore
foreveryou
foreveryoung
foreveryours
forfun
forget
forget1
forget12
forget123
forgetful
forgetful1
forgetit
forgetit1
forgetme
forgetmenot
forgive
forgiveme
forgiven
forgiven1
forgot
forgot1
forgot123
forgotit
forgotten
forgotten1
forklift
forlife
forlove
format
formation
formel1
formentera
formiga
formula
formula1
formule1
forreal
forrest
forrest1
forsaken
forsaken1
forsale
forsberg
forsberg21
forsythe
fortaleza
forthehorde
forthewin
fortis
fortitude
fortknox
fortminor
fortress
fortuna
fortuna1
fortuna95
fortunate
fortunato
fortune
fortune1
fortuner
forty2
fortytwo
forum
forum1
forum123
forum159
forumpass
forumpass1
forums
forward
forward1
foryou
forza
forzainter
forzaitalia
forzajuve
forzalazio
forzamilan
forzanapoli
forzaroma
forzatoro
fos
foshizzle
fossil
fossil1
foster
foster1
fosters
fosters1
fot
fotbal
fotball
fotboll
fotboll1
foto
fotograf
fotografia
fotos
fottiti
fou
foucault
foufou
foufoune
fouine
foundation
founder
fountain
four
four20
four44
four4444
fourboys
fourfour
fourier
fourkids
fournier
fourteen
fourteen14
fourth
fourtwenty
fouzia
fowler
fowler9
fox
fox123
foxbat
foxdie
foxfire
foxfire1
foxfox
foxglove
foxhound
foxman
foxmulder
foxracing
foxracing1
foxtrot
foxtrot1
foxy
foxy123
foxygirl
foxylady
foxylady1
foxyroxy
fozl864ayd
fozzie
fpna23aas1
fqrg7cs493
fr
fr33d0m
fr33dom
fra
fra1
fractal
fradika
frafra
fraggle
fraggle1
fragile
fragile1
fragment
fragola
fragolina
fragrance
fraise
frajer
framboise
frames
fran
fran123
franc
franca
francais
france
france01
france1
france12
france123
france98
frances
frances1
francesc
francesca
francesca1
francesco
francesco1
franchesca
francheska
franchise
franci
francia
francie
francine
francine1
francis
francis1
francis123
francis2
francisc
francisca
francisco
francisco1
francisco123
francism
franck
francky
franco
franco1
franco12
franco123
francois
francois1
francoise
francy
franek
franfran
frank
frank1
frank12
frank123
frank1234
frank2
franka
franke
franken
frankenstein
frankfurt
frankfurt1
franki
frankie
frankie01
frankie1
frankie11
frankie12
frankie123
frankie2
frankie3
frankiero
franklampard
franklin
franklin1
franklyn
franko
frankreich
franks
franky
franky1
frankzappa
frannie
franny
franta
frantic
frantisek
franz
franz1
franzi
franziska
fraser
fraser1
frasier
frasse
fratello
frazer
frazier
frdfhbev
fre
freak
freak1
freak123
freak666
freakazoid
freaker
freakout
freaks
freakshow
freaky
freaky1
freccia
frechdachs
freckle
freckles
freckles1
fred
fred01
fred1
fred11
fred12
fred123
fred1234
fred1994
fred22
fredbear
fredde
fredderf
freddi
freddie
freddie1
freddie123
freddie2
freddo
freddurst
freddy
freddy01
freddy1
freddy11
freddy12
freddy123
freddy13
freder
frederic
frederic1
frederick
frederick1
frederico
frederik
frederik1
frederique
fredfred
fredfred1
fredie
fredo
fredom
fredperry
fredrick
fredrick1
fredrik
fredy
free
free11
free12
free123
free1234
free2bme
free2play
free2rhyme
free4all
free4ever
free4me
freeadd1
freeagent
freeatlast
freebee
freebeemart
freebeer
freebie
freebiejeebies
freebies
freebird
freebird1
freebox
freecell
freed0m
freedom
freedom0
freedom01
freedom07
freedom08
freedom09
freedom1
freedom10
freedom101
freedom11
freedom12
freedom123
freedom13
freedom2
freedom21
freedom22
freedom23
freedom3
freedom34
freedom4
freedom4me
freedom5
freedom6
freedom69
freedom7
freedom77
freedom8
freedom9
freedom99
freedoms
freedoom
freeee
freefall
freeforall
freefree
freegame
freegames
freehome
freelance
freelancer
freeland
freelander
freelife
freelove
freemail
freeman
freeman1
freemason
freeme
freemind
freemoney
freemusic
freenet
freepass
freeporn
freeport
freeride
freerider
freesex
freeshit
freesia
freespace
freespirit
freestuff
freestyle
freestyle1
freestyler
freetime
freetown
freetrial
freeuser
freeway
freeway1
freewill
freewilly
freeworld
freeze
freeze1
freeze112
freeze12
freezer
freezing
fregis
freibier
freiburg
freight
freightliner
freiheit
freiheit89
freind
freinds
freitag
freitag13
freitas
fremont
french
french1
frenchfries
frenchfry
frenchhorn
frenchie
frenchkiss
frenchy
frenchy1
frends
frenzy
fresas
fresca
fresco
fresh
fresh1
fresh123
fresh2def
fresher
freshman
freshman1
freshmen
freshstart
fresita
fresno
frettchen
freude
freund
freunde
freunde1
freundin
freundschaft
freya
freya1
freya123
freyja
frfltvbz
frfrfr
fri
friction
frida
friday
friday1
friday11
friday12
friday123
friday13
fridays
fridge
fridolin
frieda
friedchicken
frieden
friedman
friedrice
friedrich
friend
friend1
friend12
friend123
friendly
friendly1
friends
friends01
friends1
friends10
friends11
friends12
friends123
friends13
friends2
friends3
friends4
friends4ev
friends4ever
friends4life
friends5
friends6
friends7
friends8
friends9
friendsfor
friendsforever
friendship
friendship1
friendss
friendster
friendster1
friendz
frighten
frijoles
frijolito
frikandel
frill
frimousse
fripon
fripouille
frisbee
frisco
frisco415
frisk
friskie
frisky
frites
fritz
fritz1
fritz123
fritzi
fritzie
fritzy
frizzy
fro
frodo
frodo1
frodo123
frodon
frog
frog12
frog123
frog1234
froger
frogfrog
frogger
frogger1
frogger2
froggie
froggie1
froggies
froggy
froggy1
froggy11
froggy12
froggy123
froglegs
frogman
frogman1
frogs
frogs1
froilan
frolov
frolova
fromage
fromhell
front242
frontech
frontera
frontier
frontline
frosch
frost
frost123
frostbite
frosty
frosty1
frosty123
froufrou
frozen
frozen1
frozenfish
frqafder
frqasder
frufru
fruit
fruitbat
fruitcake
fruitcake1
fruitloop
fruitloops
fruits
fruitsbasket
fruity
fruity1
frumusica
frusciante
fs7600
fsd123
fsd9shtyut
fsdfvsdf4
fslhggi
fsn9bj5z2d
fsnm3654
ft6hc2gk2x
ftbfrvlg17
ftiq5a27us
ftrcvh5732
fu
fu082508251
fubar
fubar1
fubar123
fubu05
fuc
fuchs
fuck
fuck0ff
fuck11
fuck12
fuck123
fuck1234
fuck12345
fuck13
fuck1you
fuck666
fuck69
fuck777
fuckaduck
fuckall
fuckass
fuckbitches
fuckbook
fucked
fuckedup
fuckem
fuckemall
fucker
fucker1
fucker11
fucker12
fucker123
fucker13
fucker2
fucker666
fucker69
fuckers
fuckers1
fuckface
fuckface1
fuckfuck
fuckfuck1
fuckfuckfuck
fuckhead
fuckher
fuckin
fuckina
fucking
fucking1
fucking123
fuckingbitch
fuckingshit
fuckit
fuckit1
fuckit123
fuckit69
fuckitall
fucklife
fucklife1
fucklove
fucklove1
fucklove13
fuckman
fuckme
fuckme1
fuckme11
fuckme12
fuckme123
fuckme2
fuckme69
fuckmehard
fuckmenow
fuckmyass
fuckmylife
fucknut
fuckof
fuckoff
fuckoff!
fuckoff1
fuckoff11
fuckoff12
fuckoff123
fuckoff13
fuckoff2
fuckoff22
fuckoff3
fuckoff420
fuckoff666
fuckoff69
fuckofff
fuckshit
fuckshit1
fuckstick
fucktard
fuckthat
fuckthat1
fuckthemall
fuckthepolice
fuckthesystem
fucktheworld
fuckthis
fuckthis1
fuckthisshit
fucku
fucku1
fucku123
fucku2
fuckuall
fuckubitch
fuckup
fucky
fucky0u
fuckya
fuckyeah
fuckyo
fuckyou
fuckyou!
fuckyou.
fuckyou0
fuckyou00
fuckyou01
fuckyou08
fuckyou09
fuckyou1
fuckyou10
fuckyou101
fuckyou11
fuckyou12
fuckyou123
fuckyou1234
fuckyou13
fuckyou14
fuckyou17
fuckyou2
fuckyou21
fuckyou22
fuckyou23
fuckyou3
fuckyou4
fuckyou420
fuckyou5
fuckyou6
fuckyou666
fuckyou69
fuckyou7
fuckyou77
fuckyou8
fuckyou88
fuckyou9
fuckyou99
fuckyouall
fuckyoubitch
fuckyouman
fudge
fudge1
fudge123
fudgie
fuego
fuentes
fuerte
fufufu
fugazi
fugitive
fujifilm
fujifuji
fujiko
fujimoto
fujitsu
fujitsu1
fujitvpass
fujiwara
fujiyama
fuk19600
fukoff
fukyou
ful
fulcrum
fuleff
fulham
fulham1
full
fullback
fullclip
fuller
fullerton
fullhouse
fullmetal
fullmetal1
fullmoon
fullmoon1
fulmine
fulton
fulvia
fulvio
fumanchu
fumifumi
fun
fun123
fun4all
fun4me
funboy
function
funeral
funeral1
funfun
funfunfun
fungible
fungirl
fungus
funhouse
funk
funkey
funky
funky1
funky123
funkymonkey
funkytown
funmilayo
funny
funny1
funny123
funnybone
funnyboy
funnybunny
funnyface
funnygames
funnygirl
funnyguy
funnyman
funstuff
funtik
funtime
funtime1
funtimes
fur
furball
furball1
furikuri
furious
furious1
furkan
furkan123
furman
furniture
fus
fushigi
fusion
fusion1
fusion123
fussball
fussball1
fussel
fut
futbal
futbol
futbol1
futbol10
futbolista
futebol
futebol1
futebol10
futebol123
futsal
futura
futurama
futurama1
future
future1
future12
future123
futures
futuro
futyn007
fuz
fuzzball
fuzzbutt
fuzzy
fuzzy1
fuzzy123
fuzzywuzzy
fvcnthlfv
fvthbrf
fxnocp14
fxz
fxzz75
fxzz75$yer
fxzz75yer
fy.nrf
fyabcf
fybvtfybvt
fyfcnfcbz
fyfcnfcbz1
fyfnjkbq
fyfnjkbq777
fyfrjylf
fyfyfc
fylhtq
fylhtq123
fylhtqrf
fynjif
fynjirf
fynjy123
fynjybyf
fytxrf
fyutkbyf
fyutkjr
fyutkjxtr
fyyeirf
fzappa
fze15fr51
g
g-unit
g00ber
g00dluck
g00dpa$$w0rd
g00gl3
g00gle
g0dzilla
g0hoggm854
g0ldf1sh
g0ldfish
g12345
g123456
g1234567
g12345678
g123456789
g13916055158
g1g2g3
g1g2g3g4
g1nger
g2syajv31z
g38s9kskmt
g551tixsit
g56gr8eb5
g785ozcytj
g9369mail
g9l2d1fzpy
gaara
gaara1
gaara123
gab
gab123
gabbana
gabber
gabbiano
gabbie
gabby
gabby1
gabby12
gabby123
gabe
gabe123
gabgab
gabi
gabi123
gabi1234
gabigabi
gabika
gabita
gabri
gabrie
gabriel
gabriel01
gabriel05
gabriel07
gabriel08
gabriel09
gabriel1
gabriel10
gabriel11
gabriel12
gabriel123
gabriel1234
gabriel12345
gabriel13
gabriel14
gabriel15
gabriel2
gabriel21
gabriel22
gabriel23
gabriel3
gabriel5
gabriel7
gabriel8
gabriel9
gabriel98
gabriel99
gabriela
gabriela1
gabriela123
gabriele
gabriele1
gabrielito
gabriell
gabriella
gabriella1
gabrielle
gabrielle1
gabrysia
gabrysia1
gaby
gaby123
gabygaby
gad
gadget
gadugadu
gadzooks
gae
gaelic
gaelle
gaetan
gaetano
gaffer
gag
gaga
gaga123
gagag
gagaga
gagagaga
gagandeep
gagarin
gage
gagner
gago
gagoako
gagoka
gagokaba
gai
gaia
gaiaonline
gaiden
gaidys
gaijin
gail
gajanan
gaktau
gal
gala
galactic
galactica
galactus
galadriel
galahad
galaktika
galang
galant
galapagos
galata
galatasaray
galatasaray1
galatasaray1905
galatea
galaxia
galaxie
galaxies
galaxy
galaxy1
galaxy12
galaxy123
galaxy23
galaxys2
galena
galgal
galicia
galileo
galileo1
galina
galindo
galinha
gallagher
gallagher1
gallant
gallardo
gallardo1
gallego
gallegos
gallery
gallery1
galleta
galletas
gallifrey
gallina
gallito
gallo
galloway
galodoido
galore
galoucura
galvan
galveston
galvez
galway
gam
gamaliel
gambia
gambino
gambit
gambit1
gamble
gambler
gambler1
gamboa
game
game12
game123
game1234
game21
gameboy
gameboy1
gameboy12
gameboy123
gameboy2
gamecock
gamecocks
gamecocks1
gamecube
gamecube1
gamefreak
gamefreak1
gamegame
gameking
gamemaster
gamemaster1
gamemode
gameon
gameover
gameover1
gameover2012
gameplay
gameplayer
gamepro
gamer
gamer1
gamer101
gamer12
gamer123
gamer1234
gamer4life
gamera
gamerboy
gamers
gamerz
gamerzplanet
games
games1
games12
games123
games2
games354
games4me
gamesgames
gameshark
gamespot
gamess
gamestar
gamestop
gametime
gamevn
gamezone
gamigo
gamine
gaming
gaming123
gamma
gamma1
gamma123
gammaray
gammel
gammon
gampang
gan
ganador
ganapathi
ganapathy
ganapati
ganda
ganda1
gandaako
gandah
gandako
gandako1
gandakoh
gandalf
gandalf1
gandalf123
gandalf2
gandalf7
gandame
gandamo
gandaq
gandara
gandas
gander
gandhi
gandolf
gandon
gandzia
ganesh
ganesh123
ganesha
ganesha1
ganeshji
gang
ganga
gangan
gangbang
ganggang
gangrel
gangsta
gangsta1
gangsta12
gangsta123
gangsta13
gangsta2
gangstah
gangstar
gangstar1
gangstarr
gangster
gangster1
gangster12
gangster123
gangster13
gangster2
gangsters
ganguly
ganja
ganja1
ganja123
ganja420
ganjaman
ganjubas
ganndamu
gannibal
gannon
ganondorf
ganpati
gansta
ganster
ganster1
ganteng
ganteng1
ganteng123
ganymede
gaojie5300
gar
garage
garage1
garance
garand
garbage
garbage1
garcia
garcia1
garcia10
garcia12
garcia123
garden
garden1
gardener
gardenia
gardening
gardens
gardiner
gardner
gardner1
garena
garena123
gareth
gareth1
garfeild
garfield
garfield1
garfield12
garfield123
garfield2
garfild
gargamel
gargar
gargoyle
garibaldi
garima
garion
garland
garland1
garlic
garmin
garner
garnet
garnett
garnett21
garnier
garret
garrett
garrett1
garrett123
garrett2
garrick
garrido
garrison
garroth
garry
garten
garth
garuda
garvey
gary
gary123
gary1234
garygary
gas
gasgas
gasman
gasolina
gasoline
gaspar
gaspard
gasper
gaston
gastone
gat
gata
gate
gate13
gateau
gatech
gatecrasher
gatekeeper
gates
gateway
gateway1
gateway12
gateway123
gateway2
gateway2000
gateway7
gateways
gather
gathering
gatinha
gatinha123
gatinho
gatita
gatito
gatitos
gato
gato123
gato1234
gatogato
gatoloco
gatomon
gatonegro
gator
gator1
gator123
gatorade
gatorade1
gatorbait
gators
gators01
gators1
gators12
gators15
gatsby
gatt
gattaca
gattina
gattino
gatto
gattone
gattonero
gattuso
gatubela
gau
gaucho
gauloises
gauntlet
gaurav
gaurav123
gauss
gautam
gauthier
gautier
gav
gavin
gavin1
gavin123
gavino
gaviota
gavroche
gay
gay123
gayathri
gayatri
gayboy
gayboy1
gaygay
gaygaygay
gayguy
gayle
gaylord
gaylord1
gayman
gaynor
gaypride
gaysex
gaz
gazebo
gazelle
gazeta
gazette
gaziantep
gazza
gb15kv99
gbcmrf
gbenga
gbgbcmrf
gbgrf
gbhfvblf
gblfhfc
gblfhfcs
gbljhfcs
gbpackers
gbpltw
gbrfxe
gbyudby
gcheckout
gd73ht5fes
gdragon
gdtrfb
ge0rge
gearbox
gearhead
gears123
gears2
gearsofwar
gearsofwar2
gearsofwar3
geas123
geburtstag
gecko
gecko1
gecko123
geckos
gedeon
gee
geegee
geek
geelong
geenidee
geeta
geetanjali
geetha
geezer
gefccgag
geforce
geforce4
geg
gegcbr
gege
gegege
geheim
geheim01
geheim1
geheim12
geheim123
geheimnis
geibcnbr
geibcnbr1994
geilesau
geirby
geisha
gektvtn47
gelato
geli9988
gem
gembel
gembird
gemeaux
gemelli
gemelos
gemeni
gemeos
gemgem
gemini
gemini01
gemini1
gemini11
gemini12
gemini123
gemini13
gemini2
gemini21
gemini22
gemini23
gemini69
geminis
gemma
gemma1
gemma123
gemstone
gen
genaro
gendarme
gender
gendut
gendut80
gene
genealogy
general
general01
general1
general123
generale
generallee
generals
generals1
generation
generator
generic
generic1
generoso
generous
genesis
genesis01
genesis1
genesis11
genesis12
genesis123
genesis2
genesis7
genetics
geneva
geneva1
geneve
genevieve
genevieve1
gengar
gengen
genghis
genial
genie
genious
genisis
genius
genius1
genius11
genius12
genius123
geniusnet
genjudi
genkidama
gennaio
gennaro
genoa1893
genocide
genome
genova
genoveva
gentil
gentle
gentleman
gentry
genuine
geo
geo123
geob3o2x1i
geob3o2x9o
geoff
geoffrey
geoffrey1
geoffroy
geogeo
geografia
geography
geology
geometra
geometry
geordie
geordie1
georg
george
george00
george01
george06
george08
george1
george10
george11
george12
george123
george1234
george13
george14
george15
george2
george21
george22
george23
george3
george69
george7
george77
george99
georges
georgeta
georgetown
georgette
georgi
georgia
georgia1
georgia12
georgia123
georgia2
georgian
georgiana
georgie
georgie1
georgina
georgina1
georgy
geovanna
gepard
geppetto
ger
gerald
gerald1
gerald123
geraldin
geraldine
geraldine1
geraldo
geralt
geranium
gerard
gerard1
gerard123
gerard32
gerardo
gerardo1
gerardway
gerardway1
gerasim
gerber
gerbera
gerbil
gerda
gergana
gerger
gerhard
gericom
gerlie
gerlinde
germain
germaine
german
german1
german12
german123
germana
germania
germano
germany
germany1
germany123
gerome
geronimo
geronimo1
geronto
gerrard
gerrard08
gerrard1
gerrard123
gerrard4
gerrard8
gerrit
gerry
gerry1
gershwin
gerson
gertie
gertrud
gertrude
gertrude1
gestapo
gesundheit
get
get2work
getajob
getajob1
getalife
getaway
getbackers
getbent
getdown
getfit
getfucked
gethigh
getit
getitnow
getiton
getjob
getlaid
getlost
getlost1
getlove123
getlow
getmein
getmoney
getmoney1
getoff
getout
getpaid
getrdone
getready
getreal
getrich
getright
getsmart
getsome
getsome1
getter
gettherefast
gettysburg
gewinner
gf65hhg56
gfb1907
gfccdjhl
gfcgjhn
gfdkbr
gfdsa
gfgekz
gfgf
gfgfgf
gfgfgfgf
gfgfvfvf
gfgjxrf
gfh
gfhfdjp
gfhfgf
gfhfif
gfhfljrc
gfhfpbn
gfhfyjz
gfhjdjp
gfhjkbot
gfhjkm
gfhjkm00
gfhjkm007
gfhjkm01
gfhjkm1
gfhjkm11
gfhjkm111
gfhjkm12
gfhjkm123
gfhjkm1234
gfhjkm12345
gfhjkm13
gfhjkm1998
gfhjkm22
gfhjkm666
gfhjkm777
gfhjkmgfhjkm
gfhjkmrf
gfhjkmxbr
gfhjkzytn
gfhkfvtyn
gfhnbpfy
gfhreh
gfjg2og76578
gfkmvf
gfnhbjn
gforce
gfyby1983
gfynthf
gfyt63gd
gfzkmybr1987
gg
gg1234
gg123456
ggg
ggg123
gggg
ggggg
gggggg
gggggg1
ggggggg
gggggggg
ggggggggg
gggggggggg
gggggggggggg
ggghhh
gh
ghana
ghana123
ghanda
ghandi
ghazal
ghb
ghbdfn
ghbdtn
ghbdtn1
ghbdtn11
ghbdtn12
ghbdtn123
ghbdtn16
ghbdtnbr
ghbdtnbr1
ghbdtnbrb
ghbdtndctv
ghbdtnekmrb
ghbdtnghbdtn
ghbdtngjrf
ghbdtnrfrltkf
ghbhjlf
ghbjhbntn
ghblehjr
ghblehrb
ghbphfr
ghbrjk
ghbrjkbcn
ghbrjkmyj
ghbynth
ghbywtccf
gheorghe
ghetto
ghetto1
ghfdlf
ghgh
ghghgh
ghghghgh
ghhh47hj7649
ghibli
ghislain
ghislaine
ghj
ghjcnbnenrf
ghjcnj
ghjcnj123
ghjcnjgfhjkm
ghjcnjkjk
ghjcnjnfr
ghjcnjq
ghjcnjqgfhjkm
ghjcnjrdfibyj
ghjcnjrdfif
ghjdthrf
ghjghj
ghjghjghj
ghjghjghj9
ghjhjr
ghjkju
ghjkl
ghjnjnbg
ghjnjrjk
ghjuhfvvbcn
ghjuhfvvf
ghjuhtcc
ghkdlxld
ghkt542hgh
ghost
ghost1
ghost12
ghost123
ghost13
ghost666
ghostbusters
ghostdog
ghostface
ghostly
ghostman
ghostrecon
ghostrider
ghosts
ghosty
ghrtu9y64i
ghtdtl123
ghtktcnm
ghtpbltyn
ghulam
gi9iejp26l
gia
giacomino
giacomo
giada
giadinh
giallo
gian
giancarlo
gianfranco
giang
giangcoi
giangi
gianluca
gianmarco
gianna
gianna1
gianne
gianni
giannis
giant
giant1
giants
giants1
giants10
giants11
giants123
giants21
giants25
giants56
giappone
gib
gibbon
gibbons
gibraltar
gibran
gibson
gibson1
gibson12
gibson123
gibsonsg
gibsonsg1
giddyup
gide11ok9b
gideon
gidget
gifford
gift
gifted
gig
giga
gigabyte
gigagames
gigant
gigante
gigaset
gigetto
giggity
giggle
giggles
giggles1
giggs11
giggsy
giggsy11
gigi
gigi123
gigi1234
gigigi
gigigigi
gigino
gigio
giglio
gigolo
gil
gilang
gilardino
gilbert
gilbert1
gilberto
gilchrist
gilda
gildas
gilera
gilgalad
gilgamesh
gilipollas
gill
gilles
gillespie
gillette
gillian
gillian1
gilligan
gillingham
gillou
gilly
gilmore
gilmore1
gilmour
gilson
gimli
gimnasia
gimnazjum
gin
gina
gina123
ginagina
ginalyn
ginebra
ginette
ginevra
ginger
ginger00
ginger01
ginger07
ginger08
ginger1
ginger10
ginger11
ginger12
ginger123
ginger13
ginger14
ginger15
ginger16
ginger18
ginger2
ginger21
ginger22
ginger23
ginger3
ginger33
ginger5
ginger69
ginger7
ginger77
ginger88
ginger99
gingerale
gingerbread
gingernut
gingersnap
gingging
gingin
ginnie
ginny
ginny1
gino
ginogino
ginola
ginola14
ginseng
gintonic
ginuwine
gio
gio123
gioconda
giogio
giordano
giorgi
giorgi123
giorgia
giorgio
giorgio1
giorgos
giotto
giovana
giovani
giovanna
giovanni
giovanni1
giovanni123
giovanny
gipper
gir
girafa
girafe
giraffa
giraffe
giraffe1
giraffes
girard
girasol
girasole
girassol
giratina
giresun
giresun28
girija
girish
girl
girl12
girl123
girl1234
girl23
girlfriend
girlgirl
girlie
girlpower
girls
girls1
girls123
girls2
girls3
girlsrock
girlsrule
girlss
girly
girly1
girlygirl
girlygirl1
girlz
girondins
gisela
gisele
gisella
giselle
giselle1
gismo
gismo1
gismo123
gisselle
gitaar
gitana
gitane
gitano
gitara
gitara1
gitarre
gitler
gitrdone
giu
giuditta
giugno
giulia
giuliana
giuliano
giulietta
giulio
giuseppa
giuseppe
giuseppe1
giuseppina
giusy
giveme
given
givenchy
gixxer
giz
gizmo
gizmo1
gizmo11
gizmo12
gizmo123
gizmo2
gizmoe
gizmoo
gizmos
gizzie
gizzmo
gizzy1
gj
gjgeufq
gjgjgj
gjhjctyjr
gjhjkm
gjkbujy
gjkbyf
gjkbyjxrf
gjkbyrf
gjmptw
gjpbnbd
gjrtvjy
gjvbljh
gjyxbr
gkgkgk
gksksla
gla
glacier
gladbach
gladiador
gladiator
gladiator1
gladiatore
gladiatus
gladiolus
gladis
gladius
gladstone
gladys
gladys1
glaiza
glamdring
glamorous
glamorous1
glamour
glamour1
glamur
gland
glasgow
glasgow1
glass
glass1
glass123
glasses
glasses1
glasshouse
glassjaw
glassman
glc20130716
glen
glencoe
glenda
glendale
glenn
glenn1
glenn123
glenwood
glider
glimmer
glint
glitch
glitter
glitter1
glittering
glo
global
global1
global123
globe
globes
globol123
globule
globus
glock
glock17
glock19
glock21
glock22
glock23
glock40
glock9mm
gloire
gloomy
glorfindel
gloria
gloria1
gloria123
glorioso
glorious
glory
glory1
glory123
glory2god
glorytogod
gloss
glossy
gloucester
glouglou
glover
gloves
glowworm
glqmvn8676
gm718422
gm718422@
gmail
gmail.com
gmail123
gmail12345
gman
gmoney
gmoney1
gn9gu44s
gnaget
gnagna
gnasher
gnbxrf
gnocca
gnome
gnomes
gnomik
gnosis
gnu
gnusmas
go
go1234
go123456
go2hell
go4broke
go4itnow
go4jobs
goa
goahead
goal
goalie
goalie1
goalkeeper
goarmy
goat
goatboy
goatcheese
goatgoat
goatman
goats
goaway
goaway1
gobble
gobears
gobears1
gobigred
goblin
goblin1
goblins
goblog
goblok
goblue
goblue1
gobraves
gobrowns
gobucks
gobucks1
gobucs
gocanes
gocards
gocats
gocubs
god
god123
god12345
god4ever
god4life
god666
god777
godawgs
godawgs1
godbless
godbless1
godblessme
godblessu
godblessus
godblessyou
godchild
goddamn
goddamnit
goddard
goddess
goddess1
godess
godfather
godfather1
godfather2
godfirst
godfrey
godfrey1
godgod
godgodgod
godhand
godhelp
godhelpme
godis
godis1
godisable
godisdead
godisgood
godisgood1
godisgr8
godisgreat
godislove
godislove1
godisone
godiva
godjesus
godknows
godlike
godlike1
godlove
godloveme
godloves
godlovesme
godman
godmode
godofwar
godofwar1
godofwar123
godofwar2
godofwar3
godqhr
godrocks
godrules
gods
godsaves
godschild
godsend
godsgift
godsgirl
godsgrace
godslove
godslove1
godsmack
godsmack1
godson
godson1
godspeed
godspeed1
godswill
goducks
goduke
godverdomme
godwin
godzila
godzilla
godzilla1
godzilla2
goeagles
goethe
gofahi
gofast
gofish
goforit
goforit1
gofuckyourself
gog
gogators
gogators1
gogeta
gogetassj4
gogetit
gogetta
gogetter
goggles
gogiants
gogirl
gogo
gogo12
gogo123
gogo1234
gogo7188
gogogirl
gogogo
gogogo1
gogogo123
gogogogo
gogreen
gohabsgo
gohan
gohan1
gohan123
gohawks
goheels
gohogs
gohome
goirish
goirish1
gojira
gokart
gokhan
gokil
goku
goku12
goku123
goku1234
gokugoku
gokussj
gokussj3
gokussj4
gol
golakers
gold
gold11
gold12
gold123
gold1234
goldberg
goldberg1
goldcoast
golddigger
golddust
golden
golden01
golden1
golden10
golden11
golden12
golden123
golden22
goldenboy
goldeneye
goldeneye007
goldeneye1
goldengate
goldengirl
goldensun
goldensun1
goldensun2
goldfinger
goldfisch
goldfish
goldfish1
goldfish2
goldflake
goldgold
goldie
goldie1
goldie12
goldie123
goldilocks
goldleaf
goldman
goldmember
goldmine
goldorak
goldrake
goldrush
goldsmith
goldstar
goldstar1
goldwing
goldy
goleafs
goleafsgo
golem
golf
golf11
golf12
golf123
golf1234
golf18
golf69
golf72
golfball
golfcart
golfclub
golfcourse
golfer
golfer01
golfer1
golfer11
golfer12
golfer69
golfgolf
golfgti
golfgti1
golfing
golfing1
golfinho
golfman
golfnut
golfpro
golfpro1
golfr32
golfstar
golftdi
golfvr6
golgo13
golgotha
goliat
goliath
goliath1
golibu123
golions
golkel21
gollum
golova
gomagoma
gomenasai
gomer
gomes
gomets
gomez
gomez1
gomez123
gon
gonads
gonavy
goncalo
goncalves
gondola
gondolin
gondor
gone
gonefishing
gonggong
gonoles
gonzaga
gonzaga1
gonzales
gonzales1
gonzalez
gonzalez1
gonzalito
gonzalo
gonzalo1
gonzo
gonzo1
gonzo123
gonzo1982
goo
goober
goober1
goober12
goober123
goobers
goobie
good
good12
good123
good1234
good12345
good123456
good123654
good2go
good4me
good4now
good4u
good4you
goodboy
goodboy1
goodboy123
goodbye
goodbye1
goodcharlotte
goodchina2
goodco05
goodday
goodday1
goodday85s
gooddog
goodeats
goodfella
goodfellas
goodfood
goodfriend
goodgame
goodgirl
goodgirl1
goodgod
goodgod1
goodgood
goodguy
goodie
goodies
goodies1
goodison
goodjob
goodlife
goodlife1
goodlooking
goodlord
goodlove
goodluck
goodluck1
goodluck123
goodman
goodman1
goodmans
goodmen85s
goodmorning
goodness
goodness1
goodnews
goodnight
goodone
goodrich
goodsex
goodstuff
goodtime
goodtimes
goodtimes1
goodtogo
goodwill
goodwin
goodwood
goody
goody2shoes
goodyear
goofball
goofy
goofy1
goofy123
googie
google
google.com
google01
google1
google10
google101
google11
google12
google123
google1234
google123google
google13
google2
google21
google22
google23
google3
google55
google99
googlecheckout
googlechrome
googlemail
googleme
googleplex
googles
googly
googoo
googoodolls
goomba
gooner
gooner1
gooners
goonie
goonies
goonies1
goose
goose1
goose123
goosebumps
gooseman
goosey
gopack
gopackgo
gopal
gopher
gophers
gopinath
gor
gorams
goran
gorda
gordan
gordana
gordie
gordinho
gordis
gordita
gordito
gordo
gordo1
gordo123
gordon
gordon1
gordon12
gordon123
gordon24
gorgeous
gorgeous1
gorges
gorgon
gorgonzola
gorgoroth
gorigori
gorila
gorilla
gorilla1
gorillas
gorillaz
gorillaz1
gorkem
gorman
gormiti
gorod312
gorogoro
gos
goshen
gosia
gosia1
gosiaczek
gosling
gospel
gossamer
gossip
gossipgirl
gostate
gostosa
gostosao
gostoso
got
gotcha
gotcha1
goteam
goten
gotenks
gotenks1
goth
goth666
gotham
gothgirl
gothic
gothic1
gothic12
gothic123
gothic2
gothic3
gothic666
gothica
gothika
gotigers
gotika
gotmilk
gotmilk1
gotohell
gotohell1
gotribe
gotrice
gouge
gougou
gouranga
gourmet
government
governor
govind
govinda
govols
gowings
goyj2010
gpdmwanq0
gr
gr33nday
gr8ful
gr8one
gra
grace
grace01
grace1
grace11
grace12
grace123
grace2
grace23
grace4me
grace5
grace7
grace777
graceann
gracee
graceful
graceland
graces
gracey
gracia
gracias
gracie
gracie01
gracie1
gracie11
gracie12
gracie123
gracie13
gracie2
graciela
gracious
grad2006
grad2010
grade5
grade6
graduate
graduation
grady
graeme
graffiti
graffiti1
grafiti
grafton
graham
graham1
graham12
grahm
grainger
gramma
grammar
grammie
grammy
gramp
gramps
granada
granada1
granat
granata
grand
grand1
grand123
grandad
grandad1
grandam
grandam1
grandchase
grandchildren
grande
grandfather
grandia
grandia2
grandkids
grandkids3
grandkids4
grandkids5
grandma
grandma1
grandma2
grandma3
grandma4
grandma5
grandmaster
grandmom
grandmother
grandpa
grandpa1
grandprix
grands
grandslam
grandson
grandson1
grandtheft
grandtheftauto
grange
granger
granit
granite
granite1
granny
granny1
granola
grant
grant1
grant123
granted
grants
granturismo
granville
grape
grapeape
grapefruit
grapes
grapes1
grapes12
grapevine
graphic
graphics
graphics1
graphite
grappa
grasp
grass
grass123
grasshopper
grateful
grateful1
gratis
gratis123
gratitude
gratuit
gravedigger
graves
graveyard
gravis
gravitation
gravity
gravity1
gravy
gray
grayfox
grayson
grayson1
graywolf
grazia
graziano
grazie
graziella
grazyna
gre
grease
great
great1
great123
great1234
greatdane
greatday
greatday1
greatday2
greater
greatest
greatest1
greatgod
greatman
greatness
greatone
greats
greatwhite
grecia
greddy
greece
greece1
greed
greedisgo123
greedisgood
greedo
greedy
greek
greek1
greeks
green
green01
green1
green10
green100
green101
green11
green111
green12
green123
green1234
green12345
green13
green14
green15
green16
green17
green18
green19
green2
green21
green22
green23
green25
green3
green321
green33
green4
green420
green44
green45
green5
green55
green6
green69
green7
green77
green777
green8
green88
green9
green99
greenapple
greenbay
greenbay1
greenbean
greenblue
greenboy
greenbud
greencard
greenday
greenday1
greenday11
greenday12
greenday123
greenday13
greenday2
greenday21
greenday3
greenday7
greendog
greendragon
greene
greeneggs
greener
greeneye
greeneyes
greeneyes1
greenfield
greenfrog
greengirl
greengrass
greengreen
greenhill
greenhouse
greenie
greenland
greenlantern
greenleaf
greenlight
greenman
greenman1
greenpeace
greenrose
greens
greentea
greentea1
greenthumb
greentree
greenville
greenwave
greenway
greenwich
greenwood
greenwood1
greeny
greetings
greg
greg123
greg1234
greger
gregg
greggreg
greggy
gregoire
gregor
gregorio
gregory
gregory1
gregory2
gremio
gremio10
gremio123
gremio1903
gremista
gremlin
gremlin1
gremlins
gremlins1
grenada
grenade
grenadier
grenadine
grendel
grendel1
grenoble
grenouille
grepolis
greshnik
greta
greta1
gretchen
gretchen1
gretel
gretsch
gretta
gretzky
gretzky99
grey
greyfox
greygoose
greyhound
greyhound1
greyson
greywolf
gri
gribouille
griever
griffen
griffey
griffey24
griffin
griffin1
griffith
griffiths
griffon
grifter
grigri
grill
grillo
grim
grimace
grimes
grimlock
grimmjow
grimmy
grimreaper
grimsby
grinch
grindcore
grinder
grine89
gringa
gringo
griotte
grisa1993
griselda
grisen
grisette
grisha
grisou
grissom
grizzly
grizzly1
grjh89yx9x
gro
grocery
grodan
grolsch
gromit
grommit
groningen
groove
groover
groovy
groovy1
groovychick
groqel9696
grosminet
grosse
groszek
grouch
groucho
groucho1
groudon
ground
grounded
groundhog
groundzero
group
groupd1
groupd2013
grouse
grover
groves
growler
growth
gru
grubby
gruber
grump
grumpy
grumpy1
grundig
grunge
grunt
gryffindor
gryphon
gryzelda
grzegorz
grzegorz1
grzesiek
grzesiek1
gs123456
gs1905
gsfh8dsss
gsgsgs
gshock
gsjxjvt822
gstring
gsx1300r
gsxr1000
gsxr1100
gsxr1300
gsxr600
gsxr750
gt749fh99eh8
gta
gta123
gta12345
gtagta
gtagtagta
gtasan
gtasanandreas
gtavicecity
gtgt
gtgtgt
gthcbr
gthtcnhjqrf
gtivr6
gtkmvtyb
gtkmvtym
gtnhjczy
gtnhjd
gtnhjdbx
gtnhjdf
gtnhjdf100808
gtturbo
gtxtymrf
gu1nness
gu1tar
gua
guacamole
guadalajara
guadalupe
guadalupe1
guadeloupe
guaiguai
guapo
guarana
guard
guardian
guardian1
guardian101
guardians
guatemala
guatemala1
gucci
gucci1
gucci123
guccimane
gucio
gucio1
guddu
guderian
gudiya
gudrun
gudzv99x3n
gue
guebanget
guenter
guenther
guerilla
guernica
guernsey
guerra
guerre
guerreiro
guerrero
guerrero1
guerrier
guess
guess1
guess123
guessit
guessme
guesss
guessthis
guessthis1
guesswhat
guesswho
guest
guest1
guest123
guevara
guevarra
guglielmo
gugu
gugu123
gugugu
gui
gui123
gui12345
gui123456
guidance
guido
guido1
guigui
guigui123
guildwars
guildwars1
guildwars2
guilherme
guilherme1
guilherme123
guillaume
guillaume1
guille
guillen
guillermo
guillermo1
guilty
guimaraes
guimauve
guinea
guineapig
guiness
guiness1
guinness
guinness1
guismo
guitar
guitar01
guitar1
guitar10
guitar101
guitar11
guitar12
guitar123
guitar13
guitar2
guitar21
guitar22
guitar69
guitar7
guitare
guitarhero
guitarhero3
guitarist
guitarman
guitarman1
guitarra
guitars
guitars1
guitou
guizmo
gujunpyo
gul
gulliver
gulnara
gulnaz
gulshan
gum
gumamela
gumball
gumball1
gumbo
gumby
gumby1
gumdrop
gumdrops
gumgum
gummy
gummybear
gummybear1
gummybears
gumption
gun
gun123
guna7979
gunawan
gunblade
gunbound
gundam
gundam00
gundam0079
gundam0083
gundam01
gundam1
gundam12
gundam123
gundamseed
gundamwing
gundul
gungor
gungrave
gungun
gunit
gunit1
gunit123
gunit50
gunjan
gunman
gunnar
gunner
gunner01
gunner1
gunner11
gunner12
gunner123
gunners
gunners1
guns
gunsandroses
gunsguns
gunshot
gunslinger
gunsmoke
gunsnroses
gunter
gunther
gunther1
guntis
guntles99
guntur
guppy
gupta
gurkan
gurken
gurpreet
guru
guru123
guru1234
gurudev
guruguru
guruji
gurunanak
gurung
guruseo1
gus
gus123
gusanito
gusano
gusgus
gussie
gustaf
gustav
gustave
gustavo
gustavo1
gustavo10
gustavo12
gustavo123
guster
gutentag
guthix
guthrie
gutierrez
gutierrez1
gutter
guwahati
guwapo
guy
guy123
guyana
guyane
guybrush
guyg56fghf
guyguy
guyssuck
guyver
guzman
gv5235523532
gwada971
gwadada
gwafa
gwapa
gwapa1
gwapaako
gwapako
gwapako1
gwapas
gwaping
gwapings
gwapito
gwapo
gwapo1
gwapo123
gwapoako
gwapoako1
gwapoko
gwapoko1
gwapoko123
gwapos
gwapz
gwen
gwenaelle
gwendal
gwendo
gwendoline
gwendolyn
gwerty123
gwiazda
gwiazda1
gwiazdka
gwyneth
gx39v3izhs
gy3yt2rgls
gymnasium
gymnast
gymnast1
gymnastics
gypsie
gypsy
gypsy1
gypsy123
gyqk8giz1p
gyu6vik857
gzdw14556wee
gznybwf13
h
h0ckey
h123123
h12345
h123456
h1234567
h12345678
h123456789
h1992iding
h1h2h3
h1h2h3h4
h1xp2z2duk
h2522026
h2oh2o
h2opolo
h2r68gsulb
h2tmc4g358
h36js3ggof
h3ep9z2tjz
h4ck3r
h4rdc0r3
h54rsjrf5j
h54rsjrf5j123
h54rsjrf5j46788998
h8llp9f
h9bl9obr4x
ha
ha123456
hab
habagat
habana
habanero
habari
habbo
habbo1
habbo12
habbo123
habbo2
habbohotel
habdichlieb
habeeb
habib
habiba
habibi
habibi1
habibs
habit
habitat
habkeins
hac
hacienda
hack
hack123
hacked
hacked1
hacked123
hacker
hacker007
hacker01
hacker1
hacker101
hacker11
hacker12
hacker123
hacker1234
hacker69
hacker99
hackerowned123
hackers
hackers1
hackerz
hackett
hackhack
hacking
hacking1
hackman
hackme
hackney
hacks
hackthis
hadassah
haddad
haddock
hades
hades666
hadley
hadoken
hadouken
hadrian
hadrien
hafeez
hafida
hafiz
hafiz123
hagakure
hagapp
hagehage
haggard
haggis
hagrid
hah
haha
haha1
haha11
haha12
haha123
haha1234
haha12345
haha123456
haha22
hahaha
hahaha1
hahaha11
hahaha12
hahaha123
hahaha2
hahahaha
hahahaha1
hahahahaha
hahahehe
hahahihi
hahalol
hahalol1
hahalol123
hai
hai123
haianh
haidang
haider
haiduong
haifisch
haihai
haikal
hailee
hailey
hailey01
hailey1
hailey12
hailey123
hailhail
hailie
hailmary
hailong
hailsatan
haiphong
hair
hairball
hairbrush
haircut
hairdo
hairdresser
hairspray
hairy
haiyang
haiyen
hajduk
hajime
hakan
hakan123
hakeem
haker
haker1
haker123
hakim
hakim123
hakima
hakimi
hakkai
hakkinen
hakuna
hakunamatata
hal
hal9000
halal
halamadrid
halathaiz
halcon
halcyon
haleigh
haleluja
haleluya
haley
haley1
haley123
halflife
halflife1
halflife2
halfmoon
halfpint
halfpipe
halibut
halifax
halifax1
halim
halima
halimah
halimaw
halina
hall
halla
halla123
halle
halleluja
hallelujah
haller
halley
hallie
halligalli
hallihallo
halliwell
halllo
hallmark
hallo
hallo007
hallo01
hallo1
hallo10
hallo11
hallo111
hallo12
hallo121
hallo123
hallo1234
hallo12345
hallo123456
hallo2
hallo321
hallo99
hallodu
hallodu1
halloduda
hallohallo
hallohallo1
hallombn001
hallon
halloo
hallow
halloween
halloween1
halo
halo02
halo11
halo117
halo12
halo123
halo1234
halo12345
halo13
halo2
halo2000
halo22
halo23
halo3
halo33
halo360
halo3odst
halo3rocks
halo3rules
halo4life
halogen
halohalo
haloman
halomaster
haloodst
haloreach
haloreach1
halorocks
halowars
halowars1
ham
ham123
hamada
hamahama
hamasaki
hambone
hambone1
hamburg
hamburg1
hamburger
hamburger1
hamburgersv
hamdan
hameed
hamham
hamid
hamida
hamilton
hamilton1
hamish
hamish1
hamish123
hamlet
hamlet1
hammad
hammarby
hammed
hammel
hammer
hammer01
hammer1
hammer11
hammer12
hammer123
hammer69
hammerfall
hammerhead
hammers
hammers1
hammertime
hammett
hammie
hammond
hammond1
hammy
hammy1
hammy123
hampshire
hampster
hampton
hampton1
hampus
hamradio
hamster
hamster1
hamster12
hamster123
hamster2
hamster3
hamsters
hamtaro
hamtaro1
hamuhamu
hamza
hamza1
hamza123
hamzah
han
han123
hana
hanabi
hanachan
hanahana
hanakimi
hanako
hanakuso
hanamaru
hanamichi
hanane
hancock
hancur
hand
handanba
handayani
handbag
handbags
handbal
handball
handball1
handboll
handbook
handbook14
handel
handicap
handily
handle
handoi
handoivodoi
hands
handsoff
handsome
handsome1
handsomeboy
handy
handy1
handyman
hang10
hangar18
hanger
hanger18
hangloose
hangman
hangover
hangten
hanhan
hanhphuc
hanibal
hanicka
hanifa
hanifah
hanihani
hank
hanka
hankster
hankyung
hanna
hanna1
hanna123
hannah
hannah00
hannah01
hannah02
hannah03
hannah04
hannah05
hannah06
hannah07
hannah08
hannah09
hannah1
hannah10
hannah101
hannah11
hannah12
hannah123
hannah1234
hannah13
hannah14
hannah15
hannah16
hannah17
hannah18
hannah19
hannah2
hannah20
hannah21
hannah22
hannah23
hannah24
hannah3
hannah5
hannah6
hannah7
hannah77
hannah8
hannah88
hannah9
hannah95
hannah96
hannah97
hannah98
hannah99
hannahmont
hannahmontana
hannamontana
hannan
hanne
hannelore
hannes
hannes123
hannibal
hannibal1
hannie
hannover
hannover96
hannsg
hanny
hanoi123
hanover
hanpeng
hans
hans123
hans1234
hansa
hansel
hansen
hanshans
hansi
hansi123
hansol
hansolo
hansolo1
hanson
hanson1
hanspeter
hanswurst
hanswurst1
hanter
hantinh
hantu
hantu123
hanuman
hanuman1
hanumanji
hao123
hao123456
haohan01234
haohan0635
haohao
hap
hapiness
hapkido
happening
happie
happier
happiest
happines
happiness
happiness1
happy
happy007
happy01
happy1
happy10
happy100
happy101
happy11
happy111
happy12
happy123
happy1234
happy12345
happy13
happy2
happy2000
happy2008
happy2009
happy2010
happy21
happy22
happy23
happy2day
happy3
happy4
happy420
happy4ever
happy4me
happy4u
happy5
happy6
happy69
happy7
happy77
happy777
happy8
happy9
happy99
happy999
happybirthday
happyboy
happybunny
happycat
happyday
happyday1
happydays
happydays1
happydog
happyface
happyface1
happyfamily
happyfeet
happyfeet1
happygirl
happygolucky
happyguy
happyhappy
happyhome
happyhour
happyjoy
happyland
happylife
happylove
happyman
happyme
happymeal
happyness
happynewyear
happyone
happys
happytime
happyy
hapshepsut
har
harajuku
harakiri
harald
harami
harbinger
harbor
harbour
hard
hardaway
hardball
hardbody
hardc0re
hardcock
hardcore
hardcore1
hardcore12
hardcore123
hardcore2
hardcore666
hardcore69
hardcore88
harddick
harddisk
harder
hardflip
hardhead
hardik
harding
harding1
hardman
hardon
hardrock
hardrock1
hardstyle
hardstyle1
hardware
hardwood
hardwork
hardy
hardy1
hardy123
hardyboyz
hardys
hardyz
harekrishna
harekrsna
harerama
harhar
hari
hari123
haribo
haribo1
haribol
hariharan
harihari
harika
harimau
harini
hariom
haris
haris123
harish
haritha
harlan
harlee
harlekin
harlem
harlem1
harlequin
harley
harley00
harley01
harley02
harley03
harley04
harley05
harley06
harley07
harley08
harley09
harley1
harley10
harley11
harley12
harley123
harley13
harley2
harley21
harley22
harley23
harley69
harley77
harley88
harley883
harley98
harley99
harleyd
harleydavidson
harleydog
harlie
harlow
harman
harmon
harmonia
harmonica
harmonie
harmony
harmony1
harold
harold1
harold123
haroldgx
haroon
harper
harper1
harpoon
harpreet
harrie
harrier
harriet
harriet1
harrington
harris
harris1
harris123
harrison
harrison1
harrow
harry
harry007
harry01
harry1
harry11
harry12
harry123
harry1234
harry2
harry5
harry7
harryboy
harrycat
harrydog
harryp
harrypotte
harrypotter
harrypotter1
harrypotter123
harrypotter7
harrys
harrystyles
harsh
harsh123
harsha
harshal
harshini
harshit
harshita
hart
hartford
hartlepool
hartley
hartman
hartmann
hartnett
haruharu
haruhi
haruka
haruko
harun
haruna
harusame
harvard
harvard1
harvest
harvest1
harvester
harvestmoon
harvey
harvey01
harvey1
harvey12
harvey123
harvick
harvick29
harwood
has
hasan
hasan1
hasan123
hasbullah7
hase
haseeb
haseena
hasegawa
haselko
hashem
hashim
hashimoto
hashish
hashmi
hasilein
hasina
haslo
haslo1
haslo11
haslo12
haslo123
haslo1234
haslohaslo
hasnain
hasnainraza
hasret
hassan
hassan1
hassan12
hassan123
hassen
hastalavista
hastings
hastings1
hastings1066
hat
hatake
hatchet
hate
hate123
hate666
hatebreed
hatehate
hatelife
hatelove
hateme
hater
hater1
haters
haters1
haterz
hateyou
hateyou1
hatfield
hathaway
hathor
hatice
hatice123
hatman
hatred
hatsunemiku
hatter
hatteras
hatters
hattie
hatton
hattrick
haunted
hausaufgaben
hauser
haustier
havaianas
havana
havanna
haveaniceday
havefaith
havefun
havefun1
havelock
haven
havingfun
havoc
haw
hawaii
hawaii01
hawaii1
hawaii11
hawaii12
hawaii123
hawaii50
hawaii808
hawaiian
hawaiian1
hawk
hawk1020
hawker
hawkeye
hawkeye1
hawkeyes
hawking
hawkins
hawkins1
hawkmoon
hawks
hawks1
hawkwind
hawthorn
hawthorne
hay
hay123
hay39j3fgy
hayabusa
hayabusa1
hayalet
hayastan
hayat
hayate
hayati
hayatim
hayato
haydar
haydee
hayden
hayden01
hayden07
hayden1
hayden11
hayden12
hayden123
haydoiday
hayes
hayhay
haylee
hayleigh
hayley
hayley1
hayley12
hayley123
haylie
haylin
haynes
hayward
haywood
hazard
hazel
hazel1
hazel123
hazeleyes
hazelnut
hazmat
hazzard
hbw
hbxfhl
hd764nw5d7e1vb1
hdoewpe841
he
he123456
hea
head
headache
headbanger
header
headhunter
headphones
headset
headsh0t
headshot
headshot1
headstrong
healer
healey
healing
health
healthcare
healthy
healthy1
heart
heart1
heart123
heartache
heartagram
heartbeat
heartbreak
heartbreak1
heartbreaker
heartbroke
heartbroken
heartland
heartless
heartless1
hearts
hearts1
hearts12
hearts123
hearts1874
hearty
heat
heatblast
heater
heath
heather
heather01
heather1
heather11
heather12
heather123
heather13
heather2
heather21
heather3
heather4
heather5
heather69
heather7
heather9
heathers
heaton
heatwave
heaven
heaven01
heaven07
heaven1
heaven11
heaven12
heaven123
heaven17
heaven7
heaven77
heaven777
heavenly
heavenly1
heavens
heavensent
heavy
heavyarms
heavymetal
heba
hebert
hebrew
hebrides
hecate
heckfy
heckfyxbr
heckler
hecnfv
hector
hector1
hector12
hector123
hedgehog
hedgehog1
hedges
hedimaptfcorp
hedwig
heehee
heelflip
heeroyuy
heffalump
heffer
hehe
hehe123
hehehaha
hehehe
hehehe1
hehehe123
hehehehe
hei
hei123
heidelberg
heidi
heidi1
heidi123
height
heights
heihei
heike
heilhitler
heimdall
heineken
heineken1
heiner
heinlein
heinrich
heinz
heinz57
heisann
heitor
heizung
hej
hej123
hej12345
hejhej
hejhej1
hejhej12
hejhej123
hejhejhej
hejhopp
hejmeddig
hejsa123
hejsan
hejsan1
hejsan12
hejsan123
heka6w2
hektor
hel
helado
helder
helen
helen1
helen123
helena
helena1
helena123
helene
helenka
helga
helicopter
helikopter
helios
helium
helives
hell
hell0kitty
hell123
hell1234
hell666
hellangel
hellas
hellbent
hellbound
hellboy
hellboy1
hellboy123
hellboy2
hellboy666
hellcat
hellen
heller
hellfire
hellfire1
hellfire666
hellgate
hellgirl
hellhell
hellhole
hellhound
hellion
helllo
hellman
hellno
hello
hello!
hello.
hello0
hello00
hello007
hello01
hello1
hello10
hello100
hello101
hello11
hello111
hello12
hello123
hello1234
hello12345
hello123456
hello13
hello14
hello2
hello2010
hello21
hello22
hello23
hello2me
hello2u
hello2you
hello3
hello321
hello4
hello5
hello55
hello6
hello666
hello69
hello7
hello777
hello8
hello88
hello9
hello90
hello99
hello999
helloall
hellobaby
hellobob
hellobye
hellodolly
hellogoodbye
hellohello
hellohello1
hellohi
hellojoe
hellokitty
hellokitty1
hellokitty12
hellokitty123
hellokity
helloman
hellome
hellome1
hellomom
hellomoto
hellomoto1
hellomotto
helloo
helloo1
hellopeople
hellos
hellothere
hellothere1
hellou
hellow
helloween
helloworld
helloworld1
helloyou
hellraiser
hellsbells
hellscream
hellsing
hellsing1
hellspawn
hellya
hellyea
hellyeah
hellyeah1
helmet
helmut
heloisa
heloise
help
help123
help1234
helpdesk
helper
helphelp
helpless
helpme
helpme1
helpme11
helpme12
helpme123
helpme2
helpmegod
helpmenow
helsing
helsinki
helvete
hemalatha
heman
hemant
hemanth
hemicuda
hemingway
hemligt
hemlock
hemmelig
hen
hen3ry
henderson
henderson1
hendra
hendri
hendrica
hendrick
hendrik
hendrik1
hendrix
hendrix1
hendrix69
hendry
hengsha_2_23
henk
henkie
henley
hennepinc
hennes
hennessy
hennie
henning
henri
henrietta
henriette
henrik
henrik123
henrique
henrique1
henrique123
henry
henry1
henry12
henry123
henry14
henry2
henry8
henrydog
henrys
henshin
henson
hentai
hentai1
hentai123
heocon
hepburn
her
heracles
herald
herb
herbal
herbalife
herbert
herbert1
herbie
herbie1
herbie53
herbsmd
herbst
hercule
hercules
hercules1
here
heredia
hereford
hereiam
herename25
heretic
heretic1
herewego
herisson
heritage
heritage1
herkules
herman
herman1
herman123
hermana
hermann
hermano
hermanos
hermawan
hermes
hermie
hermine
herminia
hermiona
hermione
hermione1
hermit
hermitage
hermosa
hermosillo
hermoso
hernan
hernandez
hernandez1
hernando
hero
hero12
hero123
hero1234
hero63
herobrine
heroes
heroes1
heroes123
heroes3
heroes5
herohero
herohonda
heroin
heroine
herpderp
herpes
herrderringe
herrera
herrera1
herring
herrmann
hershey
hershey1
hershey123
hersheys
hertha
herthabsc
herve
herzchen
herzog
hes
hesham
heskey
heslo
heslo1
heslo123
hesloheslo
hesloo
hesloveslo456
hesoyam
hesoyam1
hesoyam12
hesoyam123
hesoyama
hesoyamhesoyam
hessen
hester
hester23
hetalia
hetfield
hevhk43n9j
hewitt
hewlett
hewlett1
hexagon
hey
hey123
hey12345
heybabe
heybaby
heydude
heygirl
heyhey
heyhey1
heyhey12
heyhey123
heyheyhey
heyheyhey1
heyitsme
heyjude
heyman
heynow
heyram
heysen123
heythere
heythere1
heyyou
hezekiah
hf
hfcgbplzq
hfleuf
hfljcnm
hfvd3425f
hfwp4z7w5y
hfytnrb
hg
hg0209
hgf4h3fhf
hgfdsa
hggih
hghghg
hgpl
hgrfqg4577
hgxnewx11
hh
hh123456
hhh
hhh123
hhhh
hhhhh
hhhhhh
hhhhhhh
hhhhhhhh
hhhhhhhhh
hhhhhhhhhh
hhhhhhhhhhhh
hi
hi123
hi1234
hi12345
hi123456
hi5hi5
hiawatha
hibees
hibernia
hibernian
hibernian1
hibiki
hibiscus
hibs1875
hiccup
hicham
hichem
hickey
hickman
hickory
hidalgo
hidayah
hidayat
hidden
hide1213
hideaway
hidehide
hideki
hidenori
hideto
hideyuki
hidude
hieu123
hifive
hig
higgins
higgins1
high
high420
highbury
highbury1
higher
highfield
highfive
highgate
highheels
highjump
highland
highland1
highlander
highlander1
highlands
highlife
highlight
highschool
highschoolmusical
highscreen
highspeed
hightech
hightimes
hightower
highway
highway1
highway61
highwind
higurashi
higurasi
higuys
hihello
hihi
hihi12
hihi123
hihihaha
hihihi
hihihi1
hihihi12
hihihi123
hihihihi
hihihihihi
hijack
hijaudaun
hijodeputa
hijoputa
hikari
hikaru
hiking
hikmet
hil
hilario
hilary
hilary1
hilaryduff
hilaryduff1
hilda
hilde
hildegard
hilfiger
hill
hillary
hillary1
hillbilly
hillbilly1
hillcrest
hillman
hills
hillside
hillsong
hilltop
hilltop1
hillview
hilton
hilton123
hiltonptfcorp
him
him666
himachal
himalaya
himani
himanshu
himawari
himera
himhim
himitsu
himmel
himura
himynameis
hinagiku
hinahina
hinata
hinata1
hinata12
hinata123
hinder
hindikoalam
hindustan
hindustani
hinton
hip
hip-hop
hipeople
hiphop
hiphop01
hiphop1
hiphop101
hiphop11
hiphop12
hiphop123
hiphop2
hipolito
hipopotamo
hippie
hippies
hippo
hippo1
hippo123
hippos
hippy
hipster
hirakegoma
hirakhan
hiraschool
hireme
hirofumi
hirohiro
hirokazu
hiroki
hiroko
hiromi
hirondelle
hironori
hiroshi
hiroshima
hirosima
hirotaka
hiroyuki
hirsch
hiruma
hisgrace
hisham
hisoka
histoire
historia
history
history1
history278
hiszpania
hit
hit123
hitachi
hitachi1
hitchcock
hitech
hitech123
hitesh
hithere
hithere1
hitler
hitler1
hitler12
hitler123
hitler88
hitman
hitman1
hitman11
hitman12
hitman123
hitman2
hitman22
hitman23
hitman47
hitokiri
hitomi
hitsugaya
hitter
hiuyt75f
hiya
hiyf9dy367
hj
hj6se4ij6n
hjccbz
hjcnbckfd
hjhjhj
hjkhjk
hjkhjkhjk
hjkl
hjlbyf
hjpoz3jj5
hjr5175po
hjt8kst89
hjvfhjvf
hjvfirf
hjvfirf1
hjvfyjdf
hjvfynbrf
hjvjxrf
hk
hk123456
hlin123456789
hlubkoj
hmfc1874
hms786
hoahong
hoahongden
hoainam
hoang
hoang1
hoang123
hoanganh
hoangdung
hoangha
hoanghai
hoanghon
hoanghuy
hoanglan
hoanglinh
hoanglong
hoangminh
hoangnam
hoangphuong
hoangson
hoangtu
hoangviet
hoangvu
hoangyen
hob
hobart
hobbes
hobbes1
hobbit
hobbit1
hobby
hobgoblin
hobiecat
hobnob
hobo
hoboken
hobson
hoc
hochiminh
hochzeit
hocine
hockey
hockey01
hockey08
hockey09
hockey1
hockey10
hockey101
hockey11
hockey12
hockey123
hockey13
hockey14
hockey15
hockey16
hockey17
hockey18
hockey19
hockey2
hockey20
hockey21
hockey22
hockey23
hockey24
hockey25
hockey26
hockey27
hockey3
hockey30
hockey31
hockey33
hockey4
hockey44
hockey5
hockey55
hockey66
hockey69
hockey7
hockey77
hockey8
hockey87
hockey88
hockey9
hockey91
hockey97
hockey99
hockeyman
hocuspocus
hodges
hoffman
hoffman1
hoffmann
hoffnung
hogan
hogan1
hogehoge
hogwarts
hogwarts1
hogwash
hoho
hohoho
hohoho1
hohohoho
hoi
hoi123
hoihoi
hoihoi1
hoihoi123
hoihoihoi
hoilamgi
hokage
hokej
hokies
hokkaido
hokuspokus
hokuto
hol
hola
hola12
hola123
hola1234
hola12345
hola123456
holaaa
holacomoestas
holahola
holahola1
holakase
holanda
holaquehace
holaquetal
holas
holasoygerman
holbrook
holdem
holden
holden05
holden1
holden123
holdenv8
holder
holdon
hole
holein1
holeinone
holger
holiday
holiday1
holiday123
holiday2
holidays
holidays1
holidaysecure123
holidaysecure123$
holiness
holla
holla1
holla123
hollaback
holland
holland1
holland123
holler
holley
holliday
hollie
hollie1
hollie123
hollis
hollister
hollister1
hollister2
hollisterd
hollow
holloway
hollowman
holly
holly01
holly1
holly12
holly123
holly2
hollyann
hollydog
hollydog1
hollyoaks
hollyoaks1
hollys
hollywoo
hollywood
hollywood1
hollywood2
hollywoodundead
holman
holmes
holmes1
holocaust
hologram
holstein
holsten
holy
holybible
holycow
holycow1
holycrap
holycrap1
holycross
holyghost
holygrail
holyholy
holyman
holymoly
holyone
holyshit
holyshit1
holyspirit
holywood
holzwurm
hom
hombre
home
home0401
home12
home123
home1234
home12345
home123456
homealone
homealone123
homebase
homeboy
homeboy1
homebrew
homedepot
homegirl
homegrown
homehome
homeland
homeless
homemade
homeopathy
homepage
homer
homer1
homer12
homer123
homer2
homerj
homerjay
homero
homers
homers1
homersimpson
homerun
homerun1
homes
homeschool
homesick
homeslice
homestar
homestead
homestuck
homesweethome
hometown
homewood
homework
homework1
homeworld
homicide
homie
homie1
homies
hommer
hommie
homo
homo123
homosexual
hon
hon1
honda
honda01
honda1
honda100
honda12
honda123
honda125
honda2
honda2000
honda250
honda400
honda450
honda500
honda600
honda750
honda99
hondaa
hondaaccord
hondacbr
hondacbr600
hondacity
hondacivic
hondacr
hondacr125
hondacr250
hondacrv
hondacrx
hondahonda
hondas
hondas2000
hondavfr
honden
hondje
honduras
honduras1
honest
honest1
honestly
honesty
honesty1
honey
honey01
honey07
honey08
honey1
honey10
honey11
honey12
honey123
honey1234
honey13
honey14
honey143
honey16
honey18
honey2
honey21
honey22
honey23
honey24
honey3
honey7
honeyb
honeybabe
honeybaby
honeybear
honeybear1
honeybee
honeybee1
honeybun
honeybun1
honeybunch
honeybunny
honeycoh
honeycomb
honeydew
honeydog
honeygirl
honeyhoney
honeyko
honeyko1
honeykoh
honeylove
honeymoon
honeypie
honeypot
honeyq
honeyqoh
honeys
honeywell
honeyy
honeyz
hong
honganh
honghanh
honghong
hongkong
hongkong1
hongngoc
hongnhung
hongphuc
hongquan
honkey
honkhonk
honney
honolulu
honor
honor1
honore
honorine
honour
honza
honzik
hoo
hoobastank
hooch
hooch1
hoochie
hoochie1
hood
hoohoo
hook
hookah21
hooked
hookem
hooker
hooker1
hookers
hookup
hooligan
hooligan1
hooligans
hooper
hoopla
hoops
hoops1
hoopster
hooray
hoosier
hoosier1
hoosiers
hooter
hooters
hooters1
hoothoot
hootie
hoover
hoover1
hop
hope
hope12
hope123
hope1234
hopeful
hopeful1
hopefull
hopehope
hopeless
hopeless1
hopewell
hophop
hoping
hopkins
hopkins1
hoppel
hopper
hopper1
hopscotch
hor
horace
horacio
horatio
horizon
horizon1
horizons
horloge
horndog
hornet
hornet600
hornets
hornets1
horney
horny
horny1
horny69
horohoro
horoscope
horrible
horror
horse
horse1
horse12
horse123
horse2
horsegirl
horselover
horseman
horsemen
horsepower
horses
horses01
horses1
horses10
horses101
horses11
horses12
horses123
horses2
horses22
horseshit
horseshoe
horsey
horst
hortense
horton
horus
hosanna
hoschi
hospital
hospital1
hoss
hossam
host
hostel
hostile
hosting
hostmaster
hot
hot123
hot2trot
hotaru
hotass
hotbabe
hotbabes
hotbaby
hotbox
hotboy
hotboy1
hotboys
hotcakes
hotchick
hotchick1
hotchicks
hotchocolate
hotdamn
hotdog
hotdog1
hotdog11
hotdog12
hotdog123
hotdog2
hotdog22
hotdog69
hotdog99
hotdogs
hotdogs1
hotel
hotel1
hotel123
hotels
hotgirl
hotgirl1
hotgirls
hotgurl
hotguy
hothead
hothot
hothothot
hotice
hotline
hotlips
hotlove
hotlove123
hotmail
hotmail.com
hotmail007
hotmail1
hotmail11
hotmail12
hotmail123
hotmail2
hotmailcom
hotmails
hotmale
hotmama
hotmama1
hotmama123
hotmamma
hotman
hotmom
hotmomma
hotness
hotohori
hotone
hotpants
hotpink
hotpink1
hotpussy
hotrod
hotrod1
hotrod123
hotsauce
hotsauce1
hotsex
hotsex69
hotshit
hotshot
hotshot1
hotshots
hotspot
hotspur
hotspurs
hotstuff
hotstuff1
hott
hotter
hottest
hottie
hottie01
hottie1
hottie101
hottie11
hottie12
hottie123
hottie13
hottie2
hottie69
hotties
hottopic
hottub
hotty
hotty1
hotty123
hotwater
hotwheel
hotwheels
hotwheels1
hotwings
hou
houdini
houdini1
houghton
houhou
hound
hounddog
hounds
hourglass
houria
house
house1
house12
house123
house2
housemusic
houses
housewife
housing
houston
houston1
houston713
hovado
hovno
hovnokleslo
how
howard
howard1
howard12
howard123
howareyou
howdy
howdy1
howell
howhigh
howie
howler
howling
howudoin
hp123456
hpesoj
hpl
hpotter
hppavilion
hq2zw7p49q
href
hristo
hrithik
hrrygn1837
hrvatska
hs
hs123456
hs16andi3z
hs7nzbx229
hsbc12345
hshfd4n279
hsm123
hsv
htg46itgm
htrkfvf
htt
htt//members.cumfiesta.com/
htt//members.oxpassport.com
htt//members.oxpassport.com/
htt//members.ztod.com/
htt//www.just18.com/members/
http
htubcnhfwbz
htubyf
hu123456
hu2v7yang
hu5250337
huahong159
huahua
huamao603
huang
huang123
huangjin1987
huangwei
huanhuan
huawei
hub
hubabuba
hubbabubba
hubbard
hubble
hubby
hubert
hubert1
hubert12
hubert123
hubertus
huckleberry
hudas
huddersfield
hudgens
hudson
hudson1
huehue
huevos
huf7dkgd
huffman
hug
hugeskisses
hugger
huggie
huggies
huggybear
hughes
hughie
hugo
hugo12
hugo123
hugo1234
hugoboss
hugohugo
hugsalot
hugues
huguette
huhbbhzu78
huhu
huhu123
huhu123456
huhuhu
huhuhuhu
hui123
huihui
huizhang
huj
huj123
hujciwdupe
hujhuj
hujhujhuj
hujiko
huko2356
hulaanmo
hulagirl
hulahoop
hulahula
huligan
hulk
hulk123
hulkhogan
hulkster
hullcity
hullcity1
hullfc
hum
hum1berto
humaira
human
human123
humanity
humanoid
humans
humber
humberto
humble
humble1
humboldt
humbug
humility
hummel
hummer
hummer1
hummer12
hummer123
hummer2
hummerh1
hummerh2
hummerh3
hummingbird
humphrey
humphrey1
humpty
humsafar1
humtum
hun
hund
hund123
hundar
hundekuchen
hunden
hundesohn
hundred
hung
hung12
hung123
hungary
hungdaica
hunger
hungergames
hunghung
hungry
hunnie
hunny
hunny1
hunnybun
hunnybunny
hunsafar1
hunt
hunt3r
hunted
hunter
hunter00
hunter001
hunter01
hunter02
hunter03
hunter04
hunter05
hunter06
hunter07
hunter08
hunter09
hunter1
hunter10
hunter101
hunter11
hunter12
hunter123
hunter1234
hunter13
hunter14
hunter15
hunter16
hunter17
hunter18
hunter19
hunter2
hunter20
hunter21
hunter22
hunter23
hunter24
hunter25
hunter27
hunter3
hunter33
hunter34
hunter4
hunter44
hunter45
hunter5
hunter55
hunter6
hunter66
hunter666
hunter69
hunter7
hunter77
hunter88
hunter89
hunter95
hunter96
hunter97
hunter98
hunter99
hunterhunter
hunters
hunters1
hunterx
hunterxhunter
hunting
hunting1
huntington
huntress
huntup12
huong
hur
huracan
hurensohn
hurensohn1
hurensohn123
hurley
hurley1
hurling
hurrican
hurricane
hurricane1
hurricanes
hurry
hurtado
hus
husain
husband
husband1
huseyin
hushhush
husker
husker1
huskers
huskers1
huskie
huskies
huskies1
husky
husky1
husqvarna
hussain
hussain1
hussain123
hussain786
hussar
hussein
hustla
hustle
hustler
hustler1
hutch
hutchins
hutchinson
hutton
huxley
huy123
huy123456
huy45kmpcav
huyenthoai
huyentrang
huyhoang
huyhuy
hv5fjgb48f
hvpd6ya25v
hwdp
hwl23uot3x
hwoarang
hx171423
hx171423ccc
hx28o9e646
hx5tme0775
hyacinth
hybrid
hyderabad
hyderabad1
hydro
hydrogen
hydroptfcorp
hyhy
hyhyhy
hyper
hyper1
hyper123
hyperion
hyperlite
hypnotic
hyrule
hysteria
hyundai
hyundai1
hyuuga
i
i love you
i-dressup
i12345
i123456
i1234567
i123456789
i2345
i23456
i2345678
i23456789
i234i234i234
i28l2pyzqt
i2cxes96ul
i6r25rxdcf
i75npih6tn
i7w88wvyoa
i81u812
i84avh9lti
i97kijhy9x
iam
iam1337
iam2cool
iamaboy
iamagirl
iamagod
iamalone
iamawesome
iamawsome
iamback
iambatman
iambest
iamblessed
iambored
iamcool
iamcool1
iamcool123
iamcool2
iamcrazy
iamcute
iamfine
iamfree
iamgay
iamgay1
iamgod
iamgod1
iamgood
iamgreat
iamhappy
iamhere
iamhot
iaminlove
iamking
iamlegend
iamlucky
iamme
iamno1
iamnumber1
iamrich
iamsam
iamsexy
iamsexy1
iamsmart
iamsocool
iamsorry
iamstupid
iamthe1
iamthebest
iamthebest1
iamtheboss
iamthegame
iamtheking
iamthelaw
iamtheman
iamtheman1
iamtheone
iamtheone1
iamwhatiam
iamwhoiam
ian
ian123
ian8705
ianian
ianuarie
ib6ub9
ibanez
ibanez1
ibarra
ibelieve
ibiza
ibiza1
ibm
ibmibm
ibragim
ibraheem
ibrahim
ibrahim1
ibrahim123
ibrahima
ibrahimovic
ibukun
icandoall
icandoit
icanfly
icarly
icarus
ice
ice123
iceage
icebaby
iceberg
iceberg1
icebox
icebreaker
icecold
icecold1
icecream
icecream1
icecream11
icecream12
icecream123
icecream2
icecream7
icecube
icecube1
icedearth
icedragon
icedtea
icefire
icehockey
icehouse
iceice
iceicebaby
iceland
iceland1
iceman
iceman01
iceman1
iceman11
iceman12
iceman123
iceman21
iceman22
iceman23
iceman69
iceprincess
icequeen
icestorm
icetea
icewater
icewind
ich
ich123
ichabod
ichbin
ichbincool
ichbinda
ichbingeil
ichbinich
ichbins
ichhassedich
ichiban
ichiban1
ichich
ichichich
ichigo
ichigo1
ichigo100
ichigo123
ichigo15
ichimaru
ichiro
ichiro51
ichliebe
ichliebedich
ichliebedich1
ichliebemich
ichunddu
icicle
ickkck
icu811035
icu812
icxkyb7972
id6c3wr6un
ida
iddqd
iddqd123
iddqdiddqd
iddqdidkfa
idefix
identity
idiot
idiot1
idiot123
idiota
idiots
idk
idk123
idkfa
idlewild
idonotknow
idontcare
idontcare1
idonthave1
idontkno
idontknow
idontknow1
idontknow2
idontno
idressup
idriss
idspispopd
idunno
ieee1394
ifeanyi
ifeoluwa
ifeoma
ifoptfcorp
iforget
iforget1
iforgot
iforgot1
iforgot2
iforgotit
ifuckyou
ig4abox4
igetmoney
iggy
iggypop
iglesia
iglesias
ignacio
ignacio1
ignatius
ignazio
ignite
ignition
ignorance
igo
igor
igor123
igor1234
igor12345
igor1996
igor1998
igor2001
igorek
igorigor
igromania
iguana
ih8you
ihateboys
ihatehackers
ihatelife
ihatelove
ihateme
ihatemen
ihatemylife
ihatemyself
ihatepasswords
ihateschool
ihatethis
ihateu
ihateu1
ihateu2
ihateyou
ihateyou1
ihateyou12
ihateyou123
ihateyou2
iheartyou
iii
iiii
iiiii
iiiiii
iiiiiii
iiiiiiii
iiiiiiiiii
iiyama
ijeoma
ijrjkfl
ijrjkflrf
ikaa4kr257
ikaika
ikariam
ikariam1
ikaros
ikarus
ikawlang
ikbencool
ikbengek
ikbenhet
ike02banaa
ikechukwu
ikenna
ikhouvanjou
ikhwan
ikickass
ikikik
ikillu
ikillyou
ikke
ikkeikke
iklo
il
il0v3y0u
il0veu
il0vey0u
il0veyou
ila
ilac
ilagan
ilaria
ilayda
ildiko
ileana
ilenia
ilham
ilia16739
iliana
ilike69
ilikecake
ilikecheese
ilikechicken
ilikeeggs
ilikefood
ilikegirls
ilikeit
ilikeme
ilikepie
ilikepie1
ilikepie12
ilikepie123
ilikepie2
ilikepizza
ilikesex
iliketrains
iliketurtles
ilikeu
ilikeyou
ilknur
ill
illegal
illidan
illidan1
illini
illinois
illinois1
illmatic
illnino
illuminati
illuminator
illusion
illusion1
illusions
illwill
ilo
iloilo
ilona
ilonka
ilono4ka
ilov3you
ilove
ilove1
ilove12
ilove123
ilove2
ilove3
ilove420
ilove69
iloveaaron
iloveadam
iloveaj
ilovealex
ilovealex1
iloveallah
iloveamber
iloveamy
iloveandrew
iloveandy
iloveangel
iloveanimals
iloveanime
iloveanna
iloveashley
ilovebaby
ilovebeer
ilovebella
iloveben
ilovebill
ilovebilly
iloveblue
ilovebob
ilovebobby
iloveboobies
iloveboobs
ilovebooks
iloveboys
ilovebrad
ilovebrandon
ilovebrian
ilovecake
ilovecandy
ilovecars
ilovecat
ilovecats
ilovecats1
ilovechad
ilovecheese
ilovechocolate
ilovechris
ilovecj
ilovecock
ilovecody
ilovecookies
iloved
ilovedad
ilovedad1
ilovedaddy
ilovedan
ilovedance
ilovedaniel
ilovedanny
ilovedave
ilovedavid
ilovedick
ilovedogs
ilovedylan
iloveemily
iloveemma
iloveemo
iloveeric
ilovefashion
ilovefood
ilovefootball
ilovegames
ilovegelia98
ilovegirls
ilovegod
ilovegod1
ilovegod2
ilovegreen
ilovegreg
ilovehannah
iloveharry
iloveher
iloveher1
iloveher2
ilovehim
ilovehim1
ilovehim12
ilovehim2
ilovehorses
iloveian
iloveindia
iloveit
ilovej
ilovejack
ilovejacob
ilovejake
ilovejames
ilovejamie
ilovejason
ilovejay
ilovejb
ilovejc
ilovejeff
ilovejen
ilovejenny
ilovejess
ilovejesse
ilovejessica
ilovejesus
ilovejesus1
ilovejim
ilovejimmy
ilovejoe
ilovejoe1
ilovejoey
ilovejohn
ilovejon
ilovejordan
ilovejose
ilovejosh
ilovejosh1
ilovejustin
ilovejustinbieber
ilovekate
ilovekatie
ilovekelly
iloveken
ilovekevin
ilovekim
ilovekyle
ilovelaura
ilovelee
iloveleo
ilovelife
ilovelife1
ilovelisa
iloveliz
ilovelove
ilovelucy
ilovelucy1
iloveluke
ilovem
ilovemama
ilovemanga
ilovemark
ilovemary
ilovemath
ilovematt
ilovematt1
ilovemax
iloveme
iloveme!
iloveme1
iloveme12
iloveme123
iloveme13
iloveme2
iloveme3
ilovemegan
ilovemel
ilovemen
ilovemichael
ilovemike
ilovemike1
iloveminecraft
ilovemom
ilovemom1
ilovemom2
ilovemommy
ilovemoney
ilovemum
ilovemummy
ilovemusic
ilovemybaby
ilovemycat
ilovemydad
ilovemydaddy
ilovemydog
ilovemyfam
ilovemyfamily
ilovemyfriends
ilovemyindia
ilovemykids
ilovemylife
ilovemymom
ilovemymommy
ilovemymother
ilovemymum
ilovemysel
ilovemyself
ilovemyson
ilovemywife
ilovenick
ilovenick1
ilovenicole
ilovenikki
iloveno1
iloveny
iloveparis
ilovepat
ilovepaul
ilovepie
ilovepie1
ilovepink
ilovepink1
ilovepizza
iloveporn
ilovepussy
ilovered
iloverob
iloverobert
iloverock
iloveryan
iloveryan1
iloves
ilovesam
ilovesam1
ilovesara
ilovesarah
iloveschool
ilovescott
ilovesean
ilovesex
ilovesex1
ilovesex69
iloveshane
iloveshoes
ilovesoccer
ilovesos
ilovesteve
ilovesummer
ilovetaylor
ilovethisgame
ilovetim
ilovetom
ilovetony
ilovetyler
iloveu
iloveu1
iloveu11
iloveu12
iloveu123
iloveu13
iloveu1314
iloveu143
iloveu2
iloveu21
iloveu22
iloveu23
iloveu3
iloveu4ever
iloveubaby
iloveumom
iloveweed
ilovewill
ilovey
ilovey0u
iloveya
iloveyaoi
iloveyo
iloveyou
iloveyou!
iloveyou.
iloveyou0
iloveyou00
iloveyou01
iloveyou02
iloveyou03
iloveyou05
iloveyou07
iloveyou08
iloveyou09
iloveyou1
iloveyou10
iloveyou101
iloveyou11
iloveyou12
iloveyou123
iloveyou1234
iloveyou12345
iloveyou13
iloveyou1314
iloveyou14
iloveyou143
iloveyou15
iloveyou16
iloveyou17
iloveyou18
iloveyou19
iloveyou2
iloveyou20
iloveyou21
iloveyou22
iloveyou23
iloveyou24
iloveyou25
iloveyou26
iloveyou27
iloveyou28
iloveyou29
iloveyou3
iloveyou33
iloveyou4
iloveyou4ever
iloveyou5
iloveyou6
iloveyou69
iloveyou7
iloveyou77
iloveyou8
iloveyou88
iloveyou89
iloveyou9
iloveyou99
iloveyou<3
iloveyouba
iloveyoubabe
iloveyoubaby
iloveyouforever
iloveyouma
iloveyoumom
iloveyouso
iloveyousomuch
iloveyouto
iloveyoutoo
iloveyouu
iloveyoux3
iloveyuo
ilovezac
ilovezach
ilshofen0926
ilt30yag
ilu
iluilu
iluvatar
iluvgod
iluvhim
iluvjesus
iluvme
iluvme1
iluvme2
iluvmyself
iluvsex
iluvu
iluvu1
iluvu2
iluvu4ever
iluvyou
iluvyou1
iluvyou2
ily
ily123
ily4ever
ilya
ilya2002
im
im2cool
ima
imabeast
imabitch
image
image1
images
imagination
imagine
imagine1
imalone
imaloser
iman
imani
imani1
imanuel
imapimp
imation
imation1
imawesome
imawesome1
imawsome
imback
imbecil
imbored
imbroglio
imcool
imcool1
imcool123
imcute
imdabest
imelda
imesh
imfree
imgay
imgood
imhappy
imhere
imhorny
imhotep
imhungry
iminlove
iminlove1
imissu
imissyou
imissyou1
imkool
immaculate
immanuel
immortal
immortal1
imnottelling
imnumber1
imoet
imoetz
imogen
imortal
imp
impact
impala
impala64
impala67
impalass
imperator
imperatore
imperia
imperial
imperial1
imperio
imperium
import
important
important1
importante
imposible
impossible
impresora
impression
impretty
impreza
impreza1
impulse
impulse1
impulse101
imran
imran123
imran786
imrankhan
imsexy
imsingle
imsocool
imsocool1
imsocute
imsohot
imsorry
imsosexy
imthebest
imthebest1
imtheking
imtheman
imtheman1
imtheone
imtiaz
imyours
imzadi
in
ina
inalienability
inavvl831n
inazuma
inazuma11
inc
inception
inchallah
inchrist
include
incognito
income
incoming
incomplete
inconnu
incorrect
incorrect1
increase
incredible
incubus
incubus1
ind
indaclub
indah
indahouse
inday
indeed
independen
independence
independent
independiente
index
index0088
india
india1
india123
india1234
india12345
india123456
india1947
india321
india@123
indiaindia
indian
indian1
indian123
indiana
indiana1
indianajones
indianalib
indianer
indians
indians1
indica
indie
indien
indiglo
indigo
indigo1
indira
indochine
indonesia
indonesia1
indonesia123
indore
indosat
indovina
indra
industrial
industry
indy
indy500
indya123
indya123d
ine
ineedajob
ineedhelp
ineedmoney
ineedu
ineedyou
inertia
ines
inessa
inextremo
inf
infamous
infamous1
infante
infantry
infantry1
infected
infection
infernal
infernape
inferno
inferno1
inferno123
inferno666
infernus
infierno
infinite
infinite1
infiniti
infiniti1
infinito
infinity
infinity1
infinity8
infirmier
infirmiere
inflames
inflames1
info
info123
info1234
infoinfo
inform
informatica
informatik
informatika
informatio
information
information1
informatique
infosys
infotech
infrared
ing
ingeborg
ingegnere
ingenieria
ingeniero
ingenieur
ingenting
ingeras
inglaterra
ingles
inglewood
ingoditrust
ingodwetrust
ingram
ingres
ingress
ingrid
ingrid1
ini3344
inicio
iniesta
initial
initiald
initiald09
inject
inkheart
inkjet
inkognito
inline
inlove
inlove1
inmaculada
inmortal
inna
innebandy
innocence
innocent
innocent1
innocuous
innova
innovation
innovative
innovision
innuendo
inova123
inquisitor
ins
insane
insane1
insanity
insanity1
insect
insecure
insert
insert1
inshallah
inside
insideout
insider
insight
insignia
insomnia
insomnia1
insomniac
inspector
inspiracija1
inspiration
inspire
inspired
inspiron
inspiron1
install
instant
instinct
institut
institute
instructor
instrument
insurance
int
intactinfo
intan
integer
integra
integra1
integral
integrity
integrity1
intel
intel1
intel123
intelcore
inteligente
intelinside
intell
intellego
intelligence
intelligent
intense
inter
inter1
inter10
inter123
inter1908
inter4ever
interact
interactive
interceptor
interchim
intercom
interdit
interest
interesting
interests
interex
interface
interia
interior
interiors
interiors1
interista
interlude
intermilan
intern
internacional
internal
internat
internatio
international
internazionale
internet
internet01
internet1
internet11
internet12
internet123
internet15
internet2
internet5
interpals
interpol
interpol1
interval
intervention
interview
intheend
inthemix
intranet
intrepid
intrepid1
intrigue
intruder
intuition
inuyasha
inuyasha1
inuyasha11
inuyasha12
inuyasha123
inuyasha13
inuyasha2
inuyasha7
invader
invader1
invaderzim
invalid
invasion
invent
inventor
inverness
invest
investment
investor
invicta
invictus
invierno
invincible
invisible
invite
inyourface
inzaghi
ioana
ioanna
iodjfdjwd
ioioio
ioioioio
iojsjd9887
iolanda
iomega
ionel23
ionela
ionion
ionut
ionutz
iop123
iop890
iopiop
iopjkl
ioriyagami
iosonoio
iownyou
ipad
ipanema
ipconfig
iphone
iphone123
iphone3g
iphone3gs
iphone4
iphone4s
iphone5
ipod
ipod123
ipod1234
ipodnano
ipodnano1
ipodtouch
ipofag43
ipswich
ipswich1
iqbal
iqbal123
ira
ira123
irakli
irawan
ire
ireland
ireland1
ireland123
ireland2
ireland7
irena
irene
irene1
irene123
irenka
irfan
irfan123
irgendwas
iri
iridium
irina
irina1
irina123
irinka
iris
irish
irish1
irish123
irisha
irishka
irishman
irisiris
iriska
irland
irlanda
irlande
irlandia
irma
irmgard
irnbru
iro
irochka
irock
irock1
irock123
iron
ironchef
irondoor
ironfist
ironhead
ironhide
ironhorse
ironic
ironmaiden
ironmaiden1
ironmaiden666
ironman
ironman1
ironman12
ironman123
ironman2
ironman3
ironmike
ironside
ironwood
irshad
irule
irule1
irule123
irvine
irving
is7k1d9834
isa
isa123
isaac
isaac1
isaac123
isaacs
isabel
isabel01
isabel1
isabel12
isabel123
isabela
isabela1
isabelita
isabell
isabell1
isabella
isabella1
isabella12
isabella123
isabella2
isabella3
isabelle
isabelle1
isadora
isaiah
isaiah1
isaiah12
isaiah123
isaias
isaisa
isaura
iscool
iscool!!
iscool123
iseedeadpeople
iseeyou
isengard
isgh5shg8oe
ishaan
ishere
ishere2
ishika
ishikawa
ishita
ishmael
ishola
ishtar
isidor
isidora
isidore
isidoro
isidro
isildur
isis
iskandar
iskander
iskender
islam
islam1
islam123
islam786
islamabad
islami
islamic
island
island1
islander
islanders
islandgirl
islands
islcollective
ismael
ismail
ismail123
ismail321
iso9001
isobel
isolde
isotta
israel
israel1
israel12
israel123
isreal
issues
istanbul
istanbul05
istanbul1
istanbul1453
istanbul34
isthebest
istvan
isyankar
it
ita
itachi
itachi1
itachi123
itachiuchiha
itadakimasu
italia
italia1
italia10
italia11
italia123
italia2006
italia90
italian
italian1
italiana
italiano
italie
italien
italo123
italy
italy1
italy123
itdxtyrj
itexamstube
itexamstule
ithaca
itickets
itisme
its
its420
itsallgood
itsasecret
itsme
itsme1
itsme123
itsmine
itsmylife
itsover
ittybitty
itunes
iubire
iubireamea
iubita
iulian
iuliana
iuytrewq
iv6s2sp3ag
iva
ivailo
ivan
ivan12
ivan123
ivan1234
ivan12345
ivan1980
ivan1987
ivan1989
ivan1990
ivan1991
ivan1992
ivan1993
ivan1994
ivan1996
ivan1997
ivan1998
ivan2000
ivan2001
ivan2002
ivan2003
ivan2004
ivan2010
ivana
ivancito
ivanhoe
ivanivan
ivanka
ivanko
ivanna
ivanov
ivanova
iverson
iverson03
iverson1
iverson3
ivette
ivonete10
ivonne
ivor631996
ivory
iw14fi9jwqa
iw14fi9jxl
iwantin
iwantsex
iwantu
iwantyou
iwashere
iwillkillyou
iwillwin
iwj7wdq256
iwona
iwona1
iwonka
ix15i2rljt
ixkv1t7p1b
iy75jgjq1p
izabel
izabela
izabela1
izabella
izabella1
izabelle
izmir35
izmocars
izunia
izzit
izzy
izzy123
j
j0nathan
j0rdan
j0seph
j0shua
j12345
j123456
j1234567
j12345678
j123456789
j1j2j3
j1j2j3j4
j1ulf360ovi
j2161777
j38ifu
j38ifubn
j3947267
j3nn1f3r
j3nnif3r
j3nnifer
j3qq4h7h2v
j3ssica
j43y3ypfsx
j78ydz2cjp
j8675309
ja
ja1234
ja123456
jaan
jaaneman
jaanu
jab
jabalpur
jabari
jabba
jabba1
jabbar
jabbawocke
jabbawockeez
jabber
jabberwocky
jablay
jablko
jabroni
jabroni1
jabuka
jabulani
jac
jacaranda
jacare
jacek
jacek1
jacek123
jachin
jacinda
jacinta
jacinto
jack
jack00
jack007
jack01
jack05
jack07
jack1
jack10
jack11
jack12
jack123
jack1234
jack12345
jack123456
jack13
jack2000
jack2001
jack2002
jack2003
jack2004
jack2005
jack2006
jack2007
jack2008
jack2009
jack2010
jack21
jack22
jack23
jack24
jack5225
jack99
jackal
jackandjill
jackaroo
jackass
jackass1
jackass11
jackass12
jackass123
jackass2
jackass3
jackass69
jackbauer
jackblack
jackdaniel
jackdaniels
jackdog
jackdog1
jacked
jackel
jackeline
jacker
jacket
jackets
jackey
jackfrost
jackfruit
jackhammer
jackie
jackie01
jackie1
jackie10
jackie11
jackie12
jackie123
jackie13
jackie2
jackie22
jackie69
jackiechan
jackinthebox
jackjack
jackjack1
jackjill
jacklyn
jackman
jacko
jacko1
jacko123
jackoff
jackpot
jackpot1
jackrabbit
jackrussel
jackryan
jacks
jackson
jackson01
jackson09
jackson1
jackson10
jackson11
jackson12
jackson123
jackson13
jackson2
jackson21
jackson22
jackson3
jackson4
jackson5
jackson6
jackson7
jackson8
jackson9
jacksons
jacksonville
jacksparrow
jackster
jacky
jacky1
jacky123
jaclyn
jacob
jacob01
jacob1
jacob10
jacob11
jacob12
jacob123
jacob1234
jacob13
jacob2
jacob22
jacob3
jacob5
jacoba
jacobb
jacobblack
jacobi
jacobo
jacobs
jacobsen
jacobson
jacoby
jacopo
jacque
jacqueline
jacqueline1
jacquelyn
jacques
jacques1
jacqui
jacquie
jad
jada
jada123
jadakiss
jade
jade01
jade12
jade123
jade1234
jade2000
jadejade
jaden
jaden1
jaden123
jadensmith
jadore
jadzia
jaeger
jaejoong
jaelyn
jaffa
jaffa1
jaffacake
jaffacakes
jaffar
jafjkshf7y6w34rjd
jag
jag123
jagannath
jagdish
jagged
jagger
jagger1
jagjag
jagoan
jagoda
jagr68
jaguar
jaguar1
jaguar11
jaguar12
jaguar123
jaguares
jaguars
jaguars1
jaguarxj6
jahanam
jahangir
jahbless
jahjah
jahlove
jahoda
jai
jaiden
jaiden1
jaidyn
jaiganesh
jaigurudev
jaihanuman
jaihind
jaiho
jaijai
jailbird
jailbreak
jaimaa
jaimatadi
jaimataki
jaime
jaime1
jaime123
jaime4040
jaimee
jaimes
jaimie
jaimito
jaipur
jairam
jairo
jairus
jaisairam
jaishiv
jaishriram
jaisriram
jaja
jaja12
jaja123
jaja1234
jajaja
jajaja1
jajaja123
jajajaja
jajeczko
jak
jak123
jakarta
jakarta1
jakarta10
jakarta11
jakarta123
jakass
jake
jake01
jake1
jake10
jake11
jake12
jake123
jake1234
jake12345
jake13
jake2000
jake2001
jake2008
jake21
jake22
jake23
jake5253
jake99
jakedog
jakedog1
jakejake
jakejake1
jakelong
jakeman
jakers
jakeryan
jakester
jakethedog
jakethesnake
jakey
jakey1
jakeyboy
jakjak
jakmania
jakob
jakob1
jakob123
jakub
jakub1
jakub123
jakubek
jakubko
jalapeno
jaleel
jalen
jalen1
jalisa
jalisco
jalisco1
jallajalla
jam
jam123
jamaal
jamaica
jamaica1
jamaica12
jamaica123
jamaica2
jamaican
jamaika
jamais
jamajka
jamal
jamal1
jamal123
jamalsaumay
jamar
jamari
jambo
jambon
jamboree
jameel
jameela
jamel
jamela
james
james001
james007
james01
james02
james05
james06
james07
james08
james09
james1
james10
james100
james101
james11
james111
james12
james123
james1234
james12345
james13
james14
james15
james16
james17
james18
james19
james2
james20
james2000
james21
james22
james23
james24
james25
james3
james321
james4
james5
james6
james666
james69
james7
james8
james9
james99
jamesa
jamesb
jamesbond
jamesbond0
jamesbond007
jamesbond1
jamesbrown
jamesc
jamesd
jamesdean
jamese
jamesg
jamesh
jamesjames
jamesk
jamesl
jameslee
jamesm
jameson
jameson1
jamesp
jamesr
jamess
jamest
jamestown
jamesw
jamesy
jamesyap
jamie
jamie01
jamie1
jamie11
jamie12
jamie123
jamie1234
jamie2
jamieb
jamiel
jamielee
jamielynn
jamies
jamieson
jamil
jamil123
jamila
jamilah
jamilla
jamille
jamiroquai
jamison
jamison1
jamjam
jamjam1
jammer
jammers
jammie
jammin
jamming
jammu@123
jammy
jampong
jamrock
jamshedpur
jamster
jamuna
jan
jan123
jan12345
jana
jana123
janaina
janajana
janaki
janakpur
janani
jancok
jancok123
jancuk
jandi
jandi1
jandikkz
jane
jane123
jane1234
janedoe
janeiro
janejane
janek
janek1
janek123
janel
janela
janell
janella
janelle
janelle1
janeman
janessa
janet
janet1
janet123
janeth
janett
janette
janette1
janeway
jangan
janganlupa
jangkrik
jangofett
jani
janica
janice
janice1
janice123
janicka
janie
janika
janina
janine
janine1
janis
janita
janitor
janiya
janjan
janjan1
janjan123
janjanjan
janka
janko
janna
jannah
jannat
janne
jannedaarc
jannes
jannet
jannick
jannie
jannik
jannis
janosch
janosik
jansen
janson
jansport
janssen
jantje
janu
januar
januari
january
january1
january10
january11
january12
january13
january14
january15
january16
january17
january18
january19
january2
january20
january21
january22
january23
january24
january25
january26
january27
january28
january29
january3
january30
january31
january4
january5
january6
january7
january8
january9
janus
janusz
janvier
japan
japan1
japan123
japan4
japanese
japanese1
japierdole
japjap
jaquan
jaqueline
jar
jaramillo
jarda
jardel
jardin
jared
jared1
jared123
jaredleto
jarek
jarek1
jarek123
jarell
jareth
jarhead
jarhead1
jarjar
jarod
jaroslav
jaroslaw
jarred
jarrett
jarrett1
jarrett88
jarrod
jarule
jarvis
jas
jas123
jasamcar
jasiek
jasjas
jasmin
jasmin01
jasmin1
jasmin12
jasmin123
jasmina
jasmine
jasmine01
jasmine07
jasmine08
jasmine09
jasmine1
jasmine10
jasmine101
jasmine11
jasmine12
jasmine123
jasmine13
jasmine14
jasmine15
jasmine16
jasmine18
jasmine2
jasmine21
jasmine22
jasmine23
jasmine3
jasmine4
jasmine5
jasmine6
jasmine7
jasmine8
jasmine9
jasmine99
jasmyn
jason
jason01
jason1
jason10
jason11
jason12
jason123
jason1234
jason12345
jason13
jason2
jason21
jason22
jason23
jason3
jason5
jason7
jasonb
jasonc
jasond
jasong
jasonh
jasonjason
jasonk
jasonkidd
jasonl
jasonlee
jasonm
jasonp
jasonr
jasons
jasont
jasonw
jasonx
jasper
jasper01
jasper1
jasper10
jasper11
jasper12
jasper123
jasper13
jasper14
jasper2
jasper21
jasper22
jasper23
jasper99
jaspreet
jaspyb1990
jaster
jastin
jastine
jav
java
java123
javajava
javaman
javascript
javatpoint
javelin
javi
javier
javier1
javier11
javier12
javier123
javiera
javito
jawa350
jawbreaker
jaws
jax3602832
jaxson
jay
jay123
jay1234
jay12345
jay123456
jaya
jayann
jayant
jayanthi
jayanti
jayar
jayashree
jayasree
jaybee
jaybird
jaybird1
jayboy
jaycee
jaycel
jaychou
jaydee
jayden
jayden01
jayden04
jayden05
jayden06
jayden07
jayden08
jayden09
jayden1
jayden10
jayden11
jayden12
jayden123
jaydog
jaydon
jayesh
jayhawk
jayhawk1
jayhawks
jayhawks1
jayjay
jayjay1
jayjay10
jayjay11
jayjay12
jayjay123
jayjayjay
jaykay
jayla
jaylee
jaylen
jaylen1
jaylene
jaylin
jaylon
jaylord
jaylyn
jayman
jaymar
jaymark
jaymataji
jaymee
jaymes
jaymie
jayne
jayne1
jaypee
jayshree
jayson
jayson1
jayson123
jayvee
jaz
jazda
jazlyn
jazmin
jazmin1
jazmine
jazmine1
jazmyn
jazmyne
jazz
jazz12
jazz123
jazz1234
jazzbass
jazzer
jazzie
jazzie1
jazzjazz
jazzman
jazzman1
jazzmin
jazzmine
jazzy
jazzy1
jazzy123
jazzzz
jb
jb1234
jb123456
jbjbjb
jbond007
jbrown
jc
jc123456
jchrist
jd123456
jd39nea7ia
jd74jajw4
jdfgfjh9m
jdheh421
jdidnnde
jdjdjd
jdnazp972x
je
jea
jeadmin
jealous
jean
jean12
jean123
jean1234
jeancarlos
jeanclaude
jeanette
jeanette1
jeanie
jeanine
jeanjean
jeanlouis
jeanluc
jeanmarc
jeanmarie
jeanmichel
jeanna
jeanne
jeanne1
jeannette
jeannie
jeannie1
jeannine
jeannot
jeanny
jeanpaul
jeanpierre
jeans
jeanvilar
jebacina
jebise
jecjec
jeck23
jed
jeddah
jedi
jedidiah
jedijedi
jediknight
jedimaster
jeejee
jeep
jeepcj7
jeeper
jeepers
jeepjeep
jeepster
jeesus
jeetkunedo
jeevan
jeeves
jef
jeferson
jeff
jeff12
jeff123
jeff1234
jeff21
jeff24
jeffer
jeffers
jefferson
jefferson1
jefferson123
jeffery
jeffery1
jeffgordon
jeffhardy
jeffhardy1
jeffjeff
jeffrey
jeffrey1
jeffrey12
jeffrey123
jeffrey2
jeffro
jeffry
jefrey
jegersej
jehova
jehovah
jehovah1
jehuty
jeje
jejeje
jejemon
jekjek
jel
jelani
jelek
jelena
jello
jello1
jello123
jelly
jelly1
jelly123
jellybaby
jellybean
jellybean1
jellybeans
jellybelly
jellyfish
jellyfish1
jellytots
jelszo
jelyn
jembut
jemima
jemima1
jemimah
jemjem
jemma
jemoeder
jemoeder1
jemoeder123
jemson
jen
jen123
jenalyn
jenelle
jenelyn
jenesaispas
jengjeng
jenica
jenifer
jenifer1
jeniffer
jenjen
jenjen1
jenkins
jenkins1
jenn
jenn1fer
jenn5366
jenna
jenna1
jenna123
jennah
jennelyn
jenner
jenni
jenni1
jennica
jennie
jennie1
jennifer
jennifer01
jennifer1
jennifer10
jennifer11
jennifer12
jennifer123
jennifer13
jennifer2
jennifer21
jennifer22
jennifer23
jennifer3
jennifer5
jennifer69
jennifer7
jennifer8
jennilyn
jennings
jennjenn
jenny
jenny01
jenny1
jenny11
jenny12
jenny123
jenny13
jenny2
jennyb
jennyfer
jennylyn
jennyrose
jennys
jenova
jens
jensen
jensen1
jenson
jeopardy
jepang
jepoy
jer
jer2911
jerald
jerbear
jeremi
jeremiah
jeremiah1
jeremiah29
jeremiah2911
jeremias
jeremie
jeremy
jeremy01
jeremy1
jeremy10
jeremy11
jeremy12
jeremy123
jeremy13
jeremy21
jeremy22
jeremy23
jeremy69
jeric
jerica
jericho
jericho1
jerick
jerico
jerjer
jerk
jerk77
jerkface
jerkoff
jerlyn
jermaine
jermaine1
jeroen
jerome
jerome01
jerome1
jerome12
jerome123
jeronimo
jerrey232x
jerrod
jerry
jerry1
jerry123
jerryg
jerrylee
jerrys
jersey
jersey1
jerseygirl
jerson
jerusalem
jerwin
jes
jesaispas
jeshua
jesica
jesika
jesper
jesper123
jess
jess12
jess123
jess1234
jess1ca
jessa
jessa1
jessamae
jesse
jesse1
jesse12
jesse123
jessee
jessejames
jessel
jessem
jessemac
jessemccartney
jesses
jessi
jessi1
jessic
jessica
jessica0
jessica01
jessica02
jessica04
jessica05
jessica06
jessica07
jessica08
jessica09
jessica1
jessica10
jessica11
jessica12
jessica123
jessica13
jessica14
jessica15
jessica16
jessica17
jessica18
jessica19
jessica2
jessica20
jessica21
jessica22
jessica23
jessica24
jessica25
jessica27
jessica3
jessica4
jessica5
jessica6
jessica69
jessica7
jessica8
jessica88
jessica89
jessica9
jessica99
jessicaalba
jessicas
jessie
jessie01
jessie1
jessie10
jessie11
jessie12
jessie123
jessie13
jessie2
jessie21
jessie22
jessie23
jessika
jessjess
jessy
jessy1
jessy123
jestem
jester
jester01
jester1
jester12
jester123
jesucristo
jesucristo1
jesuis
jesuisla
jesus
jesus001
jesus007
jesus01
jesus07
jesus09
jesus1
jesus10
jesus100
jesus101
jesus11
jesus111
jesus12
jesus123
jesus1234
jesus12345
jesus13
jesus143
jesus1st
jesus2
jesus2000
jesus2009
jesus2010
jesus21
jesus22
jesus23
jesus247
jesus25
jesus3
jesus316
jesus33
jesus333
jesus4
jesus4ever
jesus4life
jesus4me
jesus5
jesus666
jesus7
jesus77
jesus777
jesus8
jesusa
jesusc
jesuschris
jesuschrist
jesuschrist1
jesuscrist
jesuscristo
jesusfreak
jesusgod
jesusis
jesusis1
jesusislor
jesusislord
jesusislord1
jesusislove
jesusito
jesusjesus
jesuslives
jesuslord
jesuslove
jesusloveme
jesusloves
jesuslovesme
jesusmary
jesusmeama
jesusrocks
jesusrules
jesuss
jesussaves
jesusteama
jesusteamo
jet
jet123
jetaime
jetaime1
jetbalance
jetblack
jeter
jeter02
jeter2
jethro
jetjet
jetlee
jetman
jetpack
jets
jetset
jetski
jetson
jetstream
jetta
jetta1
jettavr6
jewboy
jewel
jewel1
jewel123
jewell
jewelry
jewels
jewels1
jewish
jewish1
jewjew
jey3815
jezebel
jezebel1
jezreel
jfgvcqbuzug
jfjfjf
jgthfnjh
jh123456
jh5thrwgefsdf
jh5thrwgefsdfs
jhajha
jhames
jhane
jhanzaib
jhayar
jhayjhay
jhayson
jhenny
jhgfdsa
jhjhjh
jhnjgtl12
jhoan
jhoana
jhoanna
jhoanne
jhomar
jhon
jhon123
jhona
jhonatan
jhoncena
jhonjhon
jhonny
jhunjhun
ji394su3
ji3g4go6
ji3g4gp6
jiajia
jiang123
jiang520
jiang7579
jiangjun
jiangwei
jianjian
jiaojiao
jibril
jiefang007
jiefang998
jiejie
jigga
jigga1
jiggaman
jigger
jiggle
jigglypuff
jiggy
jigsaw
jihoo
jihoo1
jihoy111
jiji
jijiji
jijijiji
jikolp
jill
jillian
jillian1
jilljill
jilly
jillybean
jillyou
jim
jim123
jimbeam
jimbeam1
jimbo
jimbo1
jimbo123
jimbob
jimbob1
jimbob123
jimboy
jimena
jimenez
jimenez1
jimi
jimihendrix
jiminy
jimjam
jimjim
jimjimjim
jimjones
jimmer
jimmie
jimmie48
jimmorrison
jimmy
jimmy007
jimmy1
jimmy11
jimmy12
jimmy123
jimmy1234
jimmy2
jimmy5
jimmy69
jimmy7
jimmyb
jimmyboy
jimmyd
jimmyg
jimmyj
jimmyjimmy
jimmypage
jimmys
jin
jin123
jinass101
jing
jing1030
jingjing
jingke88
jingke99
jingle
jinglebells
jingles
jingles1
jingling
jinjin
jinkazama
jinkies
jinky
jinmin12345
jinx
jirachi
jirafa
jirka
jitendra
jitterbug
jiujitsu
jiushiaini
jixian
jj
jj1234
jj123456
jj1307
jj_1234567
jjaayy31
jjgg123
jjj
jjj111
jjj123
jjjj
jjjjj
jjjjjj
jjjjjj1
jjjjjjj
jjjjjjjj
jjjjjjjjj
jjjjjjjjjj
jjjkkk
jjkkll
jjohnson
jjones
jjqwxbz618
jjusvux826
jjyy555
jk
jk1234
jk123456
jkflty12
jkjk
jkjkjk
jkjkjkjk
jkl
jkl123
jkljkl
jkljkljkl
jkluio789
jkmuf
jktxrf
jktymrf
jlbyjxrf
jlbyjxtcndj
jledfyxbr
jlkalm19
jlopez
jm123456
jman
jmjmjm
jmoney
jne990pq23
jo
joa
joachim
joakim
joan
joana
joanie
joaninha
joann
joanna
joanna1
joanna123
joanna2
joanne
joanne1
joanne123
joao
joao123
joao1234
joao12345
joao123456
joaopaulo
joaopedro
joaovictor
joaovitor
joaozinho
joaquim
joaquin
joaquin1
job
job123
job2006
job314
job4me
jobelle
jobert
jobhunt
jobhunt1
jobhunter
jobhunting
jobjob
jobless
jobs
jobs123
jobs4me
jobsahead
jobsearch
jobsearch1
jobseeker
jobshop2002
jobsjobs
joceline
jocelyn
jocelyn1
jocelyne
jochen
jock
jocker
jockey
jodeci
jodete
jodi
jodie
jodie1
jodie123
jody
joe
joe123
joe1234
joe12345
joeblack
joeblow
joebob
joeboxer
joeboy
joebuilder
joecool
joedirt
joejoe
joejoe1
joejoe12
joejoe123
joejoejoe
joejonas
joejonas1
joel
joel123
joel1234
joelito
joeljoel
joelle
joelle76
joemama
joemama1
joeman
joemar
joemomma
joepie
joesph
joey
joey01
joey11
joey12
joey123
joey1234
joeyboy
joeyjoey
joffrey
jogabonito
jogger
jogjakarta
jogurt
joh
johan
johan1
johan123
johana
johann
johanna
johanna1
johanne
johannes
johannes1
johansen
johansson
john
john!20130605at1753
john01
john0316
john1
john10
john1010
john11
john117
john12
john123
john1234
john12345
john123456
john13
john14
john15
john17
john18
john2000
john21
john22
john23
john2345
john24
john3
john316
john5646
john69
john7502gee
john77
john99
johnathan
johnathan1
johnathon
johnboy
johnboy1
johncarlo
johncena
johncena1
johncena12
johncena123
johncena54
johndavid
johndeer
johndeere
johndeere1
johndoe
johngalt
johnhenry
johnjohn
johnjohn1
johnlee
johnlennon
johnlloyd
johnmark
johnmayer
johnmichae
johnmiller123.
johnna
johnnie
johnnie1
johnny
johnny01
johnny1
johnny11
johnny12
johnny123
johnny13
johnny2
johnny22
johnny23
johnny5
johnny69
johnny99
johnnyb
johnnyboy
johnnycash
johnnydepp
johnpaul
johnpaul1
johnray
johnrey
johns
johnsmith
johnson
johnson1
johnson12
johnson123
johnson2
johnson3
johnson4
johnson48
johnson5
johnsons
johnston
johnterry
johnwayne
johny
johny123
joiner
joinme
joint
joints
joj
jojo
jojo10
jojo11
jojo12
jojo123
jojo1234
jojo12345
jojo13
jojo21
jojo22
jojo23
jojo99
jojoba
jojojo
jojojo1
jojojojo
jok
joke
jokejoke
joker
joker007
joker1
joker101
joker11
joker12
joker123
joker1234
joker13
joker2
joker2244
joker23
joker666
joker69
joker7
joker777
jokerjoker
jokerman
jokers
jokers1
joking
jokjok
jol
jolanda
jolanta
jolene
jolie
jolina
joline
jollibee
jolly
jolly1
jolly123
jollyrancher
jollyroger
jologs
jomama
jomar
jomar1
jomari
jomarie
jomblo
jomel
jomjom
jon
jon123
jon12345
jona
jonah
jonah1
jonald
jonalyn
jonalyn1
jonard
jonas
jonas1
jonas12
jonas123
jonas1234
jonasbroth
jonasbrothers
jonasjonas
jonass
jonatan
jonathan
jonathan01
jonathan1
jonathan10
jonathan11
jonathan12
jonathan123
jonathan13
jonathan14
jonathan18
jonathan2
jonathan21
jonathan23
jonathan3
jonathan5
jonathan7
jonathon
jonathon1
jonbonjovi
jonboy
jonel
jones
jones1
jones123
joness
jonesy
jong1230
jongjong
joni
jonjon
jonjon1
jonjon123
jonna
jonnel
jonnie
jonny
jonny1
jonny123
jonny5
jonnyboy
jonson
joojoo
joonas
jopajopa
joplin
jor
jor23dan
jordan
jordan00
jordan01
jordan02
jordan03
jordan04
jordan05
jordan06
jordan07
jordan08
jordan09
jordan1
jordan10
jordan101
jordan11
jordan12
jordan123
jordan1234
jordan13
jordan14
jordan15
jordan16
jordan17
jordan18
jordan19
jordan2
jordan20
jordan21
jordan22
jordan23
jordan2323
jordan2345
jordan24
jordan25
jordan26
jordan27
jordan3
jordan33
jordan4
jordan45
jordan5
jordan6
jordan67
jordan69
jordan7
jordan77
jordan8
jordan88
jordan9
jordan92
jordan93
jordan94
jordan95
jordan96
jordan97
jordan98
jordan99
jordana
jordane
jordans
jordans23
jorden
jordi
jordie
jordin
jordison
jordon
jordy
jordy123
jordyn
jordyn1
jorge
jorge1
jorge123
jorgeluis
jorgito
joris
jormiler
jormungand
jos
joschi
jose
jose10
jose12
jose123
jose1234
jose12345
jose123456
jose13
jose1995
joseangel
joseantonio
josecarlos
josef
josef123
josefa
josefin
josefina
josefine
josejose
joselin
joseline
joselito
joselo
joselon69
joseluis
joseluis1
joselyn
josema
josemanuel
josemari
josemaria
josemiguel
josep
joseph
joseph01
joseph02
joseph03
joseph05
joseph07
joseph08
joseph09
joseph1
joseph10
joseph11
joseph12
joseph123
joseph13
joseph14
joseph15
joseph16
joseph19
joseph2
joseph20
joseph21
joseph22
joseph23
joseph24
joseph25
joseph3
joseph7
joseph88
joseph99
josephine
josephine1
josesito
josette
josh
josh1
josh11
josh12
josh123
josh1234
josh12345
josh13
josh22
josh68
joshi
joshie
joshjosh
joshua
joshua00
joshua01
joshua02
joshua03
joshua04
joshua05
joshua06
joshua07
joshua08
joshua09
joshua1
joshua10
joshua11
joshua12
joshua123
joshua1234
joshua13
joshua14
joshua15
joshua16
joshua17
joshua18
joshua19
joshua2
joshua20
joshua2000
joshua21
joshua22
joshua23
joshua24
joshua25
joshua26
joshua27
joshua28
joshua3
joshua3006
joshua4
joshua5
joshua6
joshua69
joshua7
joshua77
joshua8
joshua88
joshua89
joshua92
joshua94
joshua95
joshua96
joshua97
joshua98
joshua99
joshy
josiah
josiah1
josiane
josie
josie1
josie123
josselin
jossie
josue
josue123
joujou
jourdan
journal
journalist
journey
journey1
jovan
jovana
jovani
jovelyn
joven
jovial
jovita
jowjow00
jowood
joy
joy123
joyce
joyce1
joyce123
joyceann
joycee
joyful
joyful1
joygame
joyjoy
joyjoy1
joyjoyjoy
joylyn
joyous
joyride
joystick
jp
jp123456
jpf89q6666
jpjpjp
jq4t9y6sek
jqknthwe
jqkvob256h
jr
jr021284
jr1234
jr123456
jr1234567
jr8j69
jrcfyf
jrcfyjxrf
jrocks
jrrtolkien
jrvjrv
js123456
jsbach
jsmith
jt5hq2
ju
juan
juan12
juan123
juan1234
juan123456
juan23
juan316
juana
juanca
juancarlos
juancho
juancito
juanda
juandavid
juandiego
juanes
juanita
juanita1
juanito
juanito1
juanjo
juanjose
juanjuan
juanluis
juanma
juanmanuel
juanmiguel
juanpablo
juarez
juasjuas
jubilee
jubilee1
jubjub
jud
judas
judaspriest
jude
jude123
judge
judgement
judith
judith1
judo
judoka
judson
judy
judyann
juegos
juehws1996
juergen
juggalo
juggalo1
juggalo17
juggalo420
juggalo4life
juggalo69
juggernaut
juggle
juggler
jughead
juhani
juice
juice1
juice123
juicebox
juiced
juiceman
juices
juicey
juicy
juicy1
juicy123
juicyfruit
juillet
juj
jujitsu
juju
juju12
juju123
juju1234
jujuba
jujube
jujubean
jujubee
jujuju
jujujuju
jukebox
jukilo
jul
julchen
jule
julemand
jules
jules1
jules123
juli
juli123
julia
julia1
julia10
julia11
julia12
julia123
julia1234
julia2
juliaa
juliajulia
julian
julian01
julian1
julian10
julian11
julian12
julian123
julian13
juliana
juliana1
juliana123
juliane
julianna
julianna1
julianne
juliano
julias
julie
julie1
julie123
julieann
julieann1
julieanne
julieb
juliebar
julien
julien1
julienne
julies
juliet
juliet1
juliet123
julieta
julietta
juliette
juliette1
julija
julinha
julio
julio1
julio123
juliocesar
julios
julissa
julita
julito
julius
julius1
julius123
julka
julka1
jullian
july
july01
july02
july03
july04
july05
july07
july08
july09
july10
july11
july12
july1234
july13
july14
july15
july16
july17
july18
july19
july1985
july1987
july1989
july1991
july1994
july1995
july1997
july20
july2006
july2007
july2008
july21
july22
july23
july24
july25
july26
july27
july28
july2801!
july29
july30
july31
julyjuly
jum
jumanji
jumble
jumbo
jumbo1
jumbo123
jumbojet
jumeaux
jumelle
jumelles
jumoke
jumong
jump
jump123
jump4joy
jumper
jumper1
jumpin
jumping
jumpjet
jumpjump
jumpman
jumpman23
jumprope
jumpstart
jumpstyle
jun
jun123
junaid
junction
jundian2011xr
jundian2012xr
june
june01
june02
june03
june04
june05
june06
june07
june08
june09
june10
june11
june12
june123
june1234
june13
june14
june15
june16
june17
june18
june19
june1980
june1982
june1984
june1985
june1986
june1987
june1988
june1989
june1990
june1991
june1992
june1993
june1994
june1995
june1996
june1997
june1998
june1999
june20
june2000
june2001
june2002
june2003
june2005
june2006
june2007
june2008
june2009
june21
june22
june23
june24
june25
june26
june27
june28
june29
june30
juneau
junebug
junebug1
junejune
jungfrau
jungle
jungle1
jungle7th
junglist
juninho
juninho10
juninho123
junio
junior
junior00
junior01
junior02
junior03
junior04
junior05
junior06
junior07
junior08
junior09
junior1
junior10
junior11
junior12
junior123
junior1234
junior13
junior14
junior15
junior16
junior17
junior18
junior19
junior2
junior21
junior22
junior23
junior24
junior25
junior69
junior7
junior77
junior8
junior88
junior99
juniors
juniper
juniper1
junito
junjie
junjun
junjun1
junjunjun
junk
junk123
junker
junkfood
junkie
junkjunk
junkmail
junkyard
juno
junpyo
junpyo1
junrey
jupiler
jupiter
jupiter1
jupiter12
jupiter123
jupiter2
jupiter5
jupiter7
jupiter8
jupitermx
jupiterz
jurassic
jurassic5
jurgen
jus
just
just123
just1n
just4fun
just4me
just4now
just4u
just4you
justas
justcause2
justdance
justdoit
justdoit1
juster
justforfun
justforme
justforyou
justice
justice1
justice12
justice123
justice2
justicia
justified
justin
justin bieber
justin00
justin01
justin02
justin03
justin04
justin05
justin06
justin07
justin08
justin09
justin1
justin10
justin101
justin11
justin12
justin123
justin1234
justin13
justin14
justin15
justin16
justin17
justin18
justin19
justin2
justin20
justin2000
justin21
justin22
justin23
justin24
justin25
justin26
justin3
justin4
justin5
justin6
justin69
justin7
justin77
justin88
justin89
justin94
justin95
justin96
justin97
justin98
justin99
justina
justinb
justinbeiber
justinbieb
justinbieber
justinbieber1
justinbieber123
justincase
justindrewbieber
justine
justine1
justine123
justine9
justintime
justjack
justkidding
justlooking
justlove
justme
justme1
justme123
justmine
justsmile
justus
justyn
justyna
justyna1
justynka
juv
juve
juve1897
juve4ever
juvenile
juventino
juventus
juventus1
juventus10
juventus1897
juvis1234
juwita
juyuan2012
jvaurtq542
jya0pdc895
jyothi
jyoti
jyotsna
jyq20giz9p
jza90supra
k
k.
k.lvbkf
k0keoi5puo
k123098
k123123
k12345
k123456
k1234567
k12345678
k123456789
k1k2k3
k1k2k3k4
k1k2k3k4k5
k1ll3r
k1ller
k1ngk0ng
k43a5vztox
k47rizxt2g
k4hvdq9tj9
k5f8vyt7qd
k5u1wgq1aq
k7777777
k8wzq49dph
k99k7kljva
k9g2xpce1e
ka
ka123456
ka86ye4nte
ka_djkhjsy6
kaan123
kab
kabal
kabayo
kaboom
kabouter
kabuki
kabuto
kabylie
kac
kacamata
kacang
kacenka
kaching
kaciukas
kacken
kacper
kacper1
kacper11
kacper12
kacper123
kacperek
kacperek1
kaczka
kaczor
kaczorek
kaczuszka
kad
kadabra
kadafi
kadeem
kaden
kaden1
kadence
kader
kaderim
kadett
kadiatou
kadija
kadir
kadir123
kaduna
kaefer
kaelyn
kaffee
kafka
kagamine
kagandahan
kagome
kagome1
kahina
kahitano
kahlan
kahlil
kahlua
kahraman
kahuna
kai
kai123
kaibigan
kaiden
kaikai
kaikaikai
kaila
kailash
kailee
kailey
kailua
kailyn
kain123456
kaioken
kaique
kairos
kaiser
kaiser1
kaiser12
kaiser123
kaitlin
kaitlin1
kaitlyn
kaitlyn1
kaitlynn
kaitokid
kaixin
kaizen
kaizer
kaja
kajtek
kak
kaka
kaka10
kaka11
kaka12
kaka123
kaka1234
kaka12345
kaka123456
kaka22
kakadu
kakaka
kakakaka
kakalaka
kakalas
kakamaka
kakapipi
kakarot
kakaroto
kakarott
kakarotto
kakashi
kakashi1
kakashi12
kakashi123
kakashka
kakaska
kakawka
kakay
kaki
kakikukeko
kakita
kakka
kakka123
kakosja
kaktus
kaktus1
kaktus123
kaktusas
kaktys
kakukk
kal
kala
kalabaw
kalafior
kalahari
kalaivani
kalakala
kalakutas
kalamar
kalamata
kalamazoo
kalambur
kalani
kalash
kalashnikopf
kalashnikov
kalbo
kaleb
kaleb1
kaleb123
kaleem
kaleigh
kaleigh1
kalel
kalendar
kalender
kalhonaho
kali
kaliber
kaliber44
kalifornia
kaligula
kalika
kalikali
kalima
kaliman
kalimantan
kalimdor
kalimera
kalimero
kalina
kaline
kalinga
kalinin
kalinina
kaliningrad
kalinka
kalle
kalle1
kalle123
kalleanka
kalleanka1
kalleballe
kallekalle
kallen
kallie
kallis
kalmar
kalokohan
kalpana
kalpesh
kalvin
kalyan
kalyani
kam
kam123
kama
kamakama
kamakazi
kamakura
kamal
kamal123
kamala
kamandag
kamara
kamari
kamasutra
kamasutra1
kamatayan
kamatis
kambal
kambing
kambing1
kamehame
kamehameha
kamekame
kamel
kameleon
kamelia
kamelot
kamenrider
kamera
kameron
kameron1
kami
kamikadze
kamikami
kamikase
kamikaze
kamikaze1
kamikazee
kamikazi
kamil
kamil1
kamil10
kamil11
kamil12
kamil123
kamil1234
kamila
kamila1
kamila123
kamile
kamilek
kamilek1
kamilek123
kamilka
kamilka1
kamilla
kamille
kamilo
kamilos
kamina
kaminari
kamini
kamisama
kamkam
kamlesh
kamloops
kammoula
kamongumi
kamote
kampala
kampang
kampioen
kampret
kamran
kamran123
kamron
kamryn
kan
kanabis
kanada
kanagawa
kanakana
kaname
kanapka
kanarya
kanarya1907
kanata
kanazawa
kanchan
kanchana
kancil
kandi
kandinsky
kandy
kane
kane12
kane123
kaneda
kanekane
kaneki
kangar00
kangaroo
kangaroo1
kangaroos
kangen
kangkang
kangkong
kangol
kangoo
kangourou
kangta
kanika
kaninchen
kanishka
kanjani8
kankalar
kankam
kankan
kanker
kanker1
kanker123
kannan
kanpur
kansas
kansas1
kansascity
kantot
kantutan
kanwal
kanyewest
kaos
kap
kapamilya
kapatid
kapil
kapitan
kaplan
kapoor
kapow
kappa
kappa1
kappa123
kapsel
kaptan
kapuso
kapusta
kar
kar98k
kara
kara123
karabas
karabela
karaca
karachi
karachi1
karachi123
karadeniz
karadut-
karaganda
karakara
karakartal
karakter
karaman
karamba
karambol
karamel
karamelka
karan
karan123
karandash
karanfil
karaoke
karaoke1
karapuz
karasu
karate
karate1
karate11
karate12
karate123
karatedo
karateka
karatekid
karawang
kardelen
kardinal
kardon
karebear
kareem
kareen
kareena
karekano
karel
karen
karen1
karen12
karen123
karena
karencita
karenina
karens
kari
karibik
karibu
karie
karikari
karim
karim1
karim123
karima
karime
karin
karin1
karina
karina01
karina1
karina11
karina12
karina123
karina333
karine
karinka
karishma
karisma
karissa
kariya
karizma
karkar
karl
karl123
karla
karla1
karla123
karlchen
karlee
karley
karlheinz
karlie
karlita
karlito
karlkani
karlmarx
karlo
karlos
karlson
karlsruhe
karlsson
karma
karma1
karma123
karman
karmapa
karmel
karmen
karnak
karnataka
karol
karol1
karol12
karol123
karola
karolcia
karolek
karolek1
karolina
karolina1
karolina12
karolina123
karoline
karolinka
karolinka1
karolis
karper
karpfen
karpov
karren
karrie
karson
karsten
kartal
kartal1903
karter
karthi
karthick
karthik
karthika
kartik
kartika
karting
kartini
kartofel
kartoffel
kartoshka
karukera
karuna
kas
kas89a93
kasabian
kasachstan
kasandra
kasey
kasey1
kashi650
kashif
kashish
kashmir
kashmir1
kashmiri
kashmoney1
kashyap
kasia
kasia1
kasia12
kasia123
kasienka
kasimir
kasiunia
kaskas
kaspar
kasparov
kasper
kasper1
kasper12
kasper123
kaspersky
kassandra
kassandra1
kassel
kassidy
kassidy1
kassie
kassim
kastamonu
kasturi
kasumi
kaszanka
kasztan
kat
kat123
kata
katalin
katalina
katamaran
katamari
katana
katana1
katana123
katara
katarina
katarina1
katarzyna
katarzyna1
katasandi
katastrofa
kate
kate12
kate123
kate1234
katekate
katelin
katelyn
katelyn1
katelynn
katelynn1
katemoss
katenok
katerina
katerina1
katerine
katerinka
katharina
katharina1
katharine
katherin
katherine
katherine1
kathi
kathie
kathleen
kathleen1
kathlyn
kathmandu
kathmandu1
kathrin
kathrina
kathrine
kathryn
kathryn1
kathy
kathy1
kathy123
kati
katia
katiarti
katica
katie
katie01
katie1
katie11
katie12
katie123
katie2
katie3
katieann
katieb
katiebug
katiebug1
katiedog
katiem
katies
katika
katina
katinas
katinka
katita
katja
katka
katkat
katkat1
katlin
katlyn
katmandu
katniss
kato
katorse
katowice
katrin
katrina
katrina1
katrina123
katrine
katt
katten
katter
kattie
katty
katusha
katy
katya
katya123
katya1991
katyakatya
katydid
katyperry
katyte
katze
katze1
katze123
katzen
katzenklo
kaufmann
kaugummi
kaulitz
kaunas
kaushal
kaushik
kavanagh
kavita
kavitha
kavkaz
kaw
kawaii
kawaii1
kawakami
kawamura
kawasaki
kawasaki1
kawasaki12
kawazaki
kay
kay123
kaya
kayak
kayakaya
kayaking
kaycee
kaycie1
kaydee
kayden
kaydence
kaydenlee
kaye
kayjay
kaykay
kaykay1
kaykay123
kayla
kayla1
kayla10
kayla11
kayla12
kayla123
kayla2
kaylah
kaylan
kaylas
kaylee
kaylee01
kaylee1
kaylee12
kaylee123
kayleigh
kayleigh1
kayley
kaylie
kaylin
kaylyn
kaylynn
kayode
kayseri
kayseri38
kaz
kazakhstan
kazama
kazanova
kazantip
kazekage
kazoom2344
kazu0924
kazuhiko
kazuhiro
kazukazu
kazuki
kazuma
kazumasa
kazumi
kazunari
kazunori
kazuya
kazuyuki
kbcbxrf
kbctyjr
kbgkbgkbg1
kbnthfnehf
kbumat6162
kbytqrf
kcbdscmh45
kcchiefs
kcirtap
kcj9wx5n
kd141yidrw
kd189nlcih
kdwcnpa362
keagan
keane16
keanna
keanu
kearney
keating
keaton
kebab
kebab123
kecske
kediri
kee
keebler
keegan
keegan1
keekee
keelan
keeley
keenan
keeper
keeper1
keepitreal
keepout
keepout1
keepsmiling
keerthana
keerthi
keesha
kehinde
kehuydiet
kei
keifer
keikei
keiko
keineahnung
keines
keinplan
keins
keira
keira1
keiran
keisha
keisha1
keita10
keitaro
keith
keith1
keith123
keke
keke123
kekeke
kekette
kel
kelantan
kelebek
kelechi
kelinci
kelkel
kellen
keller
kelley
kelley1
kelli
kellie
kellie1
kellogg
kelloggs
kellogs
kelly
kelly01
kelly1
kelly11
kelly12
kelly123
kelly1234
kelly2
kellyann
kellyb
kellykelly
kellys
kelsea
kelsey
kelsey1
kelsey11
kelsey12
kelsey123
kelsie
kelton
keluarga
kelvin
kelvin1
kelvin123
kemal
kemal123
kembar
kemper
ken
ken123
kenan
kenan123
kendal
kendall
kendall1
kender
kendra
kendra1
kendrick
kendrick1
keneth
kengkeng
kenguru
kenitra
kenji
kenji123
kenjie
kenken
kenkenken
kenmore
kennedi
kennedy
kennedy1
kennedy123
kenner
kennet
kenneth
kenneth1
kenneth12
kenneth123
kenneth2
kenney
kennie
kennwort
kennwort1
kenny
kenny1
kenny12
kenny123
kenny2
kennyg
kennys
kenobi
kenpachi
kenseth17
kenshi
kenshin
kenshin1
kenshin123
kenshiro
kensington
kent
kentarou
kentkent
kenton
kentucky
kentucky1
kentut
kenwood
kenwood1
kenworth
kenworth1
kenya
kenya1
kenyatta
kenyon
kenz4u
kenzie
kenzie1
kenzie14
kenzo
keona1987
keparat
kepler
kepompong
kepth1717
ker
kerala
kerberos
kerem
kerem123
keremm123
keren
keren5345
keri
kermit
kermit1
kernel
kernel32
kernow
kerochan
kerokero
keroppi
keroro
kerouac
kerplunk
kerrang
kerrang1
kerri
kerrie
kerrigan
kerry
kerry1
kerry123
kerstin
kerstin1
kervin
kerwin
kesha
keshav
keshia
kessel
kessie
kessler
kester
kestrel
keswick
ketamine
ketchup
ketchup1
kettering
kettle
kev
kev123
kevin
kevin007
kevin01
kevin09
kevin1
kevin10
kevin101
kevin11
kevin111
kevin12
kevin123
kevin1234
kevin12345
kevin13
kevin14
kevin15
kevin1991
kevin1992
kevin1993
kevin1994
kevin1995
kevin1996
kevin1997
kevin1998
kevin2
kevin2000
kevin2001
kevin2002
kevin21
kevin22
kevin23
kevin3
kevin5
kevin7
kevin777
kevin99
kevina
kevinb
kevinc
kevind
kevine
keving
kevinh
kevinj
kevink
kevinkevin
kevinlee
kevinm
kevinn
kevins
kevkev
kevlar
kewell
key
key123
keyblade
keyblade1
keyboard
keyboard1
keychain
keykey
keylargo
keys
keyser
keysersoze
keysha
keyshawn
keystone
keystone1
keywest
keywest1
keyword
keziah
kezman
kfcnjxrf
kfgjxrf
kfhbcf
kfvgjxrf
kgh27ct6ay
kh
kha
khadija
khadijah
khairul
khakha
khaled
khaled123
khalid
khalid1
khalid123
khalida
khalifa
khalil
khalsa
khan
khan12
khan123
khan1234
khan786
khang123
khanh
khanh123
khanhlinh
khanjee
khankhan
khanna
kharen
kharisma
khattak
kheops
khoa123
khongbiet
khongco
khongcogi
khongnho
khongnoi
khongyeu
khorne
khulet
khuletz
khuljasimsim
khunglong
khuong
khurram
khushboo
khushbu
khushi
khvw116huu
kia
kia123
kiakia
kiana
kianna
kiara
kiara1
kiara123
kiarra
kibble
kibbles
kicia
kicia1
kick
kickass
kickass1
kickass123
kickball
kickbox
kickboxer
kickboxing
kickbutt
kicker
kicker1
kickers
kickflip
kickflip1
kickit
kickme
kicksass
kicsim
kid
kid123
kid1412
kidd
kidder
kidding
kiddo
kidkid
kidlat
kidman
kidney
kidrock
kidrock1
kids
kids03
kids123
kids1234
kidskids
kidsrule
kiefer
kiekeboe
kielbasa
kiera
kieran
kieran1
kieran12
kieran123
kieren
kieron
kierra
kiersten
kiesha
kiffen
kiffer
kifj9n7bfu
kigali
kik
kika
kikakika
kikass
kikay
kikays
kiki
kiki01
kiki11
kiki12
kiki123
kiki1234
kiki22
kikiki
kikikiki
kikilala
kikimora
kikina
kikinou
kikiriki
kikito
kikkat
kikkeli
kikker
kiklop
kiko
kiko123
kiko1234
kikokiko
kikoman
kikoolol
kikou
kikoulol
kikumaru
kil
kil123
kilabot
kilala
kildare
kiler
kiler1
kiler123
kilgore
kilian
kilikili
kilimanjaro
kilkenny
kilkil
kill
kill12
kill123
kill1234
kill3r
kill4fun
kill666
killa
killa1
killa12
killa123
killabee
killacam
killah
killall
killas
killaz
killbill
killbill1
killbill2
kille
killed
killem
killemall
killemall1
killen
killer
killer0
killer00
killer007
killer01
killer06
killer07
killer08
killer09
killer1
killer10
killer100
killer101
killer11
killer111
killer112
killer12
killer123
killer1234
killer12345
killer13
killer14
killer15
killer16
killer17
killer18
killer187
killer19
killer1994
killer1997
killer2
killer20
killer2000
killer21
killer22
killer23
killer24
killer25
killer27
killer29
killer3
killer32
killer321
killer33
killer34
killer4
killer42
killer420
killer44
killer45
killer456
killer47
killer5
killer55
killer56
killer6
killer65
killer66
killer666
killer69
killer7
killer77
killer777
killer78
killer8
killer87
killer88
killer89
killer9
killer90
killer91
killer911
killer92
killer93
killer94
killer95
killer96
killer97
killer98
killer99
killer999
killerb
killerbee
killerbees
killerboy
killerkiller
killerking
killerloop
killerman
killerman1
killerpilze
killers
killers1
killers123
killersmil
killerwhale
killerx
killerz
killhim
killian
killian1
killie
killing
killing1
killingspree
killjoy
killjoy1
killkenny
killkill
killkill1
killkillkill
killman
killme
killme1
killme12
killme123
killmenow
killroy
killshot
killswitch
killthem
killthemall
killua
killyou
killyou1
killzone
killzone1
killzone2
killzone3
kilo
kilogram
kilokilo
kilroy
kim
kim123
kim1234
kim12345
kimanh
kimani
kimba
kimba1
kimba123
kimball
kimbas13
kimber
kimber45
kimberlee
kimberley
kimberley1
kimberly
kimberly1
kimberly12
kimble
kimbo
kimbum
kimbum1
kimchee
kimchi
kimdung
kimera
kimerald
kimhyunjoong
kimi
kimikimi
kimiko
kimimaro
kimkibum
kimkim
kimkim1
kimkim123
kimkimkim
kimlong
kimmer
kimmie
kimmie1
kimmy
kimmy1
kimmy123
kimngan
kimo
kimokimo
kimono
kimora
kimpossible
kimpoy
kimsangbum
kimura
kin
kincaid
kindbud
kinder
kinder1
kinder123
kinderen
kindergarten
kindness
kindred
kinetic
king
king007
king01
king1
king10
king101
king11
king12
king123
king1234
king12345
king123456
king13
king2000
king21
king22
king23
king55
king7499
king77
king88
king99
kinga
kinga1
kingarthur
kingcobra
kingdavid
kingdom
kingdom1
kingdom12
kingdom123
kingdom2
kingdom7
kingdomheart
kingdomhearts
kingdomhearts2
kingdoms
kinger
kingfish
kingfisher
kingjames
kingjames23
kingkhan
kingkiller
kingking
kingking1
kingkong
kingkong1
kingkong12
kingkong123
kingkong2
kinglion
kinglove
kingmaker
kingman
kingme
kingofking
kingofkings
kingofpop
kingpin
kingpin1
kings
kings1
kings123
kingshit
kingsize
kingsley
kingss
kingster
kingston
kingston1
kingstone
kingsway
kingswood
kingtiger
kingtut
kinia
kinimod
kinjal
kinkikids
kinkin
kinky
kinky1
kinley
kinney
kinokino
kinomoto
kinsey
kinshasa
kintaro
kiokio
kip123
kipelov
kipkip
kipling
kippen
kipper
kipper1
kir
kira
kira123
kira1234
kirakira
kiraly
kiran
kiran123
kirana
kirankumar
kirara
kirayamato
kirby
kirby1
kirby123
kirbys
kirikiri
kirikou
kirill
kirill11
kirill12
kirill123
kirill12345
kirill1990
kirill1996
kirill1997
kirill1998
kirill1999
kirill2000
kirill2001
kirill2002
kirill2003
kirill98
kirill99
kirito
kirk
kirkland
kirkwood
kirsche
kirsten
kirsten1
kirstie
kirstin
kirsty
kirsty1
kis
kisa
kisakisa
kisame
kisaragi
kisha
kishan
kishor
kishore
kisiel
kiska
kiskis
kismat
kismet
kiss
kiss100
kiss12
kiss123
kiss1234
kissa
kissa123
kissable
kissarmy
kissass
kisscool
kissed
kissen
kisser
kisses
kisses1
kisses12
kisses123
kisses4u
kissing
kissit
kisska
kisskiss
kisskiss1
kisslove
kissme
kissme1
kissme12
kissme123
kissme2
kissme22
kissmebaby
kissmenow
kissmoko
kissmyass
kissmyass1
kissmyass2
kissthis
kissyou
kit
kit123
kita
kitagawa
kitakita
kitamura
kitana
kitara
kitaro
kitcat
kitchen
kitchen1
kitchens
kite
kitesurf
kitkat
kitkat1
kitkat11
kitkat12
kitkat123
kitkit
kitsune
kitsune1
kitten
kitten01
kitten1
kitten10
kitten11
kitten12
kitten123
kitten13
kitten2
kitten22
kitten69
kittens
kittens1
kittens123
kittens2
kittie
kitties
kitties1
kitty
kitty01
kitty1
kitty10
kitty101
kitty11
kitty12
kitty123
kitty1234
kitty13
kitty2
kitty22
kitty23
kitty3
kitty5
kitty6
kitty666
kitty69
kitty7
kitty9
kittycat
kittycat1
kittycat12
kittycat123
kittycat2
kittycats
kittygirl
kittyhawk
kittykat
kittykat1
kittykitty
kittylove
kittys
kittyy
kiwi
kiwi123
kiwikiwi
kiyokiyo
kiyoshi
kizito
kizzie
kizzy
kizzy1
kj
kj7gt65f
kjgfnf
kjhgfdsa
kjifhf
kjiflm
kjiflrf
kjkjkj
kjkszpj
kjkszpj1
kjkszpj123
kjrjvjnbd
kjsa71k92mss
kjv1611
kk
kk1234
kk12345
kk123456
kkk
kkk111
kkk123
kkk666
kkkk
kkkkk
kkkkkk
kkkkkk1
kkkkkkk
kkkkkkkk
kkkkkkkkk
kkkkkkkkkk
kkklll
kl
kl098709
kl123456
kl6lw9h565
kla
klaipeda
klapaucius
klapaucius1
klara
klarinet
klarka
klasse
klaster
klaten
klaudia
klaudia1
klaus
klaus1
klaus123
klausi
klavier
klawiatura
kle
kleb7rh924
kleber
kleeblatt
kleenex
klein
kleine
kleiner
kleopatra
klettern
klew
kli
klimenko
klimov
klingon
klingon1
klizma
klkl
klklkl
klklklkl
klm123
klmklm
klmn214
klo
klo123
klobalis
klocek
klokan
kloklo
klokloklo
klondike
klootzak
klop
klop12
klop123
klopapier
klopfer
klopik
klopklop
kloster
klp9a9jt5f
klubnika
kluivert
km123456
km1gg4a584
kmfdm
kmk420
kmzwa88saa
kmzwa8awaa
kmzway87aa
kni
knickers
knicks
knicks1
knicks33
knife
knight
knight01
knight1
knight11
knight12
knight123
knight13
knightmare
knightrider
knights
knights1
knitter
knitting
knives
knockers
knockknock
knockout
knopka
knopka123
knopo4ka
knopochka
knowledge
knowledge1
knowles
knoxville
knp123
knuckles
knuckles1
knuddel
knuddels
knuffel
knulla
ko
ko7vng4962
koala
koala1
koala123
koalabear
koalas
kobakoba
kobayashi
kobayasi
kobe
kobe08
kobe123
kobe24
kobebryant
kobebryant24
kobekobe
kobiet
kobold
kobra
kobra11
koc
kocham
kocham1
kochamcie
kochamcie1
kochanie
kochanie1
kociak
kocicka
kocka
kocour
kodabear
kodaira523
kodak
kodeord
kodiak
kodiak1
kodok
koekje
koekjes
koelkast
koenig
koenigsegg
koenllb433
kof2002
koffie
kofola
kohaku
kohinoor
koibito
koikoi
kojikoji
kojiro
kojkhjhjk78
kok
kokain
kokakola
kokakola1
kokanee
koki1992
kokikoki
kokila
kokito
koko
koko12
koko123
koko1234
kokoko
kokoko1
kokoko123
kokokoko
kokolino
kokolo
kokoloko
kokololo
kokomo
kokopelli
kokoro
kokororo
kokos
kokos1
kokos123
kokoska
kokosnuss
kokot
kokot123
kokote
kokoti
kokotina
kokotko
kokowawa
koksik
kol
kol561788
kol5u9lk6i
kola
kolade
kolakola
kolawole
kolbasa
kolega
kolejorz
kolera
koleso
kolibri
koliko
kolkata
kolkata123
kolkol
kollegah
koller
kolo
kolo12
kolo123
kolobok
kolokol
kolokolo
kolokoy
kolotoc
kolovrat
kolton
kolyan
kom
komal
komal123
komandir14
komando
komandos
komang
komar
komarova
komatsu
kombat
komekome
kometa
komltptfcorp
kommer
komodo
kompas
kompis
kompjuter
kompot
komputer
komputer1
komputer12
komputer123
kon
kona
konakona
konami
kondom
kondor
koneko
konfetka
kong
kongen
kongkong
konica
konichiwa
konijn
konijntje
konik
konik1
koniki
koning
konkon
konnichiwa
konoha
konrad
konrad1
konrad12
konrad123
konstantin
kontakt
kontol
kontol1
kontol123
konvict
konya42
kookai
kookie
kookoo
kool
kool12
kool123
kool1234
koolaid
koolaid1
koolcat
kooldude
kooler
koolio
koolkat
koolkat1
koolkid
koolkid1
koolkool
koolman
koolsavas
kooper
kop
kopa1961
kopaka
kopernik
kopiko
kopkop
kopretina
kopytko
kor
korea
korea1
korea123
korean
korina
korkmaz
korn
korn123
korn1234
korn666
korn69
kornel
kornelia
kornkorn
korokoro
korokozabr
koroleva
korona
korosuke
korova
korsar
korsika
kos
kosama
koshechka
kosher
koshka
kosice
koskos
kosmos
kosong
kosova
kosova1
kosova12
kosova123
kosovo
kosta
kostas
kostek
kostenlos
kostik
koston
kostroma
kostya
kostya123
kostyan
kot
kot123
koteczek
koteczek1
kotek
kotek1
kotek123
kotenok
kotik
kotkot
kotlet
kotobuki
kotor2
kottayam
kou
koukou
kournikova
kourtney
koutarou
kovacs
kovalenko
kovalev
kowal
kowal1
kowal123
kowalski
koykoy
koza
kozak
kozak1
kozak123
kozerog
kozlov
kozlova
kp144vzful
kp9v1ro7lh
kpz1fu92za
kr
kr353oits
kr6sjhs412
kra
kracker
kraftwerk
krakatoa
kraken
krakow
kralbenim
kram
kramer
kramer1
krasav4ik
krasavica
krasnal
krasnodar
krasota
krasotka
kratos
krause
krayzie
krazy
krazy1
kreator
krecik
kreditka
kremlin
kreslo
kreten
kri
krieger
krikri
krille
krillin
kriminal
kris
kris10
kris123
kris1234
krish
krish123
krisha
krishan
krishana
krishna
krishna1
krishna123
krishnaa
krishnan
kriska
krisna
krispy
krissi
krissy
krissy1
krista
krista1
kristal
kristall
kristan
kristel
kristel1
kristen
kristen1
kristi
kristian
kristian1
kristie
kristie1
kristijan
kristin
kristin1
kristina
kristina1
kristina12
kristina123
kristine
kristine1
kristinka
kristo
kristof
kristofer
kristoffer
kristopher
kristus
kristy
kristy1
kristyn
kritika
krizia
krneki
kro
kroatien
kroger
krokodil
krokodyl
krokus
krolik
krombacher
krondor
kronic
kronik
kronos
kronos1
kropka
kropka1
kroshka
krowa
krowa1
krowa123
krueger
kruemel
kruger
krusty
krypto
krypton
krypton1
kryptonite
krysia
krysta
krystal
krystal1
krystel
krystian
krystian1
krystina
krystle
krystyna
krzysiek
krzysiek1
krzysiek12
krzysiu
krzysiu1
krzysztof
ks7solj7
ksenia
ksenija
kseniya
ksh21788
ksuhav2010
ksusha
ksusha2896abc
kswiss
kthjxrf
ktjybl
ktm125
ktm250
ktnj2010
ktutylf
ktybyuhfl
ktyjxrf
kuai
kuaile
kub
kuba
kuba11
kuba12
kuba123
kuba1234
kuba12345
kuba2000
kuba2001
kuba2002
kubakuba
kubicek
kubilay
kubota
kubrick
kuburan
kubus
kubus1
kubus123
kuchen
kucing
kucing1
kucing123
kucingku
kuk
kukareku
kuken
kuken123
kukolka
kuku
kukuku
kukukuku
kukuruku
kukuruza
kukushka
kula5500
kulangot
kulasa
kuldeep
kulet
kuletz
kulit
kulkarni
kulot
kulots
kumakuma
kumamoto
kumar
kumar1
kumar123
kumar1989
kumara
kumaran
kumari
kumars
kumiko
kumikumi
kumite
kumkum
kumquat
kunal
kunal123
kundalini
kundan
kundera
kungen
kungfu
kungfu1
kungfupanda
kunikuni
kuning
kuningan
kunkun
kunoichi
kuntilanak
kupa
kupa12
kupa123
kupa1234
kupakupa
kupal
kupalka
kupukupu
kur
kurac
kurac123
kurakura
kurama
kurapika
kurcina
kurczak
kurczak1
kurdistan
kurenai
kurgan
kurgan71
kurikuri
kurimaw
kurnia
kurniawan
kurochan
kurogane
kurokuro
kuroneko
kurosaki
kurosawa
kuroshitsuji
kurt
kurt123
kurtcobain
kurtis
kurtkurt
kurukuru
kurwa
kurwa1
kurwa123
kurwamac
kurwamac1
kusanagi
kuschel
kushal
kusuma
kutas
kutas1
kutas123
kuting
kuttan
kuuipo
kuvutu
kuwait
kva611
kvartira
kvartira001
kw4c8x5uaj
kwabena
kwiatek
kwiatek1
kwiatuszek
kwyjibo
kxb585fevo
kyl
kyla
kyle
kyle11
kyle12
kyle123
kyle1234
kylee
kyleigh
kylekyle
kyler
kylian
kylie
kylie1
kylie123
kyllian
kyocera
kyogre
kyokushin
kyokyo
kyoshiro
kyosho
kyousuke
kypbma
kyra
kyung123
kyuubi
kzkzkz
l
l0ckd0wn
l0g1t3ch
l0gitech
l0ll0l
l0ll0ll0l
l0llip0p
l0llipearl3
l0nd0n
l0vel0ve
l123123
l12345
l123456
l1234567
l12345678
l123456789
l1l2l3l4
l1nk3d1n
l1o2v3e4
l1qoh9wq2u
l1v3rp00l
l1verp00l
l1verpool
l27nsl7plj
l2guy4p7dh
l2he9tt4pl
l2t5bq8cju
l33hjsduf
l33th4x0r
l33tsupa
l33tsupah4x0r
l3tm31n
l3tm3in
l3xo78vjut
l58jkdjp!m
l6fmujiyd
l6ho3tg7wb
l6ud1tb693
l@f0vrnwa0myu
la
laaa1234
laaa3333
laalaa
laarni
lab
labas
labas123
labatt
labella
labelle
labello
labirint
lablab
labonte
laboratorio
laboratory
labrador
labrador1
labtec
labtec1
labtec123
labyrinth
lac
lacey
lacey1
lacey123
lachance
lachelle
lachen
lachesis
lachica
lachlan
lachlan1
lacika
lacoste
lacoste1
lacrimosa
lacroix
lacrosse
lacrosse1
lacrosse12
lacson
lacuna
lad
lada
lada2107
ladder
ladder49
laddie
ladeda
ladida
ladies
ladiesman
ladiesman217
ladislav
ladle
ladonna
lady
lady11
lady12
lady123
lady1234
ladybird
ladybird1
ladyblue
ladybug
ladybug1
ladybug11
ladybug12
ladybug123
ladybug2
ladybug3
ladybug7
ladybugs
ladydi
ladydog
ladygaga
ladygaga1
ladygaga123
ladygirl
ladyhawk
ladyinred
ladyjane
ladykiller
ladylady
ladylove
ladyluck
ladypink
laetitia
laezcf8934
lafamilia
lafamille
lafayette
laffytaffy
lafleur
lafouine
lafrance
lag
lagartija
lagarto
lagata
lagger
lagnaf
lagoon
lagrange
lagrimas
laguna
laguna1
lagunasc
lagwagon
lahore
lahore123
lai
lai130515
laika
laika1
laila
laila1
laila123
lailai
laine
lainey
laithethang
lajolla
lak
lake
lakehouse
lakeisha
lakeland
lakers
lakers01
lakers08
lakers09
lakers1
lakers10
lakers11
lakers12
lakers123
lakers13
lakers21
lakers22
lakers23
lakers24
lakers32
lakers34
lakers8
lakeshore
lakeside
laketahoe
lakeview
lakewood
lakewood1
lakilaki
lakings
laklak
lakoliamoo
lakota
lakshman
lakshmi
lakshmi1
lakshya
lal
lala
lala11
lala12
lala123
lala1234
lala12345
lala22
lalaaoo
lalaine
lalakers
lalakers1
lalaki
lalala
lalala1
lalala11
lalala12
lalala123
lalala2
lalala99
lalalala
lalalala1
lalalalala
lalaland
lalaland1
lalang
laleczka
lalelu
lalilu
lalilulelo
lalita
lalitha
lalito
lalka
lalka123
lalla
lalo
lalo123
laloca
lalola
lalolalo
laluna
lam
lam123
lama
lama123
lamalama
lamar
lamar1
lamb
lambada
lambchop
lambda
lambert
lambert1
lambo
lambo1
lambo123
lambofgod
lambofgod1
lamborghini
lamborghini1
lamborgini
lambretta
lambretta1
lame
lamejor
lamer
lamer123
lamers
lamia
lamina
lamination
lamine
lamisma
lamlam
lammas
lamongan
lamont
lamont1
lamoste
lamour
lamp
lampa
lampa123
lampada
lampadina
lampara
lampard
lampard08
lampard1
lampard123
lampard8
lampe
lamppost
lampshade
lampshade1
lampung
lan
lan123
lana
lanalana
lanalang
lananh
lancaster
lancaster1
lance
lance1
lance123
lancelot
lancelot1
lancer
lancer1
lancer123
lancerevo
lancers
lancia
lanciano
lancome
land
landau
landcruiser
landen
lander
landers
landis
landlord
landmark
lando
landon
landon1
landrover
landrover1
landry
landscape
landser
landser88
lane
lanena
lanfeust
langer
langford
langga
langit
langjunlei
langkawi
langlang
langley
langston
langthang
langtu
language
lanhlung
lanhuong
lanie
lanier
lanlan
lanparty
lansing
lansing1
lantern
lantis
lanzarote
laomeng
laopo520
laopo521
lap
lapdance
lapierre
lapin
lapine
lapinou
lapins
lapo4ka
lapochka
lapointe
laposte
lappen
lapras
laptop
laptop1
laptop12
laptop123
laptop21
lapuce
laputa
laqoli
lar
lara
lara123
laracroft
laracroft1
laralara
laranja
larasati
larcenciel
larded
laredo
larenga
larisa
larissa
larissa1
larissa123
larita
larkin
larkspur
larochelle
larose
larousse
larry
larry1
larry123
larrybird
larryboy
larrys
lars
larsen
larson
larsson
larsson1
larsson7
laruku
las
lasagna
lasagne
lasalle
lasanha
laser
laser1
laser123
laserjet
lasers
lashae
lashawn
lashay
lasher
laska
laska1
laska123
lasombra
lasosoloio
laspalmas
lasse
lasse123
lassie
lassie1
lassmichrein
last
last.fm
lastar
lastchance
lastchaos
lastfm
lastkiss
lasto4ka
lastochka
lastresort
lastride
lasttime
lasvegas
lasvegas0123
lasvegas1
laszlo
lat
latasha
lateef
latein
lateralus
latforum
latha
latias
latics
latifa
latifah
latin
latina
latina1
latinlover
latino
latino1
latinoheat
latinos
latios
latisha
latitude
latoya
latrell
latrice
latrice1
latte
latvia
lau
laufen
laugh
laughing
laughs
laughter
laulau
launch
laundry
laura
laura01
laura1
laura10
laura11
laura12
laura123
laura1234
laura13
laura2
laura22
lauraa
laurab
lauralaura
lauralee
lauram
lauras
laure
laureen
laurel
lauren
lauren01
lauren06
lauren07
lauren08
lauren1
lauren10
lauren11
lauren12
lauren123
lauren13
lauren14
lauren15
lauren16
lauren17
lauren18
lauren2
lauren2000
lauren21
lauren22
lauren23
lauren98
lauren99
laurence
laurence1
laurene
laurens
laurent
laurent1
laurente
laurentiu
laurenz
lauretta
laurette
lauriane
laurie
laurie1
laurin
laurine
laurinha
lauris
laurita
lauryn
lausanne
lautaro
lautern
lav
lavalamp
lavalamp1
lavanda
lavande
lavander
lavanya
lavelle
lavender
lavender1
laverda
lavern
laverne
lavezzi
lavezzi7
lavida
lavidaloca
lavieestbelle
lavigne
lavina
lavinia
lavoro
law
lawlaw
lawless
lawliet
lawman
lawnmower
lawrence
lawrence1
lawschool
lawson
lawton
lawyer
lawyer1
lax4life
laxamana
laxman
laxmi
layla
layla1
layla123
laylay
layton
lazaro
lazarus
lazarus1
lazer
lazio
lazio1900
lazy
lazyboy
lb82eon2ne
lbfyjxrf
lbhtrnjh
lbv
lbvekz
lbvf
lbvfcbr
lbvflbvf
lbvjxrf
lbyfvj
lc123456
lc519qlpuu
lctstens
lcv7bry1cf
ldpdha882c
le
lea
lea123
leader
leader1
leader123
leadership
leafar
leafs
league
leagueoflegends
leah
leah123
leahcim
lealea
leamarie
leander
leandra
leandre
leandro
leandro1
leandro123
leann
leanna
leanne
leanne1
leanne123
leapfrog
learjet
learn
learner
learning
leather
leather1
leaveme
leavemealo
leavemealone
leaves
leb
lebanon
lebanon1
lebaron
lebedev
lebedeva
lebesgue
leblanc
leboss
lebowski
lebron
lebron1
lebron23
lebronjame
lebronjames
lebronjames23
lec
lechat
lechia
lechien
lechuga
lecken
lecker
leckmich
leclerc
lecram
lecter
lecture
lectures
ledesma
leducnam
ledzep
ledzep1
ledzeppelin
lee
lee123
lee1234
lee12345
lee1993
leeann
leeanne
leeds
leeds1
leeds123
leedsunited
leedsunited1
leedsutd
leedsutd1
leehom
leelee
leelee1
leelee12
leelee123
leeloo
leelou
leeminho
leeminho1
leeminhoo
leena
leeor
leeroy
leeryan
leet1337
lefebvre
left4dead
left4dead2
leftbehind
lefteye
lefthand
lefty
lefty1
leg
legacy
legacy1
legal
legalize
legaspi
legato
legend
legend01
legend1
legend12
legend123
legenda
legenda1
legendary
legendary1
legendas
legende
legendkiller
legends
legends1
legia
legia1
legia123
legia1916
legion
legion88
legioner
lego
lego12
lego123
lego1234
legocity
legoland
legoland1
legolas
legolas1
legolas12
legolas123
legolas2
legolego
legoman
legoman1
legostarwars
legrand
leguan
lehcar
lehjxrf
lehman
lehmann
lei
leicester
leicester1
leigh
leigh1
leigh123
leigha
leighann
leighanne
leighton
leighton1
leila
leila1
leila123
leilani
leilani1
leilei
leinad
leipzig
leirbag
leiseiwe87
leisure
lekker
lekkerding
leklek
leksand
lel
leland
lele
lele123
lelele
lelelele
lelouch
lelouch1
lelya1993
lem
lemah
lemans
lemieux
lemieux66
lemmein
lemming
lemmings
lemon
lemon1
lemon123
lemon8
lemonade
lemonade1
lemond
lemondrop
lemonhead
lemonlime
lemonpie
lemons
lemons1
lemons12
lemons123
lemontea
lemontree
lemony
lemuel
len
lena
lena123
lena1234
lena2010
lenalena
lenard
lenchen
lenchik
lengleng
lenicka
lenin
leningrad
lenka
lenlen
lenlen1
lennard
lennart
lennie
lennon
lennon1
lennox
lennox1
lenny
lenny1
lenny123
leno4ka
lenochka
lenora
lenore
lenovo
lenovo123
lensois
lenusik
leo
leo123
leo1234
leo12345
leo123456
leogirl
leoleo
leoleo123
leoleoleo
leolion
leomar
leomessi
leomessi10
leon
leon12
leon123
leon1234
leon2503
leona
leonard
leonard0
leonard1
leonarda
leonardo
leonardo1
leonardo10
leonardo12
leonardo123
leoncino
leoncio
leoncito
leone
leonel
leonel123
leones
leonessa
leonhart
leonheart
leonid
leonida
leonidas
leonidas1
leonie
leonie1
leonila
leonleon
leonnayr25
leonor
leonora
leopard
leopard1
leopard2
leopardo
leopards
leopold
leopold1
leopoldo
leothelion
leozinho
lepper
leprechaun
ler
lera
lera123
lera2000
lera2001
lera2002
leralera
lerkalerka16
lerochka
lerolero
leroy
leroy1
leroy123
les
lesbian
lesbian1
lesbians
lesbos
lesley
lesley1
leslie
leslie01
leslie1
leslie12
leslie123
lesmis
lespaul
lespaul1
lessthan3
lestari
lestat
lestat1
lester
lester1
lester123
leszek
let
letadlo
lethal
leticia
leticia1
leticia123
letitbe
letitgo
letitia
letizia
letlet
letme1n
letmego
letmein
letmein!
letmein0
letmein01
letmein1
letmein11
letmein12
letmein123
letmein123!
letmein2
letmein22
letmein3
letmein69
letmein7
letmein9
letmein99
letmeinnow
letmeout
letmepass
letmesee
leto2010
letras
letsdance
letsdoit
letsdoit123
letsfuck
letsgo
letsplay
letsrock
letter
letter1
letterbox
letterboxing
letters
letters1
lettuce
leumas
leunam
lev
levani
level
level1
level27
level42
levelr
levelup
levent
levente
leverkusen
levesque
levi
levi123
leviatan
leviathan
levine
levis
levis501
leviticus
levski
levski1914
lewis
lewis1
lewis12
lewis123
lex
lexa
lexalexa
lexi
lexi123
lexicon
lexie
lexie1
lexie123
lexington
lexlex
lexmark
lexmark1
lexmark123
lexor123
lexter
lexus
lexus1
lexus123
lexus300
lexusis300
lexx2944
leyla
leyton
lezard
lf3fo3b4fw
lfc123
lfc1892
lfc4eva
lfc4ever
lfc4life
lff888888
lfhbyf
lfiekmrf
lfiekz
lfitymrf
lfplhfgthvf
lfybbk
lfybkf
lfybkrf
lgkp500
lgthegreat
lhady
lhbjkjubz2957704
lhc72zad4i
lhdepql623
lhepmz
lhfrjy
li
li1234
li123456
li7ghszopf
li9z94ucyu
lia
liaisons
lialia
liam
liam12
liam123
liam1234
liamliam
liampayne
liana
liang123
liangliang
lianna
lianne
liarliar
lib
liba01
libanon
libbie
libby
libby1
libby123
libellule
libelula
libera
liberal
liberate
liberation
liberdade
liberia
libero
liberta
libertad
libertas
liberte
libertin
libertine
libertine1
liberty
liberty1
liberty123
liberty2
liberty7
libido
libra
libra1
libra123
libran
librarian
library
library1
libras
libre
libros
lic
lichking
lick
licker
lickit
lickme
lickme1
lickme69
licorice
licorne
lidia
lidija
lie
liebe
lieben
liebherr
liebling
liefde
liekfu313
lietuva
lietuvis
lieutenant
lieverd
liezel
lif
life
life123
life1234
lifeboat
lifegoeson
lifeguard
lifehouse
lifeisgood
lifeislife
lifeless
lifelife
lifeline
liferocks
lifesaver
lifesgood
lifestyle
lifesuck
lifesucks
lifesucks1
lifesux
lifetec
lifetime
lifetime1
lig
ligabue
ligaya
liger0
light
light1
light123
light168
lightblue
lightbulb
lightbulb1
lightening
lighter
lighter1
lightfoot
lighthouse
lighthouse1
lightimes
lighting
lightnin
lightning
lightning1
lightning129
lights
lightsaber
lightsaber1
lightspeed
lightyear
lihenan
lihui1022
lijian
lijing
lik
like
likeaboss
likeit
likelike
likeme
likemike
likewhoa
likeyou
liklik
lil
lil123
lila
lila123
lilac
lilacs
lilalila
lilangel
lilbear
lilbit
lilbitch
lilboy
lilchris
lildee
lildevil
lildude
lilfizz
lilflip
lilgirl
lili
lili12
lili123
lili1234
lili5678
lilia
lilian
liliana
liliana1
liliane
lilianna
lilibeth
lilica
lilies
lilika
lilike
lilili
lililili
liline
liling
liliput
lilirose
lilita
lilith
lilium
liliya
liljay
liljoe
liljohn
liljon
lilkim
lilla
lillan
lillebror
lilleman
lillen
lilli
lillian
lillian1
lilliana
lillie
lillie1
lillies
lilliput
lillo
lilly
lilly1
lilly12
lilly123
lilly2
lillypad
lilmama
lilmama1
lilmama12
lilmama123
lilman
lilman1
lilman123
lilmike
lilmomma
lilo
lilo123
lilolilo
lilone
lilou
lilpimp
lilred
lilromeo
lilsaint
lilsexy
lilsis
lilstar
lilwayne
lilwayne1
lilwayne12
lilwayne123
lily
lily12
lily123
lily1234
lilylily
lilypad
lilyrose
lim
lima
limabean
limalima
limaperu
lime
limegreen
limegreen1
limelight
limerick
limestone
limewire
limewire1
liming
limit
limited
limited1
limlim
limoges
limon
limonada
limonade
limone
limousine
limpbizkit
limpopo
lin
lin123
lin12345
lin123456
lin456321
lina
lina123
linalina
linares
linchen
lincogo1
lincogoa1
lincoln
lincoln1
linda
linda0511
linda1
linda12
linda123
linda2
lindaa
lindalinda
lindas
lindberg
linde
lindemann
linden
linder
lindinha
lindo
lindo123
lindona
lindros
lindros88
lindsay
lindsay1
lindsey
lindsey1
line
lineage
lineage1
lineage2
linebacker
linegie987
lineika
lineman
linette
linfield
ling
ling111
linger
lingerie
lingling
linh
linh123
linhlinh
linhtinh
linjiang
link
link07232011
link12
link123
link1234
link123456
linkbuild1
linkbuilding
linkbuilding01
linked
linkedin
linkedin1
linkedin123
linkedin2011
linker
linkin
linkin1
linkin12
linkin123
linkinpark
linkinpark1
linkinpark123
linklink
links
links123
links2323a
links234
linksys
linksys1
linkwork1
linlin
linnea
lino
linsey
lintang
linton
linus
linus1
linus123
linux
linux1
linux123
linwood
lio
lion
lion12
lion123
lion1234
lion12345
lionel
lionel1
lionelmessi
lionelmessi10
lioness
lionhart
lionheart
lionheart1
lionking
lionking1
lionlion
lionne
lions
lions1
lions123
lip
lipgloss
lipgloss1
lipiec
lips
lipstick
lipstick1
lipton
liquid
liquid1
lis
lisa
lisa01
lisa11
lisa12
lisa123
lisa1234
lisa69
lisaann
lisalisa
lisamarie
lisandro
lisanne
lisbeth
lisboa
lisbon
lisbon67
liselotte
lisenok
lisette
lisp
lissette
listen
lister
listopad
lit
liteon
literacy
literatura
literature
lithium
lithium1
lithuania
litterbox
little
little1
little12
little123
littleangel
littleb
littlebear
littlebit
littlebit1
littleboy
littled
littledevil
littledog
littlee
littlefoot
littlegirl
littleguy
littlejoe
littlejohn
littlelady
littleman
littleman1
littlemiss
littleone
littlered
littlerock
littles
littlestar
littlewing
liu123
liu123456
liudu88888
liuliu
liuwei
liuyang
liuyifei
liv
live
live2die
live2love
live2ride
live4ever
live4god
live4him
live4life
live4love
liveforever
livefree
liveincha0s
livelaughlove
livelife
livelife1
livelong
livelove
livelovelaugh
liver
liver1
liverp00l
liverpol
liverpoo
liverpool
liverpool0
liverpool01
liverpool05
liverpool07
liverpool08
liverpool09
liverpool1
liverpool10
liverpool11
liverpool12
liverpool123
liverpool13
liverpool1892
liverpool2
liverpool21
liverpool23
liverpool3
liverpool4
liverpool5
liverpool6
liverpool7
liverpool8
liverpool9
liverpool99
liverpoolfc
liverpoolfc1
livestrong
livewire
liveyourlife
livia
living
livingston
livorno
livres
livros
lixiang
liyana
liyang
liz
liz123
liza
liza123
liza2000
liza2001
liza2002
liza2003
liza2005
lizabeth
lizaliza
lizard
lizard1
lizard12
lizard123
lizardking
lizards
lizaveta
lizbeth
lizeth
lizette
lizottes
lizzard
lizzard1
lizzie
lizzie1
lizzie12
lizzie123
lizzy
lizzy1
lizzy123
lj
lj123456
lj352d1ib31
ljames23
ljfsg171rv
ljhjattd
ljhjuf
ljrnjh
ljubav
ljubezen
ljubljana
ljxtymrf
lk123456
lkj
lkj65b6666
lkjh
lkjhg
lkjhgf
lkjhgfd
lkjhgfds
lkjhgfdsa
lkjhgfdsa1
lkjlkj
lklklk
ll
ll123456
llabtoof
llama
llama1
llama123
llamas
llcoolj
lle1234
llewellyn
lll
lll123
llll
lllll
llllll
llllll1
lllllll
llllllll
lllllllll
llllllllll
llooll
lloyd
lloyd1
lloyd123
lloydbanks
lloyds
lluvia
lm292979
lmao
lmao123
lmaolmao
lmfao
lmfao1
lmfao123
lmnop123
lo
lo10499ve
lo9ctk82w7
loaded
loader
loading
loading1
loadmin
lobito
lobo
lobolobo
lobster
lobster1
lobsters
loc
loc123
loca
local
localadmin
localoca
locaso
location
lochness
lock
lockdown
lockdown1
locke
locked
locker
locket
lockhart
lockheart
lockheed
locklock
lockout
locksmith
lockwood
loco
loco12
loco123
loco1234
locoloco
locoman
locomotion
locomotive
locoroco
locote
locura
locust
locutus
lodoss
loesek428
lofasz
log
logan
logan1
logan12
logan123
logan2
logan5
logans
logcabin
logger
logic
logica
logical
logical1
logika
login
login1
login123
logistics
logistik
logitech
logitech1
logitech12
logitech123
logitech2
logitechg15
logmein
logon
logos
logout
loi
loic
loirinha
lois
loiseau
loislane
lok
lokaloka
lokesh
loki
loki123
loki1234
lokiju
lokijuhy
lokillo
lokiloki
lokita
lokito
loklok
loko
loko123
lokoloko
lokoloko1
lokomoko
lokomotiv
lokomotiva
lokomotive
lokomotywa
lol
lol000
lol007
lol1
lol100
lol101
lol111
lol112
lol12
lol1212
lol123
lol123123
lol123321
lol1234
lol12345
lol123456
lol1234567
lol123456789
lol123lol
lol123lol123
lol1337
lol157
lol1993
lol1lol
lol1lol1
lol1lol2
lol222
lol321
lol456
lol4ever
lol555
lol666
lol777
lol999
lola
lola11
lola12
lola123
lola1234
lola4lola
lolada
lolade
lolage
lolailo
lolalola
lolalola1
lolas
lolas123
lolaso
lolazo
lolazo123
lolbroek
lolcakes
lolcat
lolcats
lolcats1
lolcats123
loldongs
loleczek
lolek
lolek1
lolek11
lolek12
lolek123
lolek1234
lolek2
lolek321
loler123
lolface
lolhaha
lolhax
loli
lolik123
lolilol
loliloli
loling
lolipop
lolipop0
lolipop00
lolipop1
lolipop12
lolipop123
lolipop2
lolipops
lolita
lolita1
lolita12
lolita123
lolitas
lolito
lolka123
loll
lollakas
lolled
lolled123
loller
loller123
lollero
lolli
lollie
lolliepop
lollies
lollig
lollip0p
lollipop
lollipop0
lollipop1
lollipop12
lollipop123
lollipop2
lollipop9
lollipops
lollo
lollo123
lollol
lollol1
lollol11
lollol12
lollol123
lollol2
lollol22
lollollol
lollollol1
lollollol123
lollollollol
lolly
lolly1
lolly123
lollypop
lollypop1
lollypop12
lollypop123
lollypops
lolman
lolman1
lolman12
lolman123
lolmaster
lolmdr
lolnoob
lolnoob1
lolo
lolo11
lolo12
lolo123
lolo1234
lolo12345
lolo99
loloko
lolol
lolol1
lolol123
lololo
lololo1
lololo123
lololol
lololol1
lolololo
lolololol
lololololo
lololoshka
lololowka
lolomg
lolomg123
lolomo
lolopo
lolopop
lolopopo
lolote
lolotte
lolowned
lolpass
lolpassword
lolpol
lolpoop
lolpop
lolpop123
lolrofl
lolsmileyface
loltroll
lolwat
lolwhat
lolwtf
lolwtf123
lolwut
lolwut123
lolxd
lolxd123
lolxdlol
loly123
lolypop
lolz
lolz123
lolz1234
lolzlolz
lolzor
lombard
lombardi
lombardo
lombok
lomejor
lon
london
london00
london01
london05
london06
london07
london08
london09
london1
london10
london11
london12
london123
london1234
london13
london15
london1997
london2
london20
london2008
london2009
london2010
london2012
london21
london22
london23
london24
london44
london55
london66
london7
london77
london88
london99
londoner
londonuk
londra
londres
londyn
loneliness
lonely
lonely1
lonelyboy
lonelygirl
loner
lonesome
lonestar
lonestar1
lonewolf
lonewolf1
long
long123
long1234
long123456
longbeach
longbeach1
longboard
longbow
longdick
longdong
longer
longfellow
longhair
longhorn
longhorn1
longhorns
longhorns1
longinus
longisland
longjohn
longlegs
longlife
longlive
longlong
longman
longshot
longsword
longtime
longview
longwood
lonlon
lonmemay
lonnie
lonsdale
lonsdale1
lontong
loo
look
look123
lookatme
looker
lookin
looking
looking1
looking4
looklook
lookout
lookout1
lookup
lool
looloo
loomis
looney
looneytunes
looool
loop
loop0917ssdsff
loop1206ssdsff
loop1207b
looper
loophole
looping
looploop
loopssd
loopy
loopy1
loopyloo
loose
loosee123
looser
looser1
looser123
lop
lop123
lopas
lopas123
lopass
lopata
lopes
lopes123
lopez
lopez0
lopez1
lopez123
loplop
loploplop
loppan
loppol
loquendo
loquesea
loquillo
loquita
loquito
lor
lora
loraine
lord
lord12
lord123
lord1234
lordgod
lordik
lordjesus
lordlord
lordoftherings
lordse
lordshiva
lordvader
lore
loreal
loredana
loreen
lorelai
lorelei
lorella
loren
loren1
lorena
lorena1
lorena12
lorena123
lorence
lorencia
lorene
lorenita
lorenz
lorenza
lorenzo
lorenzo1
lorenzo123
lorenzo99
loreta
loreto
loretta
loretta1
lorette
lori
loriann
lorie
lorien
lorient
lorin
lorine
loris
lorna
lorraine
lorraine1
lorrie
los
losangeles
losdeabajo
losenord
loser
loser1
loser101
loser11
loser12
loser123
loser1234
loser13
loser2
loser5
loser7771
loserface
loserkid
loserloser
losers
losers1
losetime577
loshara
lospiojos
losser
lost
lost123
lost1234
lost4815162342
lostboys
lostlost
lostlove
lostplanet
lostprophets
lostsoul
lostworld
lot
lothar
lothlorien
lotion
lotlot
lotr
lotta
lotte
lottery
lottery1
lottie
lottie1
lottie123
lotto
lotus
lotus1
lotus123
lotus7
lotuselise
lotusnotes
lotuss
lou
lou123
louane
louann
louanne
loubna
loudog
louella
louie
louie1
louie123
louis
louis1
louis123
louis14
louisa
louisa1
louise
louise01
louise1
louise10
louise11
louise12
louise123
louise13
louise14
louise2
louise21
louise22
louise23
louisiana
louisiana1
louison
louisville
louisvuitton
loulette
loulou
loulou01
loulou1
loulou11
loulou12
loulou123
loulou13
loulou22
loulou69
louloulou
louloute
louloutte
louna
lounge
loup
lourdes
lourdes1
lourenco
loustic
loutre
lov
lovable
lovable1
lovato
love
love00
love0000
love007
love01
love02
love03
love04
love05
love06
love07
love08
love09
love1
love10
love100
love1004
love101
love1010
love11
love111
love1111
love1122
love12
love1212
love123
love1234
love12345
love123456
love123456789
love13
love1314
love1314520
love1314a
love14
love143
love15
love16
love17
love18
love19
love1980
love1982
love1984
love1985
love1986
love1987
love1988
love1989
love1990
love1991
love1992
love1993
love1994
love1995
love1996
love1997
love1998
love1999
love2
love20
love2000
love2001
love2002
love2003
love2004
love2005
love2006
love2007
love2008
love2009
love2010
love2011
love2012
love2013
love21
love22
love23
love24
love247
love25
love26
love27
love28
love29
love2dance
love2hate
love2live
love2love
love2read
love2shop
love2u
love2you
love30
love32
love321
love33
love333
love34
love420
love44
love45
love456
love4all
love4eva
love4ever
love4god
love4life
love4love
love4me
love4u
love4you
love520
love5201314
love55
love555
love56
love5683
love66
love666
love67
love69
love6969
love77
love777
love7777
love78
love86
love87
love88
love89
love90
love91
love911
love92
love93
love94
love95
love96
love97
love98
love99
love999
loveable
loveable1
loveall
loveallah
lovealways
loveandhate
loveandpeace
loveangel
lovebaby
lovebear
lovebird
lovebirds
lovebites
loveboat
loveboy
lovebug
lovebug1
lovebug12
lovebug123
lovebug2
lovebugs
lovebunny
lovecat
lovecats
lovechild
lovecraft
loved
loved1
lovedad
lovedance
loveday
lovedetoi
lovedog
lovedogs
lovedove
lovee
loveee
loveel
lovefamily
lovefashion
lovefool
loveforeve
loveforever
lovegame
lovegames
lovegirl
lovegod
lovegod1
lovegood
loveguru
lovehate
lovehate1
loveheart
loveher
lovehim
lovehim1
lovehina
lovehina1
lovehurt
lovehurts
lovehurts1
loveindia
loveing
loveis
loveisall
loveisblind
loveisgod
loveisgood
loveisintheair
loveislife
loveislove
loveispain
loveit
lovejesus
lovejones
lovejoy
lovejoy1
lovekids
lovekills
lovekiss
lovekita
loveko
lovekoh
lovekoto
lovelace
loveland
loveless
loveless1
loveletter
lovelife
lovelife1
loveline
lovelisa
lovelive
lovell
lovelost
lovelove
lovelove1
lovelove12
lovelove123
lovelove2
lovelovelove
lovelv
lovely
lovely01
lovely09
lovely1
lovely10
lovely11
lovely12
lovely123
lovely13
lovely14
lovely16
lovely18
lovely2
lovely21
lovely22
lovely23
lovely3
lovely7
lovelyboy
lovelyday
lovelygirl
lovelylady
lovelyme
lovelyn
lovemama
loveman
loveme
loveme01
loveme08
loveme09
loveme1
loveme10
loveme101
loveme11
loveme12
loveme123
loveme1234
loveme13
loveme14
loveme143
loveme2
loveme21
loveme22
loveme23
loveme24
loveme3
loveme4
loveme4ever
loveme4me
loveme69
loveme99
lovemebaby
lovemedo
lovemenot
lovemenow
lovemetal
lovemike
lovemom
lovemom1
lovemommy
lovemoney
lovemonkey
lovemusic
lovemy
lovemykids
lovemylife
lovemyself
loveofmylife
loveone
lovepeace
lovepink
lovepussy
lover
lover1
lover101
lover11
lover12
lover123
lover1234
lover13
lover2
lover21
lover22
lover23
lover3
lover5
lover69
loverboi
loverboy
loverboy1
loverboy12
lovergirl
lovergirl1
lovergurl
loverman
loverock
loverose
lovers
lovers1
lovers11
lovers12
lovers123
lovers143
lovers2
lovers69
loverz
loves
loves1
loves123
lovesex
lovesexy
lovesick
lovesme
lovesong
lovespell
lovess
lovestar
lovestinks
lovestory
lovestory1
lovestruck
lovesu
lovesuck
lovesucks
lovesucks1
lovesux
lovesyou
loveteam
loveth
lovett
loveu
loveu1
loveu123
loveu2
loveu4ever
loveuall
loveumom
lovey
loveya
loveya1
loveya2
loveyah
loveydovey
loveyou
loveyou1
loveyou11
loveyou12
loveyou123
loveyou13
loveyou1314
loveyou2
loveyou22
loveyou3
loveyou4ever
loveyou7
loveyoubaby
loveyouforever
loveyu
lovezp1314
loving
loving1
loving123
lovingit
lovinglife
lovingly
lovingme
lovingu
lovingyou
lovingyou1
lovinit
lovinlife
low
lowdown
lowell
lowkey
lowlife
lowlow
lowrider
lowrider1
loxlox
loxpider
loyalty
loyalty1
loyola
lozada
lozano
lozinka
lozinka1
lp
lp123456
lp2568cskt
lpl
lplplp
lppnldtzx
lpz93kqw8q
lpz93ssskqw8q
lqb88ces6g
lqfg4hwt
ls02371228
ls123456
lsd123
lsdlsd
lsia9dnb9y
lsutigers
lsutigers1
ltdjxrf
lthgfhjkm
lthtdj
ltkmaby
ltybc123
ltybcrf
ltymub
lu
lu123456
lualua
luan
luan123
luana
luana123
luanda
luansantana
lubieplacki
lubomir
luc
luca
luca123
luca1234
lucaluca
lucario
lucario1
lucas
lucas007
lucas01
lucas1
lucas10
lucas100
lucas11
lucas12
lucas123
lucas1234
lucas12345
lucas123456
lucas123456789
lucas13
lucas157
lucas1994
lucas1996
lucas1997
lucas1998
lucas2
lucas2000
lucas2002
lucas2003
lucas2008
lucas2009
lucas2010
lucas22
lucaslucas
lucass
lucatoni
lucena
lucent
lucerito
lucero
lucette
luchino
luchito
lucia
lucia1
lucia123
lucian
luciana
luciana1
luciano
luciano1
lucie
lucie1
lucien
lucienne
lucifer
lucifer1
lucifer6
lucifer666
lucifero
lucila
lucile
lucilla
lucille
lucille1
lucinda
lucinda1
lucinka
lucio
luciole
lucita
lucius
luck
lucka
luckey
luckie
luckies
lucknow
lucky
lucky007
lucky01
lucky07
lucky08
lucky09
lucky1
lucky10
lucky100
lucky101
lucky11
lucky111
lucky12
lucky123
lucky1234
lucky13
lucky14
lucky15
lucky17
lucky18
lucky2
lucky21
lucky22
lucky23
lucky3
lucky4
lucky5
lucky6
lucky666
lucky69
lucky7
lucky77
lucky777
lucky8
lucky88
lucky888
lucky9
lucky99
lucky999
luckyboy
luckycat
luckycharm
luckycharms
luckyday
luckydog
luckydog1
luckyduck
luckygirl
luckylady
luckylucky
luckyluke
luckyman
luckyme
luckyme1
luckyone
luckys
luckystar
luckystrike
luckyy
luckyyou
lucozade
lucozade1
lucrecia
lucretia
lucrezia
lucy
lucy01
lucy11
lucy12
lucy123
lucy1234
lucybell
lucycat
lucydog
lucydog1
lucygirl
lucyloo
lucylou
lucylu
lucylucy
lud
ludacris
ludacris1
ludhiana
ludivine
ludlow
ludmila
ludmilla
ludo
ludovic
ludovica
ludovico
ludvig
ludwig
luffy
lufthansa
luftwaffe
lugano
luge789514
lugia
luglio
lugnut
lui
luigi
luigi1
luigi123
luis
luis12
luis123
luis1234
luis12345
luis123456
luisa
luisa1
luisalberto
luisangel
luiscarlos
luisfelipe
luisfigo
luisito
luisluis
luismi
luismiguel
luiz
luiz123
luiza
luk
luka
luka123
lukaluka
lukas
lukas08
lukas1
lukas12
lukas123
lukasek
lukasko
lukass
lukasz
lukasz1
lukasz12
lukasz123
lukaszek
luke
luke01
luke11
luke12
luke123
luke1234
lukeluke
luki
luki123
lukinhas
lukino
lukman
lul
lula
lulita
lullaby
lulu
lulu11
lulu12
lulu123
lulu1234
lulu889jdddd
lulubell
lulubelle
lululu
lulululu
luluzinha
lumber
lumberjack
lumiere
lumina
luminita
luminous
lumpi
lumpy
lun
luna
luna01
luna11
luna12
luna123
luna1234
luna13
luna2000
luna2008
lunallena
lunaluna
lunamoon
lunar
lunarossa
lunatic
lunatic1
lunatica
lunch
lunchbox
lunchbox1
lune
lunetta
lunette
lunettes
lunita
lupalagi
lupalupa
lupe
lupetto
lupin
lupin3
lupine
lupita
lupita1
lupo
lupus
luqman
luquinhas
lurker
luscious
luseiw574
lust
luster
lustig
luther
luther1
lutheran
luthien
lutscher
luv
luv123
luv2dance
luv2shop
luv4ever
luv4life
luvbug
luvluv
luvme
luvsux
luvu4ever
luvyah
luvyou
luxury
luzifer
lv80066368
lvbnhbq
lvbnhbq1
lwf1681688
lwf1681988
lwf1988688
lxf4zo1797
lxfn3bg952
lxgiwyl
lxlu4l5u9s
ly123456
ly8xzt1z4w
lyalya
lyce9rpani
lyd2011
lydcc20091314
lydia
lydia1
lydia123
lyh520ni
lyn
lynch
lynda
lyndon
lyndsay
lyndsey
lyndsey1
lynette
lynette1
lynlyn
lynlyn1
lynn
lynn123
lynne
lynne1
lynnette
lynnie
lynnlynn
lynsey
lynx
lyon
lyon69
lyonnais
lyric
lyrics
lysander
lytwa813ib
lyudmila
lz110110
lzhan16889
lzhan1689
lzz100200
m
m00m00
m00nlight
m0n0p0ly
m0nk3y
m0nkey
m0nst3r
m0nster
m0t0r0la
m123098
m123123
m12345
m123456
m1234567
m12345678
m123456789
m1234567890
m123456m
m1911a1
m1996m2928443
m1ch3ll3
m1cha3l
m1chael
m1chelle
m1cr0s0ft
m1dn1ght
m1garand
m1i2k3e4
m1m1m1
m1m1m1m1
m1m2m3
m1m2m3m4
m1m2m3m4m5
m1n2b3v4
m2g7u6o397
m3k8m3k8
m3tallica
m4a1ak47
m4carbine
m7777777
m8913001
m9fccfb795
ma
ma1234
ma123456
ma5m2ae8
maa
maaike
maarten
maasikas
mabaho
mabait
mabel
mabel1
mabelle
mabini
mabinogi
mabuhay
mac
mac123
mac123456
macaca
macaco
macaco123
macarena
macario
macarong
macaroni
macaroni1
macarrao
macattack
macbeth
macbeth1
macbook
macbook1
macbookpro
macca
macchia
macchina
macdaddy
macdaddy1
macdonald
macdre
macduff
macedo
macedonia
macgfan
macgregor
macgyver
machado
macherie
machete
machin
machina
machine
machine1
machinegun
machinehead
machines
machines1
macho
macho1
machoman
machupichu
macias
maciej
maciej1
maciek
maciek1
maciek11
maciek12
maciek123
macika
macilaci
macintosh
macintosh1
macius
mack
mack10
mackan
mackay
mackdaddy
mackenzie
mackenzie1
macker
mackey
mackie
mackmack
macko
macky
maclaren
macleod
macmac
macmac1
macman
macondo
maconha
macosx
macromedia
macros
macross
macross1
macross7
macska
macy
mad
mad123
mada
madafaka
madafaka1
madagascar
madagaskar
madalena
madalin
madalina
madalyn
madame
madani
madapaka
madara
madara123
madarchod
madball
madboy
madcap
madcat
madcow
maddalena
madden
madden06
madden07
madden08
madden09
madden1
madden10
madden11
madden12
maddi
maddie
maddie01
maddie1
maddie10
maddie11
maddie12
maddie123
maddin
maddison
maddison1
maddog
maddog1
maddog123
maddog2020
maddox
maddux
maddux31
maddy
maddy1
maddy123
madeinchina
madeira
madel
madelaine
madeleine
madeleine1
madeline
madeline1
madelyn
madelyn1
madelynn
mademan
mademoiselle
madera
madhatter
madhav
madhavan
madhavi
madhouse
madhu
madhu123
madhuri
madi
madiha
madina
madinina
madinina972
madison
madison01
madison02
madison03
madison04
madison05
madison06
madison07
madison08
madison09
madison1
madison10
madison11
madison12
madison123
madison13
madison2
madison22
madison3
madison4
madison5
madison6
madison7
madison8
madison9
madison99
madisyn
madiun
madlen
madmad
madman
madman1
madman12
madman123
madmax
madmax1
madmax12
madmax123
madmike
madness
madness1
madness7
madoka
madona
madonna
madonna1
madras
madrid
madrid1
madrid10
madrid123
madridista
madrigal
madrox
madryt
mads
madsen
madura
madurai
madworld
madyson
madzia
madzia1
mae
mae123
maeann
maegan
maelle
maelstrom
maelys
maemae
maemae1
maepai
maestra
maestro
maestro1
maeteamo
maeva
maf
mafalda
mafamille
mafemme
maffia
mafia
mafia1
mafia123
mafia2
mafiawars
mafija
mafille
mafioso
mag
mag123
maga
magadan
magalhaes
magali
magalie
magaling
magallanes
magalona
magaly
maganda
maganda1
magandaako
magandaako1
magandako
magayon
magazin
magazine
magbanua
magda
magda1
magda123
magdalena
magdalena1
magdalene
magdalo
magdeburg
mage
mage1991
magelang
magellan
magenta
magenta1
maggi
maggie
maggie00
maggie01
maggie02
maggie03
maggie05
maggie06
maggie07
maggie08
maggie09
maggie1
maggie10
maggie11
maggie12
maggie123
maggie13
maggie14
maggie16
maggie2
maggie21
maggie22
maggie23
maggie24
maggie3
maggie33
maggie7
maggie77
maggie88
maggie99
maggiedog
maggiemae
maggiemay
maggiemay1
maggiemoo
maggio
maggot
maggot1
maggot666
maggy
magic
magic1
magic101
magic11
magic12
magic123
magic1234
magic13
magic2
magic3
magic32
magic5
magic666
magic7
magic8
magica
magical
magical1
magicaroma
magician
magician1
magicien
magick
magick1
magicmagic
magicman
magicman1
magico
magics
magicworld1
magie
magier
magik
magina
magique
magister
magistr
magmag
magnat
magnavox
magnesium
magnet
magnetic
magneto
magnificent
magnifico
magno
magnolia
magnolia1
magnum
magnum1
magnum12
magnum123
magnum357
magnum44
magnus
magnus1
magnus123
magodeoz
magomed
magoo
magoo1
magpie
magpies
magpies1
magritte
maguire
magyar
mah
maha
mahadev
mahadewi
mahal
mahal1
mahal143
mahala
mahalakshmi
mahalaxmi
mahalcoh
mahalkita
mahalkita1
mahalkita143
mahalkita2
mahalko
mahalko1
mahalkoh
mahalkoh1
mahalnamah
mahalo
mahalq
mahalq1
mahalqoh
mahanzhong
maharaj
maharaja
maharani
maharlika
maharot
mahatma
mahaveer
mahavir
mahdi
maheen
mahendra
mahesh
mahesh123
maheswari
mahima
mahimahi
mahina
mahinay
mahindra
mahjong
mahler
mahmood
mahmoud
mahmud
mahmut
mahnoor
mahogany
mahoney
mahusay
mai
mai03qor16
mai123
maia
maiale
maianh
maica
maicol
maicon
maiden
maiden1
maiden666
maihime
maihuong
maikel
mail
mail.ru
mail123
mail1234
mailbox
mailbox1
mailinator2009
mailkuliev
mailliw
mailmail
mailman
mailman1
mailme
mailru
mailys
maimai
maimai1
maimaiyeuem
maimouna
maimuna
maimuta
maimuta123
main
mainboard
maincra
maine
maine1
mainframe
mainmain
mainman
mainstreet
maint
maintain
maintenance
mainz05
maio0767
maiphuong
maira
maisarah
maisey
maisie
maisie1
maison
maissa
maitai
maitre
maitreya
maiyeu
maiyeuanh
maiyeuem
maiyeuminhem
maiyeunguoi
maj
maja
maja123
majamaja
majeczka
majere
majestic
majestic1
majestic12
majesty
majesty1
majid
majika
majinbuu
majka
majka1
majmun
major
major1
major123
majora
mak
mak123
maka
makaay
makaila
makaka
makala
makamaka
makan
makana
makanan
makarena
makarna
makaron
makaroni
makarov
makarova
makassar
makati
makaveli
makaveli1
makaveli7
makavelli
makayla
makayla1
makbool1
make
makeawish
makedonija
makeit
makeitso
makelele
makelove
makeme
makemoney
makemoney1
makemyday
makena
makenna
makenna1
makenzie
makenzie1
makeover
makermoney
makeup
makeup1
maki
makimaki
makina
making
makingmoney
makita
makkara
makmak
mako
makomako
makoto
maks
maks123
maks1234
maks12345
maks1995
maks1998
maks1999
maks2000
maks2001
maks2002
maks2003
maks2005
maks2010
maksik
maksim
maksim12
maksim123
maksim2002
maksim2425
maksimka
maksimus
maksio
maksiu
maksmaks
maktub
makulet
makulit
makulit1
makumba
makuta
mal
mal123
mala
malabar
malachi
malachi1
malacka
malade
malaga
malagu
malaguti
malaika
malaikat
malak
malaka
malakai
malakai1
malakas
malakas1
malaki
malakian
malala
malamute
malandi
malandro
malang
malaria
malate
malathi
malatya
malatya44
malavika
malawi
malaya
malayalam
malaysia
malaysia1
malboro
malboro1
malcolm
malcolm1
malcolmx
malcom
maldini
maldini3
maldita
maldita1
malditah
maldito
maldives
maldonado
male
malena
malene
malenka
malfoy
malgorzata
malgosia
malhotra
mali
maliba
malibog
malibu
malibu1
malice
malicia
malick
malik
malik1
malik123
malik786
malika
malika123
malin
malina
malina1
malinao
malinda
maling
malini
malinka
malinois
malisa
malish
malishka
malkavian
malkin71
mallard
mallard1
mallari
mallika
mallorca
mallorca1
mallory
mallory1
mallow
mallrats
malmal
malmalmal
malmsteen
malo
malone
maloney
malorie
malory
malossi
malou
malpa
malpa1
malta
maltese
malteser
maluca
maluch
maluco
malupet
malutka
malvern
malvin
malvina
malware
malwarebytes
malwina
mam
mam123
mama
mama00
mama01
mama0107415613
mama1
mama10
mama11
mama111
mama1111
mama12
mama1212
mama123
mama1234
mama12345
mama123456
mama123456789
mama13
mama1950
mama1960
mama1961
mama1963
mama1964
mama1965
mama1966
mama1970
mama1972
mama1973
mama1974
mama1975
mama1976
mama1977
mama1978
mama1979
mama1980
mama1981
mama1995
mama1996
mama1997
mama1998
mama1999
mama2000
mama2001
mama2002
mama2003
mama2004
mama2008
mama2009
mama2010
mama2011
mama2012
mama21
mama22
mama23
mama55
mama777
mama99
mamababa
mamabear
mamacita
mamada
mamadada
mamadou
mamae
mamae123
mamaia
mamaie
mamaitata
mamako
mamaku
mamaliga
mamalove
mamama
mamama1
mamamama
mamamama1
mamamary
mamamia
mamamia1
mamamia123
mamamija
mamamiya
maman
maman1
maman123
mamana
mamancherie
mamang
mamani
mamanjetaime
mamanjtm
mamanpapa
mamans
mamapapa
mamapapa1
mamapapa12
mamapapa123
mamas
mamasboy
mamasgirl
mamasita
mamasita1
mamata
mamatata
mamatata1
mamateamo
mamatha
mamaundpapa
mamaypapa
mamba
mambo
mamedov
mamemame
mamere
mami
mami123
mami1992
mamica
mamie
mamimami
mamina
maminka
mamipapi
mamita
mamka
mamma
mamma1
mamma12
mamma123
mammam
mammamamma
mammamia
mammamia1
mamman
mammapappa
mammas
mammina
mammoth
mammoth1
mammut
mamo4ka
mamochka
mamomamo
mamont
mamoru
mamoune
mamounette
mamour
mamta
mamulya
mamusia
mamusia1
mamuska
mamyte
man
man123
man12345
man123456
mana
manado
manage
management
manager
manager1
manager123
managua
manali
manalo
manamana
manana
manang
manansala
manasa
manasi
manatee
manatee1
manbearpig
mancha
manchas
manchest
manchester
manchester1
manchester12
manchester123
manchester7
manchesterunited
manchild
manchita
manchitas
manchu
mancini
mancity
mancity1
manda
manda1
mandala
mandalay
mandalina
mandar
mandarin
mandarina
mandarine
mandarinka
mandarino
mandee
mandeep
mandel
mandela
mander
manders
mandi
mandie
mandingo
mandiri
mandolin
mandragora
mandrake
mandy
mandy1
mandy123
mandymoore
maneater
manel
manele
manelle
manfred
manfred1
manga
manga1
manga123
mangaka
mangal
mangala
mangalore
mangas
mangatraders
mangekyou
manger
mangesh
mangga
mangle
mango
mango1
mango123
mangoes
mangoo
mangos
mangue
mangusta
manhater
manhattan
manhattan1
manhcuong
manhhung
manhtuan
manhunt
mani
mani123
mani1234
mania
maniac
maniac1
maniak
manics
maniek
maniek1
maniek12
maniek123
manies
maniez
manifest
manika
manikandan
manila
manila1
manilow
manilyn
manimani
maninblack
maninder
manis
manisa
manisa45
manish
manish123
manisha
manita
manitoba
manitou
manjeet
manjit
manju
manju123
manjula
manjunath
manjusha
mankind
mankind1
manloloko
manman
manman1
manman12
manman123
manmanman
mann
manna
mannen
manner
manners
mannheim
manni
mannie
manning
manning1
manning10
manning18
mannix
manny
manny1
manny123
manny24
mano
mano123
manocska
manoel
manofgod
manofsteel
manohar
manoj
manoj123
manojkumar
manojmanoj87
manok
manoka
manola
manolete
manolito
manolo
manolo123
manoman
manomano
manon
manon1
manong
manorama
manou
manouche
manowar
manowar1
manpower
manpreet
mansell
mansfield
mansikka
mansion
manson
manson1
manson666
mansoor
mansour
mansur
manta
mantap
mantap0101
mantap87654
mantaray
mantas
mantas123
manteca
mantha
manticore
mantis
mantle
mantra
manu
manu11
manu12
manu123
manu1234
manu4eva
manu4ever
manu4life
manual
manuchao
manuel
manuel01
manuel1
manuel10
manuel11
manuel12
manuel123
manuel13
manuela
manuela1
manuelito
manuella
manumanu
manunited
manunited1
manunited7
manusia
manutd
manutd01
manutd07
manutd08
manutd09
manutd1
manutd10
manutd11
manutd12
manutd123
manutd1999
manutd7
manutd99
manutdfc
manwhore
manyak
manyakis
manzana
manzanita
manzano
maomao
maomao123
map
mapache
mapagmahal
mapet123
mapet123456
maple
maple1
maple123
mapleleaf
mapleleafs
maples
maplesea
maplestory
maplestory1
maplewood
maps
mapuce
maquina
mar
mar0120mar
mar123
mara
maraca
maracaibo
maracana
maracuja
maradona
maradona1
maradona10
marajade
marakana
maramara
maranata
maranatha
maranda
maranello
marantz
marasigan
marat
marathon
marathon1
maraton
marauder
maravilha
maravilla
marazali
marbella
marble
marbles
marbles1
marc
marc123
marc1234
marceau
marcel
marcel01
marcel1
marcel11
marcel12
marcel123
marcela
marcela1
marcelina
marcelinho
marcelino
marcelita
marcelka
marcell
marcella
marcella1
marcelle
marcello
marcellus
marcelo
marcelo1
marcelo10
marcelo123
march
march03
march08
march1
march10
march11
march12
march123
march13
march14
march15
march16
march17
march18
march19
march2
march20
march21
march22
march23
march24
march25
march26
march27
march28
march29
march3
march30
march31
march4
march5
march6
march7
march8
march9
marchand
marche
marchewka
marching
marci
marcia
marcia1
marcial
marciano
marcie
marcin
marcin1
marcin11
marcin12
marcin123
marcin13
marcinek
marcinek1
marcio
marcmarc
marco
marco1
marco12
marco123
marco1234
marcoantonio
marcolino
marcomarco
marconi
marcopolo
marcopolo1
marcos
marcos1
marcos10
marcos12
marcos123
marcus
marcus01
marcus1
marcus10
marcus11
marcus12
marcus123
marcus13
marcus1988
marcus21
marcus22
marcus23
marcus99
marcy
mardan
mardigras
mardin
mardin47
marduk
mare
marecek
mareczek
mareike
marek
marek1
marek123
maremare
maremma
maren
marena
marengo
marga
margaret
margaret1
margareta
margarete
margareth
margarette
margarida
margarita
margarita1
margate
margaux
marge
margera
margera1
marghe
margherita
margie
margie1
margit
margo
margo1
margosha
margot
margotte
margret
marguerite
marhaba
mari
mari123
mari1234
maria
maria01
maria1
maria10
maria11
maria12
maria123
maria1234
maria12345
maria13
maria15
maria2
maria200
maria2000
maria22
maria23
mariaa
mariachi
mariaclara
mariaeduarda
mariaelena
mariafe
mariafernanda
mariage
mariagrazia
mariah
mariah1
mariah12
mariah123
mariahcarey
mariajose
marial
marialuisa
marialuiza
mariam
mariam123
mariama
mariamaria
mariami
marian
marian1
marian12
marian123
mariana
mariana1
mariana12
mariana123
mariane
marianela
mariangela
marianita
mariann
marianna
marianna1
marianne
marianne1
mariano
mariano1
mariapia
mariarita
mariarosa
marias
mariateresa
mariatkm
maribel
maribel1
maribeth
marica
maricar
maricar1
maricarmen
maricel
maricel1
maricela
marichu
maricon
maricopac
maricor
maricris
marie
marie01
marie1
marie10
marie11
marie12
marie123
marie13
marie14
marie15
marie16
marie2
marie21
marie22
marie23
marie3
marie5
marie7
mariee
marieke
mariel
mariel1
mariela
marielaure
mariella
marielle
mariem
mariemarie
maries
marieta
marietta
mariette
marife
marifer
marigold
mariguana
marihuana
marihuana1
marija
marijana
marijane
marijke
marijo
marijuana
marijuana1
marijuana420
marika
marikina
mariko
marilena
marilene
marilia
marillion
marilou
marilu
marilyn
marilyn1
marilynmanson
marimar
marimar1
marimari
marimba
marin
marina
marina01
marina1
marina10
marina11
marina12
marina123
marina13
marina2010
marina22
marina55
marina777
marina88
marine
marine01
marine1
marine11
marine12
marine123
marine13
marinecorps
marinel
marinela
marinella
mariner
marinero
mariners
mariners1
marines
marines1
marinette
marinha
marinho
marinka
marino
marino13
mario
mario007
mario1
mario10
mario11
mario12
mario123
mario1234
mario12345
mario13
mario2
mario22
mario3
mario5
mario64
mario66
mario7
mariobros
mariokart
mariola
marioluigi
marioman
mariomario
marion
marion1
marion123
marionette
marioo
marios
mariposa
mariposa1
mariposas
maris
marisa
marisa1
marisela
marisha
marishka
mariska
marisol
marisol1
marissa
marissa1
marissa123
marist
marita
marites
maritess
maritime
marito
maritza
maritza1
marius
marius1
marius12
marius123
mariusz
mariusz1
marivic
marivic1
mariwana
mariya
mariz
mariza
marjan
marjo
marjon
marjorie
marjorie1
marjun
mark
mark01
mark1
mark10
mark11
mark12
mark123
mark1234
mark12345
mark123456
mark13
mark14
mark18
mark1998
mark21
mark22
mark23
mark_963
markangelo
markanthon
markanthony
markel
marker
market
market1
marketa
marketing
marketing1
markey
markham
markie
markiz
markiza
markjohn
markjoseph
marklester
markmark
marko
marko1
marko123
markopolo
markos
markpogi
marks
marksman
markus
markus1
markus12
markus123
marky
marky1
markymark
marla
marlb0r0
marlboro
marlboro1
marlee
marleen
marlen
marlena
marlena1
marlene
marlene1
marley
marley01
marley1
marley10
marley11
marley12
marley123
marley420
marlie
marlies
marlin
marlin1
marlina
marlins
marlins1
marlo
marlon
marlon1
marlon123
marlou
marlow
marlowe
marlyn
marmaduke
marmalade
marmalade1
marmar
marmara
marmaris
marmaris48
marmelad
marmelada
marmelade
marmite
marmite1
marmolada
marmot
marmota
marmotta
marmotte
marni
marnie
maroc
maroc2010
marocain
marocaine
marocco
marokko
maromaro
maroon
maroon5
marosszeme5
marouane
marques
marquette
marquez
marquez1
marquis
marquis1
marquise
marrakech
marriage
marriage1
married
married1
married2
marriott
marron
marry
marryme
mars
mars123
mars1234
mars13
marsbar
marsbar1
marsbars
marsden
marseill
marseillais
marseille
marseille1
marseille13
marsel
marsh
marsha
marsha11
marshal
marshal1
marshall
marshall1
marshmallow
marshmellow
marshy
marsik
marsmars
marsupilami
marsvolta
mart
mart1n
marta
marta1
marta12
marta123
martas
marte
martel
martell
martello
marten
martens
martes
martes13
martha
martha1
martha123
marthe
marti
martial
martian
martie
martijn
martin
martin01
martin06
martin08
martin09
martin1
martin10
martin11
martin12
martin123
martin1234
martin13
martin14
martin15
martin16
martin18
martin19
martin2
martin20
martin21
martin22
martin23
martin24
martin5
martin6
martin69
martin7
martin77
martin87
martin88
martin98
martin99
martina
martina1
martina123
martine
martine1
martinek
martines
martinez
martinez1
martinez123
martinha
martini
martini1
martinique
martinka
martinko
martino
martins
martins1
martinus
martita
marton
martusia
martusia1
marty
marty1
marty123
martyn
martyna
martyna1
martynas
martynka
martyr
maruchan
maruja
marumaru
marusa
marusia
maruska
marusya
maruthi
maruti
maruyama
marvel
marvel1
marvel123
marvellous
marvelous
marvic
marvie
marvin
marvin01
marvin1
marvin11
marvin12
marvin123
marwan
marwin
mary
mary11
mary12
mary123
mary1234
maryam
maryam123
maryan
maryann
maryann1
maryanne
marybeth
maryellen
marygrace
marygrace1
maryjane
maryjane1
maryjane420
maryjean
maryjo
maryjoy
maryjoy1
marykate
marykay
maryland
maryland1
marylin
maryline
marylou
marymary
maryna
marypoppins
maryrose
maryrose1
maryse
marysia
marysia1
marzena
marzena1
marzia
marzipan
marzocchi
mas
mas123
masa
masacre
masada
masafumi
masaharu
masahiko
masahiro
masaka
masakari
masakazu
masaki
masako
masakra
masala
masamasa
masamune
masamune1
masana
masanori
masarap
masataka
masaya
masayuki
mascara
mascha
mascot
mascota
mascotte
masenko
maserati
mash
mash4077
masha
masha1
masha123
masha1998
mashamasha
mashenka
masher
mashimaro
mashina
mashka
masina
masina123
masini
masinuta
masivers
mask
maslo
maslo1
maslo123
masmas
mason
mason1
mason12
mason123
mason2
masons
masood
masquerade
mass
massacre
massage
massage1
massari
masseffect
masseffect2
massey
massi
massie
massilia
massimiliano
massimo
massimo1
massiv
massive
massive1
masson
masssitessd
masta
master
master0
master00
master001
master007
master01
master02
master04
master06
master07
master08
master09
master1
master10
master100
master101
master11
master111
master117
master12
master123
master1234
master12345
master13
master14
master15
master16
master17
master18
master19
master2
master20
master2000
master2005
master2006
master21
master22
master23
master24
master25
master27
master28
master3
master32
master321
master33
master44
master45
master5
master55
master555
master56
master66
master666
master69
master7
master77
master777
master79
master85
master86
master87
master88
master89
master9
master90
master92
master93
master99
master999
masterb8
masterbate
masterblaster
masterboy
mastercard
masterchef
mastercheif
masterchief
masterchief1
masterchief117
masterkey
masterkiller
masterking
masterman
mastermaster
mastermind
mastermind1
masterp
masterp1
masterpiece
masterplan
masterpogi
masters
masters1
mastersword
masterx
masteryoda
mastiff
masturbate
masuk123
masukaja
masya2023232
masyanya
mat
mat123
mata
mata123
mataba
mataclsea86
matador
matador1
matahari
matahariku
mataji
matako
matalino
matamata
matamu
matata
match
match1
matchbox
matchbox20
matches
mate
matej
mateja
matematica
matematicas
matematik
matematika
matematyka
mateo
mateo1
mateo123
materazzi
materia
material
mates
matet
mateus
mateus12
mateus123
mateusz
mateusz1
mateusz11
mateusz12
mateusz123
mateusz2
mateuszek
mateuszek1
math
math123
math1234
mathematic
mathematics
mathematicszx3d56
matheo
mather
mathers
matheus
matheus1
matheus10
matheus12
matheus123
mathew
mathew1
mathew123
mathews
mathias
mathias1
mathias123
mathieu
mathieu1
mathilda
mathilde
mathis
mathys
mati
mati11
mati12
mati123
mati1234
matias
matias1
matias12
matias123
matija
matilda
matilda1
matilde
matisse
matisse1
matita
matkhau
matkhau1
matkhau123
matlock
matman
matmat
matonline
matr1x
matrimonio
matrix
matrix00
matrix007
matrix01
matrix1
matrix10
matrix11
matrix12
matrix123
matrix13
matrix2
matrix21
matrix22
matrix23
matrix3
matrix666
matrix69
matrix77
matrix88
matrix99
matrixx
matrox
matsumoto
matt
matt01
matt1
matt10
matt11
matt12
matt123
matt1234
matt13
matt21
matt22
matt23
matt6288
matteo
matter
matterhorn
matters
mattew
matthardy
matthe
matthew
matthew0
matthew01
matthew02
matthew03
matthew04
matthew05
matthew06
matthew07
matthew08
matthew09
matthew1
matthew10
matthew11
matthew12
matthew123
matthew13
matthew14
matthew15
matthew16
matthew17
matthew18
matthew19
matthew2
matthew21
matthew22
matthew23
matthew24
matthew25
matthew3
matthew4
matthew5
matthew6
matthew7
matthew8
matthew9
matthew95
matthew97
matthew98
matthew99
matthews
matthews1
matthias
matthias1
matthieu
matthijs
matti
mattia
mattias
mattie
mattie1
mattingly
mattis
mattman
mattmatt
matttt24
matty
matty1
matty123
matumoto
mature
matusko
matute
matveeva
matvei
matvey
matyas
matylda
matysek
matze
mau
maud
maude
maui
maulana
maulwurf
maumau
maura
maureen
maureen1
mauri
maurice
maurice1
mauricette
mauricio
mauricio1
maurine
mauritius
maurizio
mauro
mauro123
maus
mauser
mausi
mausi1
mausi123
mausie
mausilein
mausmaus
mautauaja
mav
maver1ck
maveric
maverick
maverick1
maverick12
maverick123
maverick7
mavericks
mavericks1
maverik
mavis
mavrick
mawmaw
max
max007
max1
max100
max101
max111
max123
max1234
max12345
max123456
max123456789
max2000
max2001
max2002
max2003
max2004
max2005
max2006
max300
max333
max666
max777
maxamillion
maxcat
maxdata
maxdog
maxell
maxence
maxene
maxfli
maxi
maxi123
maxi1234
maxie
maxie1
maxie123
maxiking
maxim
maxim1
maxim123
maxim1935
maxim2002
maxim2005
maxima
maxima1
maximal
maximaxi
maxime
maxime123
maximilian
maximilian1
maximiliano
maximilien
maximillian
maximillion
maximka
maximka12
maximo
maximum
maximum1
maximus
maximus1
maximus123
maximus2
maxine
maxine1
maxito
maxman
maxmax
maxmax1
maxmax11
maxmax12
maxmax123
maxmaxmax
maxmotives
maxou
maxpayne
maxpayne1
maxpayne2
maxpoeikl
maxpower
maxpower1
maxsteel
maxthecat
maxthedog
maxtor
maxwel
maxwell
maxwell1
maxwell11
maxwell12
maxwell123
maxwell2
maxwell7
maxx
maxxam
maxxie
maxxtro
maxxxx
may
may123
may2006
maya
maya12
maya123
maya1234
mayamaya
mayang
mayank
mayann
mayara
maybach
maybe
maybelle
mayberry
mayday
mayday1
mayeth
mayfair
mayfair1
mayfield
mayflower
mayhem
maylis
maymay
maymay1
maymun
maynard
maynard1
mayo
mayotte
mayowa
mayra
mayson
mayumayu
mayumi
mayuri
maz
mazafaka
mazahaka
mazatlan
mazda
mazda1
mazda123
mazda3
mazda323
mazda323f
mazda6
mazda626
mazdamx3
mazdamx5
mazdamx6
mazdarx7
mazdarx8
mazeltov
mazinga
mazinger
mazsola
mazzer
mba2010p4
mc
mc1234
mc123456
mcbride
mccall
mccann
mccarthy
mccartney
mccormick
mcdaniel
mcdonald
mcdonald1
mcdonalds
mcdonalds1
mcdonals
mcdowell
mcduff
mcfadden
mcflurry!
mcfly
mcfly1
mcfly123
mcgill
mcgrady
mcgrady1
mcgrath
mcgraw
mcgregor
mcguire
mchammer
mcintosh
mcintyre
mckayla
mckenna
mckenna1
mckenzie
mckenzie1
mckinley
mckinney
mcknight
mclaren
mclaren1
mclarenf1
mclaughlin
mclean
mcleod
mclovin
mclovin1
mcmahon
mcmaster
mcmcmc
mcmillan
mcnabb
mcnabb5
mcpherson
mcqueen
mcr123
mdoredma
mdxpaeikl
me
me123
me1234
me12345
me123456
me2you
me4ever
mea
meaculpa
meadow
meadows
meagain
meagan
meaghan
meandme
meandu
meandyou
meandyou1
meangirls
meanne
meat
meatball
meatball1
meatballs
meathead
meathead1
meatloaf
meatloaf1
meatman
meatwad
meatwad1
mec
mecanica
mecanico
mecano
mechanic
mechanic1
mechanical
mechelle
mechta
mechwarrior
mecool
med
medalofhonor
medecine
medeiros
medellin
medford
media
media1
media123
mediacontact
mediapro
medias
medic
medic1
medical
medical1
medicina
medicine
medicine1
medico
medieval
medievil
medina
medina1
medine
medion
medion1
medion12
medion123
meditate
meditation
mediterraneo
medium
medley
medrano
medtech
medusa
meduza
medved
medvedev
medvidek
mee
meeeee
meeko
meemee
meena
meenakshi
meenu
meep
meepmeep
meera
meerkat
meesha
meeting
meetme
mefisto
meg
meg123
mega
mega123
mega1234
megabass
megabyte
megadeath
megadeth
megadeth1
megafon
megalodon
megaman
megaman0
megaman1
megaman12
megaman123
megaman2
megaman3
megaman7
megaman8
megamanx
megamanx1
megamanx8
megamanzero
megamega
megamind
megan
megan01
megan1
megan11
megan12
megan123
megan1234
megan2
megane
meganfox
megans
megaparol
megaparol12345
megapolis
megasecret
megastar
megatest
megatron
megatron1
megaware
meggan
meggie
megha
meghan
meghan1
meghana
meghna
megmeg
megryan
megumegu
megumi
megusta
meh
mehdi
mehmeh
mehmet
mehmet123
mehmetali
mehmetcan
mehran
mehtap
mehwish
mei
meiling
meimei
meimima
meiner
meins
meinschatz
meisha
meisme
meister
meister1
meiyoumima
mekmek
meknes
mel
mel123
mela
melancholy
melancia
melani
melania
melanie
melanie01
melanie1
melanie12
melanie123
melanie2
melany
melapelas
melati
melbert
melbourne
melbourne1
melchior
melchor
melek
melek123
melendez
melgibson
meli
melike
melimelo
melina
melinda
melinda1
meline
melis
melisa
melisa1
melisa123
meliss
melissa
melissa01
melissa1
melissa10
melissa11
melissa12
melissa123
melissa13
melissa2
melissa21
melissa22
melissa23
melissa3
melissa5
melissa69
melissa7
melissa8
melissa9
melita
meliza
melkor
mellie
mellisa
mellissa
mello
mellon
mellow
mellow1
melly
melmel
melnik
melo
melo15
melocoton
melodi
melodia
melodie
melodies
melody
melody1
melody12
melody123
melon
melon1
melon123
melone
melonhead
melons
melove
melrose
melrose1
meltdown
meltem
melton
melusine
melville
melvin
melvin1
melvin123
melvyn
melzinha
mem
member
member1
members
membership
meme
meme12
meme123
meme1234
memek
mememe
mememe1
mememe123
memememe
memento
mementomori
memere
memito
memnoch
memo
memo123
memoire
memole
memoli
memomemo
memorex
memorex1
memoria
memorial
memories
memories1
memory
memory1
memphis
memphis1
memphis10
memyself
memyselfandi
memyselfi
men
menace
menard
menchie
mendel
mendes
mendez
mendieta
mendiola
mendoza
mendoza1
mendoza123
meneketehe
meneses
mengao
menghuan
mengmeng
menina
meninblack
menmen
menorca
menotu
mensah
mensch
mensuck
mental
mental1
mentari
menthol
mentira
mentor
mentos
meocon
meomeo
meonly
meow
meow123
meow1234
meowmeow
meowmeow1
meowmix
meowmix1
meowth
mephisto
mer
mercado
mercado1
mercator
merced
mercedes
mercedes1
mercedes12
mercedes123
mercedes2
mercedesbenz
mercedez
mercenary
mercer
merchant
merci
mercredi
mercure
mercurial
mercurio
mercury
mercury1
mercury7
mercutio
mercy
mercy1
merda
merda123
merdaccia
merdamerda
merdas
merde
merdeka
merdeka45
merdes
meredith
meredith1
merengue
merhaba
meriam
merida
meridian
meridian1
meriem
merijaan
merino
meriva
merkur
merl1n
merle
merlin
merlin01
merlin1
merlin10
merlin11
merlin12
merlin123
merlin13
merlin21
merlin22
merlin69
merlin99
merlina
merlino
merlot
merlyn
mermaid
mermaid1
mermaids
mermer
meromero
merpati
merrick
merrill
merrill1
merritt
merry
mersedes
mersin
mersin33
mert
mert123
mertcan
mertmert
merton
merve
merve123
merveille
mervem
mervin
mervyn
meryem
mes
meshmesh
meshuggah
mesmer83
message
message1
messages
messenger
messenger1
messer
messi
messi1
messi10
messi100
messi123
messi19
messiah
messiah1
messias
messier
messier11
messina
mester
mestre
met
metaknight
metal
metal1
metal123
metal4ever
metal4life
metal666
metalcore
metalero
metalgear
metalgear1
metalgear4
metalgearsolid
metalhead
metalhead1
metalica
metalica1
metalika
metall
metall1ca
metallic
metallica
metallica0
metallica1
metallica11
metallica12
metallica123
metallica2
metallica3
metallica6
metallica666
metallica7
metallica8
metallica9
metalman
metals
metalslug
metanoia
metatron
metaxa
metehan
meteor
meteora
meteora1
meteoro
metheny
method
methodist
methodman
methos
metin
metin123
metin2
metoo
metoyou
metro
metro1
metro123
metro2033
metroid
metroid1
metropol
metropolis
mets
mets1986
metzger
meuamor
meunome
mew
mewmew
mewmewpower
mewtwo
mexicali
mexican
mexican1
mexican13
mexicana
mexicano
mexico
mexico01
mexico1
mexico10
mexico11
mexico12
mexico123
mexico13
mexico2
mexico23
mexico86
mexico99
mexiko
mexique
meyer
meyers
mezzomix
mfkftrfue1
mgoblue
mgr
mh@270481
mhaldita
mhiedhie
mhine
mhine08
mhine1
mhine18
mhine23
mhineko
mhinekoh
mhineq
mhineqoh
mi
mi123456
mia
mia123
miabella
miaka
miami
miami1
miami123
miami13
miami305
miamia
miamibeach
miamiheat
miamiheat1
miamiheat3
miamivice
miamor
miamor1
miamore
miangel
miankiller
miaomiao
miaumiau
mibansi567
mibebe
mic
mic123
mica
micael
micaela
micaela1
micah
micah1
micah123
micasa
mich
mich3ll3
micha
michae
michael
michael0
michael00
michael01
michael02
michael03
michael04
michael05
michael06
michael07
michael08
michael09
michael1
michael10
michael11
michael12
michael123
michael1234
michael12345
michael13
michael14
michael15
michael16
michael17
michael18
michael19
michael2
michael20
michael21
michael22
michael23
michael24
michael25
michael26
michael27
michael28
michael29
michael3
michael30
michael33
michael4
michael5
michael6
michael69
michael7
michael77
michael8
michael84
michael87
michael88
michael89
michael9
michael90
michael91
michael92
michael93
michael94
michael95
michael96
michael97
michael98
michael99
michaela
michaela1
michaelb
michaelc
michaelj
michaeljac
michaeljackson
michaeljordan
michaell
michaella
michaelm
michaelp
michaels
michal
michal1
michal11
michal12
michal123
michal13
michalek
michalka
michas
miche11e
micheal
micheal1
micheal123
michel
michel1
michel123
michela
michelangelo
michele
michele1
michelin
micheline
michelino
michell
michelle
michelle01
michelle07
michelle08
michelle09
michelle1
michelle10
michelle11
michelle12
michelle123
michelle13
michelle14
michelle15
michelle17
michelle18
michelle19
michelle2
michelle20
michelle21
michelle22
michelle23
michelle24
michelle3
michelle4
michelle5
michelle6
michelle69
michelle7
michelle8
michelle9
michelle99
michelob
michi
michi1
michi123
michie
michiel
michigan
michigan1
michiko
michoacan
michou
micimacko
micio
micione
mick
mickael
micke
mickey
mickey01
mickey07
mickey08
mickey1
mickey10
mickey11
mickey12
mickey123
mickey13
mickey14
mickey16
mickey17
mickey2
mickey21
mickey22
mickey23
mickey69
mickey7
mickey77
mickey99
mickeymous
mickeymouse
mickeymouse1
mickie
mickmick
micky
micky1
micky123
mickymouse
micmac
micmic
micr0s0ft
micro
micro1
micro123
microbe
microbiology
microchip
microlab
microlab1
micromax
micron
microphone
micros
micros1
micros100
microscan
microsof
microsoft
microsoft1
microsoft123
microstar
microtek
microwave
mid
midas
midcont
middle
middlesbrough
middleton
midgar
midgard
midget
midget1
midian
midiland
midland
midnight
midnight01
midnight1
midnight12
midnight123
midnight13
midnight2
midnight3
midnight7
midnite
midnite1
midnitespot
midomido
midori
midtown
midway
midwest
midwife
miemie
miercoles
mierda
mierda1
mierda12
mierda123
mierdas
mietek
mifamilia
mig
miggy
mighty
mighty1
mightyman
mightymouse
migmig
mignon
migrationschool
miguel
miguel01
miguel1
miguel10
miguel11
miguel12
miguel123
miguel13
miguel23
miguel5760
miguelangel
miguelito
mihael
mihaela
mihai
mihail
mihaita
mihnea
mihoaoki
mihomiho
mik
mika
mika123
mika1234
mika776
mikado
mikael
mikael123
mikaela
mikaela1
mikaella
mikail
mikala
mikamika
mikasa
mikayla
mikayla1
mikazuki
mike
mike00
mike007
mike01
mike09
mike1
mike10
mike11
mike12
mike123
mike1234
mike12345
mike123456
mike13
mike14
mike15
mike16
mike17
mike18
mike1980
mike1985
mike1991
mike20
mike2000
mike2010
mike21
mike22
mike23
mike24
mike25
mike33
mike55
mike6453
mike69
mike77
mike88
mike99
mikee
mikejones
mikejones1
mikel
mikela
mikele
mikeman
mikemike
mikemike1
mikeneko
mikes
mikesch
mikeshinoda
miketyson
mikey
mikey1
mikey12
mikey123
mikey2
mikeys
mikhail
miki
miki12
miki123
miki1234
mikica
mikimaus
mikimiki
mikkel
mikkel123
mikki
mikko
miklos
mikmik
miko
mikola
mikolaj
mikolaj1
mikomiko
mikrofon
mikumiku
mil
mila
milacek
milacik
milady
milagro
milagros
milagros1
milamber
milamila
milan
milan1
milan123
milan1899
milan4ever
milana
milanac
milanello
milanesa
milani
milanista
milanisti
milano
milano1
milashka
mildred
mildred1
mildseven
milehigh
milena
milena1
milena123
milene
milenium
milenka
milenko
miles
miles1
miles123
milesdavis
milestone
miley
miley1
miley101
miley123
mileyc
mileycyrus
mileycyrus1
milford
milhouse
mili
miliarde11
milica
milind
milion
militaire
militar
military
military1
milito
milito22
milk
milk123
milka
milka1
milka123
milkbone
milkdud
milkduds
milkman
milkman1
milkmilk
milko12345677
milkshake
milkshake1
milky
milkyway
milkyway1
milla
millan
millard
mille
millencolin
millenia
millenium
millenium1
millennium
miller
miller01
miller1
miller11
miller12
miller123
miller13
miller21
miller22
miller31
miller69
miller99
millerlite
millers
millertime
millet
millhouse
milli
millicent
millie
millie01
millie1
millie11
millie12
millie123
milliemoo
milligan
million
million1
millionaire
millioner
millions
millions1
millonario
millonarios
millos
millos13
mills
millsberry
millwall
millwall1
milly
milly1
milly123
millymoo
milner
milo
milo12
milo123
milo1234
milomilo
milonga
milord
milos
milosc
milosc1
milosz
milou
miloud
milton
milton1
milwaukee
mim
mima
mima123
mima123456
mimama
mimamamemima
mimamima
mimi
mimi01
mimi11
mimi12
mimi123
mimi1234
mimi13
mimi22
mimie
mimika
mimiko
mimimi
mimimimi
mimine
miming
mimino
mimmi
mimmo
mimo
mimomimo
mimosa
mimoza
min
min123
mina
mina123
minadmins
minaise
minako
minakshi
minami
minamina
minato
minchia
mincraft
mind
mindanao
mindaugas
minden
mindfreak
mindfreak1
mindgame
mindless
mindless1
mindlessbehavior
mindoro
mindy
mindy1
mindy123
mine
mine12
mine123
mine1234
mine4ever
minecra
minecraa
minecraf
minecraft
minecraft01
minecraft1
minecraft10
minecraft101
minecraft11
minecraft12
minecraft123
minecraft1234
minecraft12345
minecraft13
minecraft2
minecraft2002
minecraft21
minecraft22
minecraft23
minecraft5
minecraft99
minecrafter
minecraftpe
mineko
minemine
mineola
mineonly
miner
miner123
mineral
miners
minerva
minerva1
mines
minette
minette1
ming
minger
mingming
mingus
minh
minh123
minhamae
minhanh
minhasenha
minhasenha123
minhavida
minhchau
minhduc
minhhien
minhhieu
minhhoang
minhminh
minhngoc
minhnhat
minhoca
minhphuong
minhquan
minhquang
minhtam
minhtan
minhthanh
minhthu
minhthuy
minhtien
minhtrang
minhtri
minhtu
minhtuan
mini
mini12
mini123
mini1234
minicalibra
miniclip
miniclip1
minicooper
minidisc
minigun
minimal
miniman
miniman1
minimaus
minimax
minime
minime1
minime123
minimi
minimini
minimo
minimoi
minimoto
minimouse
minimum
minimum1
minina
mining
minino
minion
minions
minister
ministry
ministry1
minka
minkey
minkia
minmin
minnesota
minnesota1
minnie
minnie01
minnie1
minnie10
minnie11
minnie12
minnie123
minniemouse
minnow
minolta
minombre
minomino
minority
minotaur
minotauro
minou
minoucha
minouche
minous
minpin
minsky
minstrel
mint
mintmint
minty
minty1
minute
minwoo
miomio
miperro
mir
mira
mira123
mirabel
mirabela
mirabella
mirabelle
miracle
miracle1
miracles
miraflores
mirage
mirage2000
miramar
miramira
mirana
miranda
miranda1
miranda12
miranda123
mirasol
mircea
mirecek
mireia
mireille
mirek
mirek1
mirela
mirella
mireya
miriam
miriam1
mirian
mirinda
mirjam
mirjana
mirka
mirko
mirko123
mirkwood
mirmir
miro
miroku
mironova
miroslav
miroslava
miroslava1
mirror
mirror1
mirtillo
mirumiru
miruna
mirza
mirza123
mis
misa
misael
misaki
misamisa
misamores
misato
misbah
mischa
mischief
mischief1
mischka
miserable
misery
misfit
misfits
misfits1
misfits138
misha
misha1
misha123
misha1998
misha777
mishamisha
mishel
mishijos
mishima
mishka
mishmish
mishra
mishutka
misia
misia1
misiaczek
misiaczek1
misiak
misiek
misiek1
misiek11
misiek12
misiek123
misio
misio1
misiu
misiu1
miska
miss
missan
missed
missey
missie
missile
missing
missing1
missingu
missingyou
mission
mission1
mission123
mission2
missionary
missions
mississipp
mississippi
mississippi1
misskitty
misskitty1
missme
missmiss
missmolly
missoula
missouri
missouri1
misspiggy
misspriss
missthang
missy
missy01
missy1
missy12
missy123
missy2
missycat
missydog
missymoo
missyou
mistake
mister
mister1
mister123
misterio
mistero
misterx
mistery
mistic
mistie
mistigri
mistik
mistletoe
mistral
mistral1
mistress
mistrz
mistrz1
misty
misty1
misty12
misty123
misty2
mistyblue
mistycat
mistydog
mistymoo
mit
mitali
mitch
mitch1
mitch123
mitchel
mitchel1
mitchell
mitchell1
mitchell12
mitchie
mitchy
mitesh
mithrandir
mithril
mithun
mitica
mitico
miticuta
mitmit
mitsou
mitsubishi
mitsui
mitsumi
mittal
mittelerde
mitten
mittens
mittens1
mittwoch
mitzi
mitzi1
mitzie
miumiu
mivida
mix
mixail
mixer
mixery
mixmaster
mixmix
mixtape
miyaka
miyamiya
miyamoto
miyavi
miyazaki
miyuki
miyumiyu
miyvarxar
mizhielp
mizpah
mizuki
mizuno
mizzou
mj
mj1234
mj123456
mjackson
mjmjmj
mjolnir
mjordan
mjordan23
mju76yhn
mk
mk1234
mk123456
mkmkmk
mkn13vrt
mko09ijn
mko0nji9
mkomko
mkonji
mladen
mlkjhg
mlkjhgfdsq
mm
mm123123
mm1234
mm123456
mmamma
mmklub
mmm
mmm111
mmm123
mmm666
mmmbop
mmmm
mmmmm
mmmmm1
mmmmmm
mmmmmm1
mmmmmmm
mmmmmmmm
mmmmmmmmm
mmmmmmmmmm
mmmnnn
mmo110110
mmorpg
mmouse
mmowned
mn123456
mnb
mnb123
mnbmnb
mnbv
mnbv1234
mnbvc
mnbvcx
mnbvcxy
mnbvcxz
mnbvcxz1
mnbvcxz12
mnbvcxz123
mnbvcxza
mnemonic
mnidjwm785
mnmnmn
mnmnmnmn
mnopqrs123
mo
mo123456
moamoa
mob
mobbdeep
mobil
mobil1
mobil123
mobile
mobile1
mobile123
mobile2
mobilephone
mobilink
mobitel
mobius
mobius1
mobster
mobster1
moby
mobydick
moc.oohay
mocha
mocha1
mocha123
mockingbird
moctar
mod
modano
modder
modding
model
model1
modeling
modelo
models
modem
modena
moderator
modern
modernwarfare
modernwarfare2
modernwarfare3
modest
modesto
modified
modupe
moe
moe123
moebius
moeder
moejoe
moeller
moemoe
moemoemoe
moesha
moggie
mogul
moguls
mogumogu
mogwai
moh
moh123
moh96kmr000
mohabbat
mohamad
mohamed
mohamed1
mohamed12
mohamed123
mohammad
mohammad1
mohammad123
mohammed
mohammed1
mohammed123
mohan
mohan123
mohana
mohanlal
mohawk
mohini
mohit
mohit123
mohsen
mohsin
moi
moi123
moietmoi
moiettoi
moikka
moimeme
moimoi
moimoi123
moimoimoi
moin
moinmoin
moinsen
moira
moises
moises123
moitoi
moj
mojamama
mojamoja
mojang
mojave
mojehaslo
mojeheslo
mojica
mojisola
mojito
mojo
mojo123
mojo1234
mojojo
mojojojo
mojojojo1
mojokerto
mojoman
mojomojo
mokamoka
mokmok
mokomoko
mokona
mokong
moksha
mol
molave
moldova
moldovan
molecule
moleman
molesta
moliere
molina
molino
molko24bog
moller
molley
mollie
mollie01
mollie1
mollie12
mollie123
molly
molly01
molly1
molly10
molly100
molly101
molly11
molly111
molly12
molly123
molly1234
molly13
molly2
molly22
molly3
molly5
molly6
molly7
mollyann
mollyb
mollycat
mollydog
mollydog1
mollygirl
mollymay
mollymolly
mollymoo
mollymoo1
mollys
molokai
moloko
moloko123
molotok
molotov
molson
molten
mom
mom101
mom123
mom1234
mom12345
momanddad
momanddad1
mombasa
momdad
momdad1
momdad12
momdad123
moment
moments
momentum
momiji
momma
momma1
mommie
mommie1
mommies
mommom
mommy
mommy01
mommy1
mommy10
mommy101
mommy11
mommy12
mommy123
mommy1234
mommy2
mommy22
mommy23
mommy3
mommy4
mommy5
mommy6
mommy7
mommydaddy
mommyko
mommylove
mommyof2
mommyof3
mommyof4
mommys
mommysgirl
momndad
momo
momo11
momo12
momo123
momo1234
momo13
momochan
momof2
momof3
momof4
momof5
momoko
momomo
momomomo
momoney
momoney1
momotaro
momotarou
momrocks
momrules
mon
mon123
mona
mona123
monaco
monaghan
monalisa
monalisa1
monaliza
monami
monamona
monamour
monange
monarch
monarch1
monarchs
monaro
monbebe
moncada
moncheri
monchi
monchichi
monchien
monching
moncho
moncoeur
monday
monday01
monday1
monday11
monday12
monday123
mondeo
mondeo1
mondial
mondieu
mondo
mondragon
mondschein
monet
monet1
moneta
monette
money
money007
money01
money07
money08
money09
money1
money10
money100
money101
money11
money111
money12
money123
money1234
money12345
money13
money2
money2009
money21
money22
money23
money3
money4
money420
money4me
money5
money6
money666
money69
money7
money77
money777
money8
money88
money888
money9
money99
moneybag
moneybags
moneyboy
moneymaker
moneymaker1
moneyman
moneyman1
moneymoney
moneypenny
moneys
moneytalks
moneytree
moneyy
mongo
mongo1
mongo123
mongol
mongolia
mongoloid
mongoose
mongoose1
mongrel
moni
monia
monia1
monic
monica
monica01
monica1
monica10
monica11
monica12
monica123
monica13
monica22
monica69
moniczka
monies
monika
monika1
monika11
monika12
monika123
monika13
monimoni
monina
monique
monique1
monique12
monique123
monique2
monisha
monisia
monita
moniteur
monito
monitor
monitor1
monitor123
monjamonja
monk
monk3y
monke
monkee
monkees
monkey
monkey!
monkey0
monkey00
monkey007
monkey01
monkey02
monkey03
monkey04
monkey05
monkey06
monkey07
monkey08
monkey09
monkey1
monkey10
monkey100
monkey101
monkey11
monkey111
monkey12
monkey123
monkey1234
monkey12345
monkey13
monkey14
monkey15
monkey16
monkey17
monkey18
monkey19
monkey2
monkey20
monkey21
monkey22
monkey23
monkey234
monkey24
monkey25
monkey26
monkey27
monkey28
monkey29
monkey3
monkey32
monkey321
monkey33
monkey34
monkey4
monkey42
monkey420
monkey44
monkey45
monkey5
monkey55
monkey56
monkey6
monkey64
monkey66
monkey666
monkey67
monkey69
monkey7
monkey76
monkey77
monkey777
monkey78
monkey79
monkey8
monkey80
monkey81
monkey82
monkey83
monkey84
monkey85
monkey86
monkey87
monkey88
monkey89
monkey9
monkey90
monkey92
monkey93
monkey94
monkey95
monkey96
monkey97
monkey98
monkey99
monkeyass
monkeyballs
monkeybone
monkeyboy
monkeyboy1
monkeybutt
monkeydluffy
monkeyface
monkeygirl
monkeyking
monkeylove
monkeylover
monkeyman
monkeyman1
monkeymonkey
monkeynuts
monkeypoo
monkeys
monkeys1
monkeys12
monkeys123
monkeys2
monkeys3
monkeyslut
monkeyz
monkfish
monkie
monkies
monkies1
monkmonk
monmon
monmonmon
monmouth
monnhann
mono
mono123
monokuro
monoli1
monolit
monolith
monoloco
monomono
mononoke
monopol
monopoli
monopoly
monopoly1
monorail
monoxide
monoxide17
monroe
monroe1
monserrat
monsieur
monsoon
monsta
monster
monster0
monster01
monster09
monster1
monster10
monster101
monster11
monster12
monster123
monster1234
monster13
monster17
monster2
monster21
monster22
monster23
monster24
monster3
monster33
monster4
monster45
monster5
monster6
monster666
monster69
monster7
monster77
monster8
monster88
monster9
monster99
monsterenergy
monsterhigh
monsterhunter
monsterkill
monsterman
monstermash
monsters
monsters1
monstertruck
monstr
monstre
monstro
montag
montagna
montagne
montague
montana
montana1
montana12
montana123
montana16
montana2
montanna
montano
montauk
montblanc
monte
monte1
montecarlo
montecristo
montego
monteiro
montel
montella
montenegro
monterey
montero
monterrey
montes
montesa
montessori
montevideo
montez
montezuma
montgom2409
montgomery
montie
montilla
montoya
montpellier
montre
montreal
montreal1
montrell
montrose
montse
montserrat
monty
monty1
monty123
montydog
montypython
monu
monument
monyet
moo
moo123
moochie
moochie1
moocow
moocow1
moocow12
moocow123
moody
moody1
moogie
moogle
mookie
mookie1
mookie12
mookie123
mooman
moomin
moomoo
moomoo1
moomoo11
moomoo12
moomoo123
moomoo2
moomoo22
moomoocow
moomoomoo
moon
moon12
moon123
moon1234
moonbaby
moonbeam
moonbeam1
moonchild
moondance
moondog
moondust
mooner
mooney
moonface
moonflower
moonglow
moonie
moonlight
moonlight1
moonlite
moonman
moonmoon
moonpie
moonraker
moonriver
moonshadow
moonshine
moonshine1
moonspell
moonstar
moonstone
moonwalk
moonwalker
mooooo
moore
moore1
moore123
moorea
moorhuhn
moose
moose1
moose12
moose123
moose2
moosehead
mooseman
mooses
moosey
moosie
mop
mopar
mopar1
mopmop
moppel
moppie
mor
mora
morado
moraes
morales
morales1
morales123
morango
morangos
moranguinho
morbid
mordecai
mordor
mordred
more
morehead
moreira
morelia
morello
moremoney
moremore
morena
morena1
morenita
moreno
moreno1
moreno123
morfar
morfeo
morfeus
morfeusz
morgaine
morgan
morgan00
morgan01
morgan02
morgan03
morgan04
morgan05
morgan06
morgan07
morgan08
morgan09
morgan1
morgan10
morgan11
morgan12
morgan123
morgan13
morgan14
morgan2
morgan21
morgan22
morgan23
morgan24
morgan5
morgan98
morgan99
morgana
morgane
morganne
morgen
morgenstern
morgoth
moriah
moriarty
morientes
morimori
morimoto
morita
moritz
moritz123
morkovka
morley
mormon
mormor
mormor123
morning
morning1
morning21
morningstar
morocco
morocco1
morocha
moron
moroni
morons
morozov
morozova
morpheus
morpheus1
morphine
morrigan
morris
morris1
morris123
morrison
morrison1
morrissey
morrissey1
morrow
morrowind
morrowind1
mortadela
mortadela1
mortadelo
mortal
mortalkombat
mortazza
morten
mortgage
mortgage1
morticia
mortimer
mortis
morton
mos
mosaic
mosaic123
moschino
moscow
moscraciun
mosdef
moses
moses1
moses123
moshi
moshimonsters
moshimoshi
moskau
moskito
moskva
moslem
mosley
mosmos
mosquito
moss
moss84
mossad
mossberg
mossimo
mossyoak
mostafa
mostaganem
mostar
moster
mostro
mostwanted
mostwanted1
mot
mot2passe
motard
motdepas
motdepass
motdepasse
motdepasse1
mothaiba
mother
mother01
mother1
mother11
mother12
mother123
mother1234
mother2
mother21
mother22
mother23
mother3
mother4
motherboard
motherfather
motherfuck
motherfucker
motherfucker1
motherland
motherlode
motherlode1
motherlove
mothermary
motherof2
motherof3
motherof4
motherof5
mothers
mothership
motherwell
mothra
motion
motion123
motita
motivate
motivation
motley
motleycrue
motmot
moto
motocros
motocross
motocross1
motogp
motoguzzi
motoko
motomoto
motor
motor1
motor123
motorbike
motorbike1
motorbikes
motorcross
motorcycle
motorhead
motorhead1
motorka
motorola
motorola1
motorola12
motorola123
motorolav3
motorolla
motorrad
motors
motorsport
motown
motylek
motylek1
mou
mouche
mouette
mouhamed
moulin
moulinrouge
mouloud
mouloudia
moumita
moumou
moumoune
moumoute
mounette
mounia
mounir
mountain
mountain1
mountaindew
mountaindew1
mountains
mourad
mourinho
mouse
mouse1
mouse12
mouse123
mouse2
mouseman
mousepad
mouser
mouses
mousetrap
mousey
mousie
moussa
mousse
moustache
moustafa
moustapha
moustic
moustik
moustique
mouton
movado
movement
moveon
movie
movie1
movieman
movies
movies1
moviestar
moving
movingon
movistar
mowgli
moxie
moymoy
mozart
mozart1
mozart12
mozilla
mozilla1
mp
mp3mp3
mp3player
mpgh
mpgh.net
mpgh123
mpower
mr
mrbean
mrbear
mrbill
mrbungle
mrclean
mrcool
mrf11277215
mrhappy
mrjones
mrkitty
mrlonely
mrmagoo
mrniceguy
mrs
mrvica
ms
ms0083jxj
ms123456
msconfig
mshelp12
mskitty
msn123
msnhotmail
msnmsn
mtizndu2
mtndew
mu
mu5t=ch@ng3
muaddib
muaythai
mubarak
mucha
muchacha
muchacho
muchlove
muckel
mudar123
mudder
mudkip
mudslide
mudvayne
mudvayne1
mueller
muenchen
muerte
muf
mufasa
mufc
muffdiver
muffet
muffie
muffin
muffin01
muffin1
muffin11
muffin12
muffin123
muffin13
muffin2
muffin22
muffin69
muffinman
muffinman1
muffins
muffins1
muffy
muffy1
muggins
muggle
muggsy
mughal
mugisha
mugiwara
mugsy
mugwell15
mugwump
muh
muhaha
muhamad
muhamed
muhammad
muhammad1
muhammad123
muhammad786
muhammed
muhammed1
muhammet
muhkuh
muhmuh
muhtar
muiedinamo
muiema
muiemuie
muiesteaua
muimui
muisje
mujahid
mujeres
mukasa
mukesh
mukumuku
mul
mulan
mulberry
mulder
muleno
mulhouse
mulle
mullen
muller
mullet
mullet69
mulligan
mullins
multan
multi
multimedia
multipass
multipla
multiplelog
multiscan
multisync
mum
mum123
mumanddad
mumanddad1
mumbai
mumbles
mumdad
mumdad1
mumdad123
muminek
mummum
mummy
mummy1
mummy123
mummydaddy
mummypapa
mummys
mumtaz
mumu
mumumu
mun
mun121rak
munch
munchen
muncher
munchie
munchie1
munchies
munchkin
munchkin1
munchkins
munchy
mundial
muneca
munich
muning
munira
munkey
munmun
munna
munnabhai
munson
munster
munster1
muonline
muppet
muppet1
muppets
mur
murakami
murali
muramasa
muramura
murano
murasaki
murasame
murat
murat123
murata
muratti
murcia
murcielago
murder
murder1
murderdolls
murderer
murdoc
murdoch
murdock
murena
muriel
murielle
murillo
murilo
murilo123
murmansk
murmel
murmur
murphy
murphy01
murphy1
murphy10
murphy11
murphy12
murphy123
murphy13
murphy22
murphy99
murray
murray1
murtaza
murthy
muruga
murugan
murzik
murzilka
mus
musa
musashi
musashi1
muscat
muschi
muscle
muscles
muse
museum
mushr00m
mushroom
mushroom1
mushrooms
music
music000
music01
music1
music10
music101
music11
music12
music123
music1234
music13
music2
music22
music3
music4ever
music4life
music4me
music5
music7
musica
musica1
musica123
musical
musical1
musicals
musicas
musicbox
musician
musician1
musicislife
musicismylife
musick
musiclover
musicman
musicman1
musicmusic
musico
musicovery
musicrocks
musics
musik
musika
musique
muskaan
muskan
muskan123
muskie
muskrat
muslim
muslim1
muslim123
muslimah
mussolini
must
mustache
mustafa
mustafa1
mustafa12
mustafa123
mustaine
mustak200
mustang
mustang00
mustang01
mustang02
mustang03
mustang04
mustang05
mustang06
mustang07
mustang08
mustang1
mustang10
mustang11
mustang12
mustang123
mustang13
mustang2
mustang21
mustang22
mustang23
mustang3
mustang4
mustang5
mustang50
mustang6
mustang64
mustang65
mustang66
mustang67
mustang68
mustang69
mustang7
mustang73
mustang8
mustang88
mustang89
mustang9
mustang90
mustang94
mustang95
mustang96
mustang98
mustang99
mustanggt
mustanggt500
mustangs
mustangs1
mustapha
mustard
mustard1
mustdie
mustek
muster
musti
mutabor
mutant
mutation
muthafucka
muthoni
muthu
mutiara
mutley
mutley1
mutluluk
mutter
muttley
muttley1
mutual
muyiwa
muymuy
muzaffar
muzaffer
muzammil
muzica
muziek
muzika
muzyka
mvemjsunp
mwangi
mx
mxhbrood
mxyzptlk
my
my123456
my1love
my1space
my204856
my2angels
my2babies
my2boys
my2girls
my2kids
my2sons
my3angels
my3babies
my3boys
my3girls
my3kids
my3sons
my4boys
my4girls
my4kids
my5kids
myaccount
myaccount1
myangel
myangel1
myangels
myass
mybabe
mybabies
mybaby
mybaby1
mybabygirl
mybear
mybestfriend
mybike
mybirthday
myboo
myboys
myboys2
mybrother
mybuddy
mybusiness
mybutt
mycareer
mycats
mychem
mychemical
mychemicalromance
mychildren
mycomputer
mycroft
mydaddy
mydaddy1
mydarling
mydear
mydecember
mydestiny
mydick
mydog
mydogs
mydogs1020
mydream
mydreams
myec0701
myemail
myers
myfamily
myfamily1
myfather
myfirsttopic
myfriend
myfriends
myfuture
mygame
mygames
mygirl
mygirl1
mygirls
mygirls2
mygirls3
myheart
myheart1
myhero
myhome
myhoney
myhouse
myhouse1
myhusband
myimmortal
myindia
myjesus
myjesus1
myjob
myjobs
mykey1122
mykey2010
mykey2011
mykey2012
mykids
mykids03
mykids1
mykids2
mykids3
mykids4
mykitty
mykonos
myl
mylabs
mylady
mylene
mylene1
myles
mylife
mylife1
mylife12
mylife123
mylinh
mylittlepony
mylord
mylove
mylove1
mylove11
mylove12
mylove123
mylove2
mylove21
mylove22
mylove23
mylove4u
mylovely
mylover
myloves
mymail
mymama
mymelody
mymommy
mymoney
mymoney1
mymonster
mymother
mymother1
mymummy
mymusic
mymusic1
mymymy
myname
myname1
myname12
myname123
mynameis
mynameis1
mynameiskhan
mynewlife
mynigga
mynoob
myonlyone
mypas123
mypass
mypass1
mypass12
mypass123
mypass2010
mypass2011
mypassphrase
mypassw0rd
mypassword
mypassword1
mypc123
mypeace
myphone
myplace
myprince
myprincess
myriam
myroom
myrtille
myrtle
mys
mysavior
myscene
myschool
mysecret
mysecret1
myself
myself1
myself123
myshit
mysister
mysons
mysore
mysoul
myspac3
myspace
myspace!
myspace.
myspace0
myspace01
myspace07
myspace08
myspace09
myspace1
myspace10
myspace101
myspace11
myspace12
myspace123
myspace13
myspace14
myspace2
myspace200
myspace201
myspace21
myspace22
myspace23
myspace3
myspace4
myspace4me
myspace5
myspace69
myspace7
myspace8
myspace9
mysql
mystere
mysterio
mysterio1
mysterio619
mysterious
mystery
mystery1
mystic
mystic1
mystical
mystical1
mystik
mystikal
mystique
mystuff
mystyle
myszka
myszka1
myszka123
mytest
mythology
mythos
mythreesons
mytime
mytruck
mywife
myword
myworklist123
myworld
myworld1
myyahoo
myzone
n
n/a
n0=acc3ss
n0thing
n0vember
n111011
n12345
n123456
n1234567
n12345678
n123456789
n1b9w8ggrf
n1ch0las
n1cholas
n1frdz
n1ghtmare
n1n2n3n4
n1nt3nd0
n1ntend0
n1ntendo
n1rvana
n5qy4m
n7ioxrb741
n7o1yp5sor
n97nokia
n987654
na
na123456
nabeel
naberlan
nabil
nabil123
nabila
nabilah
nabilnabil94
nabucodonosor
nachito
nacho
nacho1
nacho123
nachos
nacional
nacional1
nad
nada
nada123
nadanada
naddel
nadeem
nadegda
nadege
nadejda
nadeshiko
nadesico
nadesiko
nadezda
nadezhda
nadia
nadia1
nadia123
nadiah
nadine
nadine1
nadine12
nadine123
nadira
nadiya
nadja
nadroj
nadya
nadzieja
naenae
nafets
nafisa
nafnaf
nag
nagamani
nagano
nagaraju
nagasaki
nagash
nagato
nagatoyuki
nagel
nagendra
nagesh
nagisa
nagoya
nagrom
nahbulursun
naheed
nahtanoj
nahuel
naiara
nailpolish
nails
naima
nairda
nairobi
nairolf
nakagawa
nakajima
nakamura
nakanaka
nakata
nakayama
naked
naked1
nakita
naknak
nala
nalini
nallepuh
nam
nam123
nam123456789
namaku
namaskar
namaste
namaste1
namdinh
name
name123
nameless
namename
names
namibia
namikaze
naminami
namita
namnam
namour
namrata
namrepus
nan
nan123
nana
nana01
nana11
nana12
nana123
nana1234
nanaki
nanako
nanami
nanana
nananana
nanang
nanapapa
nanard
nanay
nancy
nancy1
nancy123
nancydrew
nanda
nanda123
nanda334
nandan
nandhini
nandini
nandita
nando
nando123
nanette
nani
nani123
nani17
naninani
naning
naninha
nanita
nanito
nanna
nannan
nanner
nannie
nanny
nanny1
nano
nanonano
nanook
nanotech
nanou
nanterre
nantes
nantes44
nantucket
naomi
naomi1
naomi123
naomi703
naomie
naosei
naosei123
naoya708
nap
napalm
napier
naples
napolean
napoleon
napoleon1
napoleone
napoletano
napoli
napoli1
napoli10
napoli123
napoli1926
napoli99
napster
napster1
nar
naraku
narancs
naranja
narasimha
narayan
narayana
narayanan
narbonne
narcis
narciso
narcisse
narendra
naresh
nargis
nariman
narkoman
narnia
narnia1
narsil
narsis
naruhina
narunaru
narusegawa
narut0
naruto
naruto00
naruto007
naruto01
naruto02
naruto07
naruto08
naruto09
naruto1
naruto10
naruto100
naruto101
naruto11
naruto111
naruto12
naruto123
naruto1234
naruto12345
naruto123456
naruto13
naruto14
naruto15
naruto16
naruto17
naruto18
naruto19
naruto1997
naruto1998
naruto2
naruto20
naruto2000
naruto2010
naruto21
naruto22
naruto23
naruto24
naruto25
naruto26
naruto27
naruto28
naruto3
naruto321
naruto33
naruto44
naruto45
naruto5
naruto55
naruto56
naruto666
naruto69
naruto7
naruto77
naruto777
naruto88
naruto89
naruto9
naruto90
naruto91
naruto92
naruto93
naruto94
naruto95
naruto96
naruto97
naruto98
naruto99
narutofan
narutokun
narutonaruto
narutosasuke
narutoshippuden
narutouzumaki
nas
nas123
nasa
nasanasa
nasaud
nascar
nascar03
nascar08
nascar1
nascar11
nascar12
nascar123
nascar14
nascar20
nascar24
nascar3
nascar48
nascar8
nascar88
nascar99
nascimento
nasdaq
naseem
nasfat12
nash
nash13
nasher
nashua
nashville
nashville1
nasigoreng
nasima
nasir
nasir1
nasrat
nasreen
nasrin
nassau
nasser
nassim
nassima
nastasia
nastena
nastenka
nastia
nastja
nasty
nasty1
nasty123
nastya
nastya0206
nastya1
nastya11
nastya12
nastya123
nastya13
nastya1995
nastya1996
nastya1997
nastya1998
nastya1999
nastya2000
nastya2001
nastya2002
nastya2003
nastyanastya
nastyboy
nastygirl
nasution
naszaklasa
nat
nat123
nata
nata123
natacha
natacion
nataha
nataku
natala
natale
natalee
natali
natalia
natalia1
natalia12
natalia123
natalia2
natalie
natalie01
natalie1
natalie11
natalie12
natalie123
natalie2
natalie3
natalie7
natalija
natalina
nataliya
natalja
natalka
natalka1
nataly
natalya
natan
natan123
natanael
natanata
nataniel
natas
natas666
natasa
natascha
natasha
natasha1
natasha12
natasha123
natasha2
natashka
natasya
natation
nate
nate123
nate1234
natedog
natedog1
natedogg
nath
nathalia
nathalie
nathalie1
nathaly
nathan
nathan00
nathan01
nathan02
nathan03
nathan04
nathan05
nathan06
nathan07
nathan08
nathan09
nathan1
nathan10
nathan11
nathan12
nathan123
nathan13
nathan14
nathan15
nathan16
nathan17
nathan18
nathan2
nathan21
nathan22
nathan23
nathan3
nathan98
nathan99
nathanael
nathaniel
nathaniel1
nathen
nati
nation
national
national1
nations
nationwide
native
native1
natividad
natnat
natsume
natsumi
natty
natura
natural
natural1
nature
nature1
natureza
natusik
natwest
naufal
naughty
naughty1
naughtyboy
naukri
nausicaa
nautica
nautica1
nautical
nautilus
nav
navajo
navara
navarone
navarra
navarro
navarro1
naveed
naveen
naveen123
navidad
navigation
navigator
navin
navneet
navy
navyblue
navyseal
navyseals
nayana
nayara
nayeli
naynay
naynay1
nayvspwn7
naz
naz777333
nazar123
nazarene
nazareno
nazaret
nazareth
nazarova
nazgul
nazzxut644
nba123
nbalive
nbanba
nbnfybr
nbuhtyjr
nbvcxw
nbvcxz
nbvfnb
nbvjatq
nbvjif
nbvjirf
ncc-1701
ncc1701
ncc1701a
ncc1701b
ncc1701d
ncc1701e
ncc74656
nckucynesluixm
ncstate
nd4spd
ndcetbz236
ndirish
ne1469
neal
nebraska
nebraska1
nebula
necaxa
necklace
necnec
necro
necromancer
necron
necron99
necronomicon
nectar
nectar2011
nectarine
nederland
nederland1
nedved
nedved11
nee
need
need4speed
needajob
needforspeed
needhelp
needjob
needle
needles
needlove
needmoney
needwork
neekeri
neelam
neelima
neelix
neenee
neeraj
neethu
nefertari
nefertiti
nefret
neg
negative
negative1
neger
neger123
negima
negra
negrita
negrito
negro
negro1
negro123
negros
neguinha
neguinho
neha
neha123
nehemiah
neige
neil
neil03
neisha
neitiri1986
neknek
neko
nekochan
nekomimi
nekoneko
nel
nelinka
nella
nellie
nellie1
nello11
nelly
nelly1
nelly123
nelson
nelson01
nelson1
nelson11
nelson12
nelson123
nem
nemanja
nemanja123
nemesis
nemesis1
nemesis123
nemesis2
nemesis666
nemezida
nemibu
nemisis
nemo
nemo12
nemo123
nemonemo
nemrac
nemtom
nemtudom
nen
nena
nene
nene123
nenene
neneng
nenette
nenita
neo
neo123
neogeo
neomatrix
neon
neoneo
neopet
neopets
neopets1
neopets12
neophyte
neopoints12
neostrada
nepal
nepal1
nepal123
nepali
nepenthe
nephilim
nepoviem
neptun
neptune
neptune1
neptunes
ner
nerd
nereida
nerina
nerissa
nermal
nermin
nero
nero123
nerone
neronero
nerual
neruda
nes
nesakysiu
nescafe
neslihan
nesquik
nesrin
nesrine
ness
nessa
nessa1
nessie
nessuna
nessuno
nesta
nestea
nester
nestle
nestor
nestor1
net
net123
net123456
netball
netball1
netg85rr4s
netgear
netgear1
nether
netinho
netnet
neto123
netpass
netral
netscape
nettie
netvista
network
network1
network123
networking
networks
neuken
neumann
neuneu
neuseeland
neutrino
neutron
nev
nevada
nevaeh
nevaeh1
nevena
never
never1
never123
never4get
neveragain
neverbackdown
neverdie
neverever
neverforget
nevergiveup
neverguess
neverhood
neverland
neverlove
nevermind
nevermind1
nevermore
nevermore1
nevernever
nevers
neversaydie
neversaynever
nevershoutnever
nevertarget7
neverwinter
nevets
neviem
neville
neville1
nevim
new
new123
new12345
new975wen
newaccount
newage
newark
newbaby
newbaby1
newbie
newborn
newcar
newcastle
newcastle1
newcastle9
newcomer
newday
newdelhi
newell
newengland
newera
newfie
newfoundland
newgame9
newgrounds
newguy
newhaven
newholland
newhome
newhope
newhouse
newindia12
newjersey
newjersey1
newjob
newjob1
newjob4me
newlife
newlife08
newlife09
newlife1
newlife11
newlife12
newlife123
newlife2
newlife4me
newlife7
newlook
newlove
newman
newman1
newman12
newmember
newmexico
newmoney
newmoon
newmoon1
newnew
newone
neworder
neworleans
newpass
newpass1
newpass123
newpasswor
newpassword
newpassword1
newpoint
newport
newport01
newport1
newport100
newports
news
newsboys
newshoes
newsletter
newspaper
newstart
newstart1
newton
newton1
newtown
newtype
newuser
newuser1
newvegas
newvision
newwave
newworld
newyear
newyear1
newyork
newyork1
newyork11
newyork12
newyork123
newyork13
newyork2
newyork21
newyork22
newyork3
newyork5
newyork7
newyorkcity
newyorker
newzealand
next
nextage
nextage1
nextel
nextel1
nextgen
nextgenupdate
nexus
nexus1
nexus123
nexus6
nexusmods
neymar
neymar11
neyney
nezabudka
nezinau
neznaju1
neznam
nf
nf96869686
nfhfrfy
nflonline
nfnfhby
nfnmzyf
nfvfhf
nfy.if
nfy.irf
nfytxrf
nfyz
nganga
ngentot
nghia123
ngocanh
ngocbich
ngocdung
ngocha
ngochung
ngoclan
ngoclinh
ngocmai
ngocminh
ngocthanh
ngocthuy
nguoihung
ngusaonoi
nguyen
nguyen1
nguyen12
nguyen123
nguyenhoang
nguyenhung
nguyenhuy
nguyenvu
nguyet
nh9z4bgr2h
nhan123
nhatminh
nhatrang
nhfnfnf
nhfrnjh
nhfrnjh1
nhfycajhvth
nhfycajhvths
nhoanh
nhoemnhieu
nhungkecodon
nhuquynh
nhy67ujm
ni
nia
niagara
niaiwoma
niallhoran
niamh
niania
nibble
nibbler
nibbles
nibbles1
nic
nic123
nica
nicanor
nicaragua
niccolo
nice
nice123
nice1234
niceass
niceboy
niceday
nicegirl
niceguy
niceman
nicenice
niceone
nicetry
nich0las
nichelle
nichol
nichola
nicholas
nicholas01
nicholas1
nicholas10
nicholas11
nicholas12
nicholas123
nicholas13
nicholas2
nicholas22
nicholas3
nicholas5
nicholas7
nicholas9
nichole
nichole1
nichols
nicholson
nichts
nick
nick01
nick1
nick10
nick11
nick12
nick123
nick1234
nick12345
nick13
nick1995
nick2000
nick21
nick22
nick23
nick99
nickcarter
nickel
nickelback
nickelodeon
nickers
nickey
nicki
nicki1
nicki123
nickie
nickiminaj
nickjonas
nickjonas1
nicklas
nickle
nicknack
nickname
nicknick
nicknick1
nicko
nickolas
nickolas1
nickster
nicky
nicky1
nicky123
niclas
nicnac
nicnic
nico
nico12
nico123
nico1234
nico2000
nicodemus
nicol
nicola
nicola1
nicola123
nicolae
nicolai
nicolas
nicolas01
nicolas1
nicolas10
nicolas11
nicolas12
nicolas123
nicolas13
nicolas2
nicolas7
nicole
nicole00
nicole01
nicole02
nicole03
nicole04
nicole05
nicole06
nicole07
nicole08
nicole09
nicole1
nicole10
nicole101
nicole11
nicole12
nicole123
nicole1234
nicole13
nicole14
nicole15
nicole16
nicole17
nicole18
nicole19
nicole2
nicole20
nicole21
nicole22
nicole23
nicole24
nicole25
nicole26
nicole27
nicole28
nicole29
nicole3
nicole33
nicole5
nicole6
nicole69
nicole7
nicole77
nicole8
nicole83
nicole86
nicole87
nicole88
nicole89
nicole92
nicole93
nicole94
nicole95
nicole96
nicole97
nicole98
nicole99
nicoleta
nicoletta
nicolette
nicolina
nicolino
nicolle
nicolo
niconico
nicorobin
nicotina
nicotine
nicusor
nidhi
nie
niebieski
niels
nielsen
niemand
niepowiem
nietzsche
nieves
niewiem
niewiem1
nig
nigahiga
nigel
nigel1
nigeria
nigeria1
nigerian
nigga
nigga1
nigga12
nigga123
nigga2
nigga4life
nigganigga
niggaplease
niggaplz
niggas
niggas1
niggaz
nigger
nigger1
nigger11
nigger12
nigger123
nigger2
nigger666
nigger69
niggers
niggers1
niggers123
night
night1
night123
nightcrawler
nightelf
nightfall
nightfall1
nightfire
nighthawk
nightingale
nightlife
nightman
nightmare
nightmare1
nightmare123
nightmares
nightowl
nightrider
nights
nightshade
nightsky
nightwing
nightwish
nightwish1
nightwolf
nihao123
nihaoma
niharika
nihongo
nihonjin
nihonomaru
nijmegen
nijntje
nik
nik123
nik12345
nika
nika123
nikanika
nike
nike10
nike11
nike12
nike123
nike1234
nike13
nike23
nike90
nikeair
nikeair1
nikenike
niketamere
nikhil
nikhil123
niki
niki123
niki1234
nikiniki
nikita
nikita007
nikita01
nikita03
nikita1
nikita10
nikita11
nikita12
nikita123
nikita12345
nikita13
nikita1995
nikita1996
nikita1997
nikita1998
nikita1999
nikita2000
nikita2001
nikita2002
nikita2003
nikita2004
nikita2005
nikita2006
nikita2010
nikita2012
nikita21
nikita22
nikita228
nikita23
nikita777
nikita95
nikita98
nikita99
nikitanikita
nikitha
nikitin
nikitina
nikitka
nikito
nikitos
nikitos1
nikitosik
nikka
nikki
nikki1
nikki11
nikki12
nikki123
nikki13
nikki2
nikki6
nikkie
nikkii
nikkis
nikkisixx
nikkita
nikko
nikko1
nikko123
niklas
niklas12
niklas123
niknak
niknik
niknok
niko
niko123
niko1234
nikodem
nikol
nikola
nikola1
nikola12
nikola123
nikolaev
nikolaeva
nikolai
nikolai1
nikolaj
nikolas
nikolas1
nikolas123
nikolaus
nikolay
nikole
nikoleta
nikolina
nikolka
nikolozi
nikon
nikond80
nikond90
nikoniko
nikos
nikusha
nil
nilesh
nilima
nilpferd
nils
nilson
nilsson
nimabi
nimajneb
nimble
nimbus
nimbus12
nimbus2000
nimisha
nimitz
nimrod
nin
nina
nina12
nina123
nina1234
ninalove
ninanina
nincsen
nine
nine99
nineball
nineinch
nineinchnails
ninenine
niners
ninetails
nineteen
nineteen19
ninette
ningning
ninguna
ninguno
nini
nini123
niniko
ninine
nining
ninini
nininini
ninja
ninja007
ninja1
ninja101
ninja11
ninja12
ninja123
ninja1234
ninja13
ninja2
ninja250
ninja636
ninja666
ninja9
ninjaboy
ninjagaiden
ninjago
ninjaman
ninjaninja
ninjas
ninjasaga
ninjitsu
ninjutsu
ninnin
nino
nino123
ninomiya
ninonino
ninou
nintend0
nintendo
nintendo1
nintendo12
nintendo123
nintendo2
nintendo3ds
nintendo64
nintendods
nintendogs
nintendowii
niolrj56
nipper
nipper1
nipple
nipples
nipples1
nippon
nique
nir
niranjan
nirmal
nirmala
nirvana
nirvana1
nirvana11
nirvana12
nirvana123
nirvana13
nirvana2
nirvana3
nirvana666
nirvana7
nirvana9
nirvana94
nirwana
nis
nisha
nisha1
nisha123
nishan
nishant
nishanth
nishishui
nishiwode
nishizhu
nissan
nissan01
nissan1
nissan11
nissan12
nissan123
nissan200sx
nissan240
nissan240sx
nissan300zx
nissan350
nissan350z
nissangtr
nissanskyline
nisse
nisse123
nissen
nistelrooy
nit
nita
nitemare
nitesh
nithya
nitin
nitin123
nitram
nitro
nitro1
nitro123
nitrogen
nitros
nitrous
nitrox
nitsua
nitsuj
nittany
nittany1
niunia
niunia1
niuniu
nivea
nivedita
nivek
nivram
nixon
niyt8qu772
nj9st4ye3f
njbnjb
njdevils
njhyflj
njhygtftb567
nji90okm
njkcnsq
njnets
njushi520
nkechi
nks230kjs82
nmnmnm
nn
nnamdi
nnenna
nnmnnmnnm
nnn
nnnn
nnnnn
nnnnnn
nnnnnnn
nnnnnnnn
nnnnnnnnnn
no
no1butme
no1knows
no41ko4ilc
noa
noaccess
noaccess99
noaccount
noadmin
noah
noah12
noah123
noah1234
noah2000
noahnoah
noahsark
nobiles
nobita
noble
nobody
nobody1
nobodyknows
nobunaga
nobunobu
nobuyuki
nochance
noclue
nocode
nocturnal
nocturne
noddy
nodnarb
nodoubt
nodoubt1
nodrog
noe
noel
noel123
noelia
noella
noelle
noelle1
noelnoel
noemi
noemie
noentry
nofate
nofear
nofear1
nofx
nofxnofx
nogard
noggin
nognog
nogomet
nogood
nogueira
noidea
noisette
nok
nokia
nokia1
nokia11
nokia1100
nokia111
nokia12
nokia123
nokia1234
nokia12345
nokia1600
nokia2
nokia2000
nokia2600
nokia2700
nokia3100
nokia3110
nokia3120
nokia3200
nokia3210
nokia3220
nokia3230
nokia3250
nokia3310
nokia3410
nokia3510
nokia3510i
nokia3650
nokia5110
nokia5130
nokia5200
nokia5228
nokia5230
nokia5233
nokia5300
nokia5310
nokia5320
nokia5530
nokia5610
nokia5700
nokia5800
nokia6020
nokia6030
nokia6100
nokia6120
nokia6131
nokia6210
nokia6230
nokia6230i
nokia6233
nokia6280
nokia6288
nokia6300
nokia6303
nokia6500
nokia6600
nokia6610
nokia6630
nokia6680
nokia6700
nokia7210
nokia73
nokia7610
nokia7650
nokia8210
nokia8310
nokia8800
nokiaa
nokiae51
nokiae63
nokiae65
nokiae71
nokian
nokian70
nokian72
nokian73
nokian80
nokian81
nokian82
nokian90
nokian91
nokian95
nokian96
nokian97
nokianokia
nokias
nokids
noknok
nol
nolan
nolan1
nolasco
nolase
noles
noles1
nolife
nolimit
nolimit1
nolimits
nolose
nolove
nolwenn
nom
nomad
nomad1
nomade
nomads
nomames
nomar5
nomeacuerdo
nomejodas
nomekop
nomelase
nomercy
nomercy1
nomnom
nomnomnom
nomoney
nomore
nomore1
nomorerack
non
nona
noname
noname123
noncapa
noncapa09
none
none123
none1234
nonenone
noneya
nonlaso
nonloso
nonmember
nonnie
nonnon
nono
nono123
nonong
nonono
nonono1
nononono
nonoy
nonpayment
nonsense
nonstop
nonteladico
noo
noob
noob12
noob123
noob1234
noobie
noobkiller
nooblet
noobnoob
noobs
noodle
noodle1
noodle123
noodles
noodles1
noodles123
nookie
noonan
noone
nooneknows
noonie
noonoo
noor
nopainnogain
nopasaran
nopass
nopass123
nopassword
nopassword1
nope
nopenope
noproblem
nor
nora
noranora
norbert
norbert1
norberto
norcal
nordic
nordine
nordsee
noreen
noregrets
noremac
norfolk
noriel
norika
noriko
norilsk
norinori
noriyuki
norma
norma1
normajean
normal
norman
norman1
norman12
norman123
normand
normandie
normandy
norris
norte14
nortel
north
north1
northeast
northern
northern1
northface
northpole
northshore
northside
northside1
northstar
northwest
northwood
norton
norton1
norton360
norules
norvax2010
norway
norwegen
norwich
norwich1
norwood
nos
nose
nosenose
nosferatu
nosferatu1
noshit
nosmoking
nosotros
nosoup4u
nospam
nostale
nostalgia
nostradamus
nostress
nostromo
not
not4u2c
not4u2no
not4you
not_needed
notagain
notalone
notary
notebook
notebook1
notengo
notepad
notforyou
nothanks
nothin
nothing
nothing0
nothing1
nothing12
nothing123
nothing2
notice
notime
notme
notnot
notnow
notorious
notorious1
notpassword
notreal
notredame
notredame1
notrust
nottelling
nottingham
nottoday
notyou
notyours
nou
nouchka
nougat
nougatine
noumea
nounette
nounou
nounouche
nounoune
nounours
nour
nousdeux
nouveau
nouvelle
nov
nov1988
nova
nova123
novanova
novartis
novasenha
novell
november
november01
november08
november1
november10
november11
november12
november13
november14
november15
november16
november17
november18
november19
november2
november20
november21
november22
november23
november24
november25
november26
november27
november28
november29
november3
november30
november4
november5
november6
november7
november8
november9
novemberrain
novembre
novembro
novice
noviembre
novikov
novikova
novisad
novita
novosibirsk
now
noway
noway1
noway123
nowayjose
nowayman
nowayout
nowhere
nowitzki
nownow
noworries
noxious
noynoy
npi8p6l9fx
nplvzno874
nra4ever
ns973uzlvh
nsync
nt77lnw2ea
ntc0394
nthvbyfnjh
ntktajy
ntktdbpjh
nuaddn9561
nuages
nuamparola
nubian
nuclear
nuclear1
nudelsuppe
nudist
nuevavida
nufc1892
nugent
nugget
nugget1
nuggets
nuggets1
nugraha
nugroho
nul
null
null_from_api
nulled
num
numanuma
numark
numb3rs
numba1
number
number01
number1
number10
number11
number12
number123
number13
number14
number15
number16
number17
number18
number19
number2
number20
number21
number22
number23
number24
number3
number32
number33
number34
number4
number41
number44
number5
number6
number69
number7
number8
number88
number9
number99
numberone
numberone1
numbers
numbers1
numbnuts
numero
numero1
numero10
numerouno
numlock
numlock1
nummer1
numnum
numnuts
numpty
nuncamas
nunu
nununu
nunzia
nunzio
nuo0725nuo
nur
nurcan
nurgle
nurhayati
nurich
nuriko
nurlan
nurse
nurse1
nurse123
nursery
nurses
nursing
nursing1
nursultan
nurul
nusantara
nusrat
nustiu
nut
nutcase
nutcracker
nutella
nutella1
nuthouse
nutmeg
nutmeg1
nutnut
nutrition
nuts
nutsack
nutshell
nutter
nuttertool
nuttertools
nuttertools1
nutty
nutty1
nuvola
nvidia
nwo4life
nx74205
ny3xxca522
nyancat
nyanmage
nyannyan
nyanya
nyasha
nygiants
nygiants1
nyjets
nyknicks
nylons
nymets
nympho
nyq26hiz1z
nyq27fdxl1
nyq28giz1z
nyq28giz5w
nyq28gxl1z
nyq28iz1d
nyq28iz1f
nyq28iz1t
nyq28iz1v
nyquist
nyt
nyt28iz1d
nyuszi
nyuszika
nywl8giz1z
nyyankees
nzuu4pn89j
o
o09071980
o0i9u8y7
o0o0o0
o0o0o0o0
o0qklsn6
o12345
o123456
o1234567
o123456789
o1manyaq
o2345
o23456
o23456789
o2jnb
o2qt76gzbf
o594fvhqci
o5e^%zar
o7jg3u6ztx
o8lhe2z7bo
o95axaqk4p
o95oc1nawj
oa68b6666
oakdale
oakenfold
oakland
oakland1
oakland510
oakley
oakley1
oakridge
oaktree
oakville
oakwood
oasis
oasis1
oasis123
oassw0rd
oathkeeper
oatmeal
oatmeal1
oaxaca
obama
obama123
obelisk
obelix
oberon
obi4amte
obinna
obispo
obiwan
obiwankenobi
oblivion
oblivion1
oblivion123
oblivion4
obrien
obrigado
obscure
observer
obsession
obsidian
obsolete
obvious
obvious1
oc247ngucz
ocampo
ocarina
ocarina1
ocb123
oce
ocean
ocean1
ocean11
ocean123
oceana
oceanblue
oceane
oceanic
oceanne
oceano
oceanography
oceans
oceans11
oceans12
oceanside
ocelot
oconnor
ocpoook325
oct
octagon
octave
octavia
octavia1
octavian
octavio
october
october08
october1
october10
october11
october12
october13
october14
october15
october16
october17
october18
october19
october2
october20
october21
october22
october23
october24
october25
october26
october27
october28
october29
october3
october30
october31
october4
october5
october6
october7
october8
october9
octobre
octombrie
octopus
octopus1
octopussy
octubre
oddball
oddbins
oddjob
oddworld
odense
odesk045
odesk123
odessa
odette
odfl4me
odie
odin
odinodin
odnoklassniki
odracir
odranoel
odysseus
odyssey
odyssey1
odz1w1rb9t
ofcourse
ofelia
off
off123456
offenbach
office
office1
office123
officer
officer1
official
offline
offroad
offshore
offspring
offspring1
offthewall
oficina
oficinag3
often
ogb6lkge
ogechi
oguzhan
ohbaby
ohdude
oheapqu86a
ohg
ohio
ohiostate
ohiostate1
ohlala
ohmygod
ohmygod1
ohmygosh
ohshit
ohyeah
oicu812
oigres
oilers
oinkoink
oioioi
oioioioi
oiseau
oiv3bh7356
ojitos
ok
ok100404
ok1234
ok123456
ok200404ok
ok65b6666
okay
okayokay
okcomputer
okechukwu
okidoki
okiedokie
okinawa
okinawa1
okioki
oklahoma
oklahoma1
oklick
oklu730448
okmijn
okmijnuhb
oko
oko123
okocha
okok
okokok
okokok1
okokokok
oks65b6666
oks9czu622
oksana
oksana12
oktavia
okthandha
oktober
okyanus
ola
ola123
ola12345
olabisi
olabode
oladele
oladimeji
olaf
olaide
olaitan
olajide
olakase
olakase123
olakease
olakunle
olalekan
olamide
olamide1
olamilekan
olaniyi
olanrewaju
olaola
olaola1
olaolaola
olaoluwa
olarewaju
olatunde
olatunji
olawale
olayemi
olayinka
olcia
old
old123ma
oldboy
olddog
oldenburg
oldfart
oldfield
oldham
oldies
oldlady
oldman
oldman1
oldnavy
oldnavy1
olds442
oldschool
oldschool1
oldskool
oldsmobile
oldspice
oldtimer
oldtrafford
ole
ole123
ole4ka
oleander
olechka
olecram
oleg
oleg123
oleg1234
oleg12345
oleg1992
oleg1994
oleg1995
oleg1996
oleg1997
oleg1998
oleg2000
oleg2010
olegator
olegna
olegoleg
olemiss
olemiss1
olenka
oleole
oleoleole
oleron
olesia
olesya
olg
olga
olga123
olga1984
olgaolga
oli
oli123
olidata
olifant
olimpia
olimpo
olinda
olinka
olioli
oliva
olivares
olive
olive1
olive123
oliveira
olivejuice
oliveoil
oliver
oliver00
oliver01
oliver02
oliver03
oliver04
oliver05
oliver06
oliver07
oliver08
oliver09
oliver1
oliver10
oliver11
oliver12
oliver123
oliver1234
oliver13
oliver14
oliver15
oliver2
oliver21
oliver22
oliver23
oliver24
oliver3
oliver77
oliver88
oliver98
oliver99
olivera
oliveros
olives
olivetti
olivia
olivia01
olivia03
olivia04
olivia05
olivia06
olivia07
olivia08
olivia1
olivia10
olivia11
olivia12
olivia123
olivia13
olivia2
olivia22
olivia98
olivia99
olivier
olivier1
oliwia
oliwia1
oliwier
oliwka
ollie
ollie1
ollie123
olliedog
olo65b6666
ololo
ololo123
ololol
olololo
olongapo
olorin
olsen
olsson
oluchi
olufemi
olumide
olusegun
olusia
olusola
oluwafemi
oluwakemi
oluwasegun
oluwaseun
oluwaseyi
oluwatobi
oluwatosin
oluwatoyin
oluwole
olvido
olympe
olympia
olympia1
olympiakos
olympiakos7
olympic
olympics
olympique
olympus
olympus1
om
oma
oma123
omalley
omaopa
omar
omar12
omar123
omar1234
omarcito
omarion
omarion1
omaromar
ome
omega
omega1
omega12
omega123
omega13
omega2
omega3
omega5
omega666
omega7
omegaman
omegared
omegas
omen666
omer
omer123
omeromer
omerta
omfg
omfglol
omfgomfg
omg
omg123
omg12345
omg999
omglol
omglol123
omgomg
omgomg1
omgomg123
omgomgomg
omgwtf
omgwtf123
omgwtfbbq
omgwtfbbq1
omicron
omics123
omni
omnibus
omnipotent
omnislash
omnitrix
omnomnom
omoikane
omolara
omolola
omomom
omonoia
omor01925
omotayo
omotola
omowunmi
ompong
omsainath
omsairam
omsakthi
omshanti
omshantiom
omsrisairam
oncology
ondine
ondra
ondrasek
ondrej
one
one123
one1love
one1two2
one234
one23456
one2one
one2three
one2three4
one4all
oneandonly
oneblood
oneday
onedirection
oneeye
onegai
onegod
oneill
onelife
onelove
onelove1
onelove123
onelove2
oneluv
oneman
onemoretime
oneone
oneoneone
oneonone
onepiece
onepiece1
onepiece123
onering
oneshot
onetime
onetime1
onetreehill
onetwo
onetwo12
onetwo3
onetwo34
onetwothree
oneway
oneworld
onfire
onigiri
onimusha
onion
onions
onizuka
onkelz
onl
online
online01
online1
online11
online12
online123
only
only1god
only1me
only4me
only4u
only4you
onlyforme
onlygod
onlyiknow
onlylove
onlyme
onlyme1
onlyone
onlyone1
onlyyou
onmyown
onomatopeja
onomatopoeia
onslaught
onspeed
ontario
ontario1
ontheroad
onur123
onverse
onverse1
onverse123
onyeka
onyx
oo17oo17
oogabooga
ooicu812
ookami
ooo
ooo000
oooo
oooo0000
ooooo
oooooo
ooooooo
oooooooo
oooooooooo
oooppp
oops
op
op0000
op123456
op7wph8t5f
opa
opal
opaline
opaopa
ope
opel
opelastra
opelcorsa
opelomega
opelopel
opeltigra
opelvectra
open
open12
open123
open1234
open42
open4me
opendoor
opened
opengl
opening
openit
openme
opennow
openopen
opensaysme
opensesame
openthedoor
openup
openup1
openup123
opera
opera1
opera123
operamini
operation
operation1
operation7
operations
operator
operator1
opeyemi
ophelia
ophelia1
ophelie
opiate
opinion
opium
opojaree
opop9090
opopop
opopopop
opossum
opportunity
opq28giz1z
optical
optima
optimal
optimism
optimist
optimistic
optimum
optimus
optimus1
optimusprime
option
optional
options
optiplex
optiquest
optout
opus
oqqtpdb468
ora
oracle
oracle1
oracle123
oralsex
oran31
orange
orange00
orange01
orange1
orange10
orange11
orange12
orange123
orange1234
orange13
orange14
orange15
orange16
orange17
orange2
orange20
orange21
orange22
orange23
orange24
orange25
orange3
orange33
orange4
orange44
orange5
orange55
orange6
orange66
orange69
orange7
orange77
orange8
orange88
orange9
orange99
orangejuice
oranges
oranges1
oranggila
orangina
orangutan
oranje
orazio
orbit
orbital
orca
orchard
orchard1
orchestra
orchid
orchidea
orchidee
orchids
ordenador
ordenador1
order
order66
orders
ordinary
ordinateur
oregano
oregon
oregon1
oregontrail
orellana
oreo
oreo11
oreo12
oreo123
oreo1234
oreocookie
oreoluwa
oreooreo
oreste
orestes
organic
organic1
organize
orgasm
ori
oriana
oriane
orient
oriental
oriflame
origami
origin
original
original1
original21
orih1224
oriole
orioles
orioles1
orion
orion1
orion123
orione
orions
orlando
orlando1
orlando12
orlando123
orlando2
orlandobloom
orlane
orleans
orlova
ornella
orochi
orochimaru
orologio
orospu
orozco
orphee
orpheus
orquidea
orsetto
ortega
orthodox
ortiz
orville
orwell
orwell1984
os24w9ekul
osama
osama123
osamodas
osasuna
osborne
osbourne
osc
oscar
oscar01
oscar1
oscar10
oscar11
oscar111
oscar12
oscar123
oscar1234
oscar13
oscar2
oscar3
oscar7
oscarcat
oscardog
oscare
oscarito
oscaroscar
oscars
oscarwilde
oscuridad
osgood
oshkosh
osho
oshoosho
oshoworld
osiris
osiris1
osito
ositos
oskar
oskar1
oskar123
oskarek
oskarek1
osman
osman1
osman123
osmosis
osnload12-10-08
osooso
osorio
osprey
ossian
ost
osterhase
ostern
ostrava
ostrich
ostrov
ostsee
osvaldo
oswald
oswaldo
otacon
otaku
otavio
otceq798nc
otello
othello
othello1
others
otherside
otis
otrebla
otrebor
ottawa
otter
otter1
otters
otto
ottobre
ottoman
ottootto
ou171423
ou29q6666
ou68q6666
ou69q6666
ou812
ou8122
ou8123
ou812345
ou8124me
ou8125150
ou812ic
ou812ou812
ou89q6666
ouch
oui
ouioui
ouistiti
ouk29q6666
our3kids
ouragan
ourhouse
ouroboros
ourson
ourworld
oush2010
ousmane
oussama
out
outa0901
outback
outback1
outbreak
outcast
outdoor
outdoors
outhouse
outkast
outkast1
outlander
outlaw
outlaw1
outlaw1957
outlaws
outlawstar
outlawz
outlet
outlook
outpost
outside
outsider
outsiders
outstanding
outubro
ov7q4oo725
ovation
ove
ovechkin
ovechkin8
over
over2yangshuo
over9000
overcome
overcomer
overdose
overdrive
overflow
overgrow
overkill
overkill1
overland
overload
overlook
overlord
overlord1
overmars
overmind
override
overseas
oversoul
overtime
overton
overture
ovidiu
oviedo
owen
owen10
owen123
owen1234
owenowen
owieczka
ownage
ownage1
ownage12
ownage123
owned
owned1
owned123
owner
ownzyou
owolabi
owt243ygbh
owt243ygbj
owvhrepni
oxford
oxford1
oxnard
oxuhlaa
oxygen
oxygene
oxymoron
oyster
oyzw4a6g6w
ozzie
ozzie1
ozzie123
ozzman
ozzy
ozzy123
ozzy666
ozzyozzy
p
p00hbear
p00kie
p00p00
p00pie
p00pp00p
p030710p
p0k3m0n
p0kem0n
p0kemon
p0o9i8
p0o9i8u7
p0o9i8u7y6
p0p0p0
p0p0p0p0
p0pc0rn
p0rc3l4n4
p0rnstar
p12345
p123456
p1234567
p12345678
p123456789
p1a1r1a1p1a
p1j1btxy7c
p1neapple
p1p2p3
p1p2p3p4
p1ssword
p244w0rd
p244word
p2ssw0rd
p2ssword
p33kab00
p3avbwjw
p3pp3r
p3rat54797
p455w0rd
p455word
p4ssw0rd
p4ssword
p51mustang
p6532320
p7678287
p8ntball
p909c932
p@$$w0rd
p@$$word
p@55w0rd
p@cific123
p@ssw0rd
p@ssw0rd1
p@ssword
p@ssword1
pa
pa$$w0rd
pa22w0rd
pa22word
pa33w0rd
pa33word
pa55w0rd
pa55word
pa88word
paarden
paashaas
pablito
pablito1
pablo
pablo1
pablo123
pablos
pac
pace
pacers
pacers31
pacha
pachanga
pacheco
pacific
pacific1
pacific123
pacific@123
pacifica
pacifico
pacino
package
packard
packard1
packardbell
packer
packers
packers04
packers1
packers12
packers123
packers4
packman
packrat
pacman
pacman1
pacman12
pacman123
paco
paco123
pacopaco
pacute
pad
padang
padawan
paddington
paddle
paddock
paddy
paddy1
paddy123
padfoot
padilla
padilla1
padlock
padma
padmaja
padmavathi
padmini
padova
padrepio
padres
padrino
paffad
pagan
pagani
paganini
page
pagedown
pageup
pagibig
pagoda
pai
paige
paige1
paige123
paimae
pain
painful
painislove
painkiller
painless
paint
paint1
paintbal
paintball
paintball1
paintball2
paintbrush
painter
painter1
painting
painting1
paints
paisley
paisley1
paiste
paixao
pajarito
pajaro
pajero
pak
pak123
pakalolo
pakaya
paki4life
pakistan
pakistan007
pakistan1
pakistan11
pakistan12
pakistan123
pakistan1234
pakistan12345
pakistan143
pakistan1947
pakistan2
pakistan47
pakistan786
pakistani
pakito
pakpak
paktofonika
pal
palaboy
palace
palace1
palacio
palacios
paladin
paladin1
paladin123
paladine
paladino
palaka
palang
palangga
palani
palavra
palawan
palembang
palencia
palermo
palermo1
palestina
palestine
palestra
paleta
palidhje
palito
palkia
palladin
palladium
pallas
pallavi
pallavolo
pallina
pallino
pallmall
pallmall1
pallone
palma
palmas
palmbeach
palmeiras
palmeiras1
palmeiras123
palmer
palmer1
palmera
palmetto
palmier
palmira
palmolive
palmtree
palmtree1
palmtree12
palmtrees
paloalto
paloma
paloma1
paloma123
palomar
palomino
palomita
palomitas
palomo
palpal
palpatine
pam
pam123
pam2233
pamacs
pamela
pamela01
pamela1
pamela11
pamela12
pamela123
pamelita
pampam
pampampam
pampanga
pampers
pamplemousse
pamplona
pamungkas
pan
pan123
panacea
panache
panadol
panagiotis
panama
panama1
paname
panasoni
panasonic
panasonic1
panasonic123
panasonik
panatha
panatha13
panathinaikos
pancake
pancake1
pancakes
pancakes1
pancasila
pancha
panchita
panchito
pancho
pancho1
pancho12
pancho123
pancreas
panda
panda1
panda101
panda11
panda12
panda123
panda1234
panda13
panda2
pandabear
pandabear1
pandaman
pandapanda
pandas
pandas1
pandas123
panday
pandemonium
pandesal
pandey
pandit
pandita
pandora
pandora1
pandora123
pandora7
pandoras
pandorasbox
pandu
panerds21
panganiban
pangasinan
pangea
pangeran
panget
panget1
pangetako
pangetka
pangetmo
pangga
pangilinan
pangit
pangit1
pangitako
pangitka
pango
pangpang
pangya
panhead
panic
panic!
panic1
panico
panini
panino
pankaj
pankaj123
pankaj25
pannekoek
pannkaka
panocha
panorama
panoramix
panpan
pansen
pantalon
pantani
pantat
pantek
panter
pantera
pantera1
pantera123
pantera2
pantera666
pantheon
panther
panther1
panther12
panther123
panther13
panther2
panther3
panther5
panther7
panthera
panthere
panthers
panthers1
panties
panties1
pantoufle
pants
pants1
pantufa
pantyhos
pantyhose
panzer
panzer1
panzer12
panzer123
panzo
pao
paokara
paokara4
paola
paola1
paola123
paoletta
paolina
paolino
paolita
paolo
paolo1
paolo123
paopao
pap
pap9luv91v
papa
papa01
papa10
papa11
papa12
papa123
papa1234
papa12345
papabear
papacito
papagaio
papagal
papagei
papaji
papako
papamama
papamama1
papamaman
papamummy
papang
papanoel
papapa
papapa1
papapapa
papaq5pwy
paparazi
paparazzi
paparoach
paparoach1
papart
papas
papasito
papasmurf
papatya
papaya
papaye
paper
paper1
paper123
papera
paperboy
paperclip
paperclip1
papercut
paperina
paperindex
paperindex1
paperindex1*
paperinik
paperino
papermario
papermate
papero
paperone
papers
papi
papichulo
papier
papillon
papimami
papino
papito
papoose
papou
papounet
pappa
pappa1
pappa123
pappagallo
pappas
papper
pappnase
pappu
pappy
pappy123
paprika
papuga
papusa
papyrus
paquita
paquito
par
para
parabellum
parabola
paracetamol
parachute
parad1se
parada
parade
paradies
paradigm
paradigma
paradis
paradise
paradise1
paradiso
paradoks
paradox
paradox1
paragon
paragon1
paraguay
paraiso
parakeet
paralegal
paralelepipedo
parallax
parallel
paramedic
paramedic1
paramita
paramore
paramore1
paramore12
paramore123
paramount
parana
paranoia
paranoid
paranoid1
paranormal
parapa
parapara
parapente
parapluie
paras
parasite
parasol
parazit
parazitii
parbrook123
pardon
paredes
pareko
parekoy
parent
parents
paresh
parfait
parfum
pari
pariah
parigi
parimala
paris
paris1
paris12
paris123
paris2
paris75
parisfrance
parish
parishilton
parisien
parisparis
pariss
parissg
park
parker
parker01
parker1
parker10
parker11
parker12
parker123
parking
parkinson
parkland
parklane
parkour
parkour1
parkour123
parkside
parkview
parkway
parkway1
parkwood
parlament
parliament
parmar
parokya
parol
parol1
parol12
parol123
parola
parola1
parola12
parola123
parola1234
parola21
parola22
parola33
parolamea
parolamea1
parolaparola
parolata
parole
paroli
paroll
parolparol
parool
parrain
parramatta
parris
parrish
parrot
parrot1
parrothead
parsifal
parsley
parsnip
parsons
parsons1
partha
parties
partizan
partizan1
partner
partner1
partners
partridge
parts
partsites
parttime
party
party1
party123
partyboy
partygirl
partyof5
partyrock
partytime
partz
parvathi
parvathy
parvati
parveen
pas
pas123
pas5word
pasadena
pasaporte
pasarica
pasaway
pasaway1
pasban123
pascal
pascal01
pascal1
pascal11
pascal12
pascal123
pascale
pascaline
pascalou
pascha
pascua
pascual
pasha
pasha1
pasha123
pasion
paska
paska123
paskaa
paskal
pasodeblas
pasokonn
paspas
paspass1234
pasport
pasquale
pass
pass00
pass01
pass09
pass1
pass10
pass11
pass1111
pass1122
pass12
pass123
pass1234
pass12345
pass123456
pass123word
pass12sa
pass1436
pass1478
pass1525
pass1655
pass1word
pass2
pass2012
pass22
pass2244
pass2512
pass2word
pass4me
pass4word
pass6321
pass9876
pass99
pass@123
pass@word1
passage
passarinho
passat
passat1
passcode
passcode1
passe
passed
passenger
passer
passera
passes
passhaslo123
passing
passion
passion1
passion12
passion123
passion2
passion7
passion8
passionate
passione
passions
passit
passme
passme123
passord
passord1
passord123
passover
passowrd
passp0rt
passpass
passpass1
passport
passport1
passss
passsword
passw
passw0rd
passw0rd!
passw0rd1
passw0rd12
passw0rd123
passw0rt
passw2rd
passw3rd
passward
passwd
passwd1
passwd123
passwerd
passwerd1
passwo
passwor
passwor1
password
password!
password-1
password.
password.1
password0
password00
password000
password001
password007
password01
password02
password03
password04
password05
password06
password07
password08
password09
password1
password1!
password10
password100
password101
password11
password111
password12
password12!
password121
password123
password1234
password12345
password123456
password1234567
password123456789
password13
password14
password15
password16
password17
password18
password19
password2
password20
password2000
password2008
password2009
password2010
password2011
password2012
password21
password22
password23
password24
password25
password26
password27
password28
password29
password3
password30
password31
password32
password321
password33
password34
password4
password42
password420
password44
password45
password456
password5
password55
password56
password6
password66
password666
password67
password69
password7
password72
password77
password777
password78
password786
password79
password8
password82
password83
password84
password85
password86
password87
password88
password888
password89
password9
password90
password91
password911
password92
password93
password94
password95
password96
password97
password98
password99
password999
password?
password@123
password_temporal
passworda
passwordd
passwordko
passwordlol
passwordnoncree
passwordpassword
passwordq
passwords
passwords1
passwordx
passwordz
passwordzx3d56
passwork
passworld
passwort
passwort1
passwort12
passwort123
passwort2
passwrd
passwurd
pasta
pasta1
pasta123
pastel
pasteur
pastis
pastis51
pastor
pastor1
pastorius
pastrana
pastry
pasuma12
pasuruan
pasuwado
pasvord
paswoord
pasword
pasword1
pasword123
pat
pat123
patagonia
patamon
patanahi
patapata
patapon
patapouf
patata
patatas
patate
patates
patatina
patato
patch
patch1
patch123
patches
patches1
patches12
patches123
patches2
patchouli
patchwork
patchy
patel
patel123
paterson
pateta
pathan
pathetic
pathfinder
pathology
pathsala789
pathways
pati
patience
patience1
patient
patita
patito
patitofeo
patman
pato
pato123
patoche
patopato
patou
patpat
patria
patric
patrice
patrice1
patricia
patricia1
patricia12
patricia123
patricio
patrick
patrick01
patrick09
patrick1
patrick10
patrick11
patrick12
patrick123
patrick13
patrick14
patrick15
patrick16
patrick17
patrick2
patrick21
patrick22
patrick23
patrick24
patrick3
patrick4
patrick5
patrick6
patrick7
patrick8
patrick88
patrick9
patrick99
patricks
patrickstar
patrik
patrik123
patriot
patriot1
patriot27
patriots
patriots1
patriots12
patrizia
patrizio
patrol
patron
patronus
patrycja
patrycja1
patryczek
patryk
patryk1
patryk11
patryk12
patryk123
patsy
pattaya
patter
pattern
patterson
patterson1
patti
pattie
pattinson
patton
patton1
patty
patty1
patty123
pattycake
pau
paul
paul01
paul1
paul11
paul12
paul123
paul1234
paul12345
paula
paula1
paula12
paula123
paulaner
paulas
paulchen
paule
pauleen
pauleta
paulette
paulfrank
pauli
paulie
paulin
paulina
paulina1
paulina123
pauline
pauline1
paulinha
paulinho
paulinka
paulinka1
paulino
paulista
paulita
paulius
pauljohn
paulo
paulo1
paulo123
paulos
paulpaul
paulus
paulwalker
paulyn
paupau
pav
pavan
pavani
pavankumar
pavarotti
pavel
pavel1
pavel123
pavement
pavilion
pavilion1
pavithra
pavlik
pavlina
pavlov
pavlova
paw
pawan
pawapuro
pawel
pawel1
pawel12
pawel123
pawelek
pawelek1
pawerjon123
pawpaw
pawprint
pax140325
pax140326
paxton
pay
payal
payaso
payasugym
payat
payatot
payback
paycheck
payday
payment
payne
paypal
paypay
payroll
payton
payton1
payton34
pazaway
pazeamor
pazomix
pazzword
pazzword123
pbkdf1
pbvfktnj
pc8jdcu83e
pcdvn973rq
pcgamer
pcgames
pdiddy
pdk8y49cxr
pdnejoh
pdq4rv
pdtplf
pe
pea
peabody
peace
peace1
peace101
peace11
peace12
peace123
peace2
peace2u
peace3
peace4me
peace7
peaceandlove
peaceful
peaceful1
peacelove
peacemaker
peaceman
peaceout
peaceout1
peaces
peach
peach1
peach123
peaches
peaches01
peaches1
peaches11
peaches12
peaches123
peaches2
peaches3
peaches7
peachie
peachtree
peachy
peachy1
peacock
peacock1
peacock7
peanut
peanut00
peanut01
peanut03
peanut05
peanut06
peanut07
peanut08
peanut09
peanut1
peanut10
peanut11
peanut12
peanut123
peanut13
peanut14
peanut15
peanut2
peanut21
peanut22
peanut23
peanut24
peanut3
peanut5
peanut69
peanut7
peanut77
peanut99
peanutbutter
peanuts
peanuts1
peapod
pearce
pearl
pearl1
pearl123
pearljam
pearljam1
pearljam10
pearls
pearly
pearson
pearson1
peartree
peavey
pebble
pebbles
pebbles1
pebbles12
pebbles123
pebbles2
pecker
pecora
ped
pedagogia
peddler
pedersen
pedigree
pedobear
pedorro
pedrinho
pedrito
pedro
pedro007
pedro1
pedro10
pedro12
pedro123
pedro1234
pedro12345
pedro123456
pedrohenrique
pedropedro
pedros
pedrosa
pee
peejay
peekab00
peekaboo
peekaboo1
peepee
peeper
peepers
peeps
peewee
peewee1
peewee12
peewee123
peg
pegase
pegaso
pegasus
pegasus1
peggy
peggy1
peggy123
peggysue
pegleg
peinture
peipei
pejsek
pekalongan
pekanbaru
peking
pekkle
pekpek
pel
pelado
pelangi
pelayo
pele
pele10
pelican
pelican1
pelicano
pelicula
peliculas
peligro
pelikan
pelle
pelle123
pellegrino
pelota
pelotas
pelotudo
peluche
peluche1
peluchin
peludo
pelumi
pelusa
peluso
pembroke
pen
penang
pencil
pencil1
pencil12
pencil123
pencils
pendejo
pendejo1
pendejos
pendragon
pendrive
pendulum
pene
pene123
penelopa
penelope
penelope1
penfold
pengpeng
penguin
penguin1
penguin11
penguin12
penguin123
penguin13
penguin2
penguin3
penguin5
penguin7
penguin8
penguin9
penguinator948
penguins
penguins1
penis
penis1
penis12
penis123
penis69
penispenis
peniss
penner
penner123
penney
pennie
pennies
pennington
pennis
pennstate
pennstate1
penny
penny1
penny12
penny123
penny2
pennydog
pennylane
pennys
pennywise
pennywise1
penpal
penpals
penpen
pensacola
penshoppe
pentagon
pentagram
pentax
penthouse
pentium
pentium1
pentium2
pentium3
pentium4
people
people1
people11
people12
people123
people2
people22
peoples
peoples1
peoria
pep
pepa
pepe
pepe12
pepe123
pepe1234
pepepe
pepepepe
pepere
peperoni
pepete
pepette
pepinillo
pepino
pepita
pepite
pepito
pepito1
pepito123
pepote
peppapig
peppe
pepper
pepper00
pepper01
pepper09
pepper1
pepper10
pepper101
pepper11
pepper12
pepper123
pepper13
pepper14
pepper15
pepper2
pepper21
pepper22
pepper23
pepper33
pepper5
pepper69
pepper7
pepper99
pepperdog
peppermint
peppermint00
pepperoni
pepperoni1
pepperonipizza
peppers
peppers1
peppie
peppino
peppone
peppy
pepsi
pepsi1
pepsi101
pepsi12
pepsi123
pepsi2
pepsicola
pepsicola1
pepsie
pepsii
pepsiman
pepsimax
pepsimax1
pepsione
pepsis
pequena
per
perach
peralta
perceval
percival
percolate
percussion
percy
percy1
percyjackson
perdana
perdita
peregrin
peregrine
peregrino
pereira
pereira1
perelka
perelka1
perempuan
perez
perez1
perez123
perfect
perfect1
perfect10
perfect123
perfect2
perfectdark
perfection
perfecto
perfectworld
perfekt
performance
perfume
perica
pericles
perico
peridot
period
periwinkle
perkele
perkele1
perkins
perkins1
perla
perla1
perlas
perle
perlita
permana
permanent
permata
permit
pernilla
pernille
perola
peropero
perper
perpetua
perpetual
perpignan
perras
perrier
perrin
perrine
perrita
perrito
perritos
perro
perro1
perro123
perroloco
perron
perros
perry
perry1
perry123
persahabat
perse
persephone
perseus
pershing
persia
persian
persib
persib1933
persija
persik
persil
persimmon
persoff
person
person1
persona
persona1
persona3
persona4
personal
personal1
personal123
personne
personnel
perspolis
persson
peru
peru2010
peruano
perugia
pervert
pes
pes2008
pes2009
pes2010
pescado
pescador
pescara
pescatore
pesciolino
peshawar
pessoa
pet
petals
petanque
petardas
petardo
petasse
pete
pete123
petepete
peter
peter007
peter01
peter1
peter11
peter12
peter123
peter1234
peter12345
peter2
peter3
peterb
peterbilt
peterj
peterle
peternorth
petero
peterose
peterpan
peterpan1
peterparker
peterpeter
peterr
peters
petersburg
petersen
peterson
peterson1
petete
petewentz
petey
petey1
petike
petit
petitcoeur
petite
petlover
petpet
petr
petra
petra1
petra123
petras
petrica
petrie
petrik
petro
petrol
petroleum
petronas
petronela
petros
petrov
petrova
petrovich
petrucci
petrus
petruska
petshop
petter
petteri
petula
petulka
petunia
petunia1
peugeot
peugeot1
peugeot106
peugeot206
peugeot306
peugeot307
peugeot406
pewdiepie
pewpew
pewter
peyton
peyton1
peyton18
pf
pfchfytw
pfeiffer
pferde
pfhfpf
pfkegf
pfloyd
pflybwf
pfqxbr
pfqxjyjr
pfrbn123457
pft
ph
ph03n1x
ph0enix
ph2u2lav8v
pha
phaedra
phaedrus
phalanx
phanie
phantasm
phantasy
phantom
phantom1
phantom12
phantom123
phantom2
phantom7
phantoms
pharaoh
pharaon
pharma
pharmacie
pharmacist
pharmacy
pharmacy1
pharoah
pharrell
phaser
phat
phatboy
phatfarm
phatty
pheasant
phelps
phenix
phenom
phenomenon
pheobe
pheonix
pheonix1
phi
phialpha
phil
phil123
phil413
philadelphia
philbert
philip
philip1
philip12
philip123
philip23
philipp
philipp1
philipp123
philippa
philippe
philippe1
philippine
philippine1
philippines
philips
philips1
philips123
philips2
phillies
phillies1
phillip
phillip1
phillips
phillips1
philly
philly1
philly215
philomena
philong
philosophy
philou
phineas
phiphi
phish
phish1
phish420
phishy
pho
phobia
phobos
phoebe
phoebe01
phoebe1
phoebe123
phoebus
phoenix
phoenix01
phoenix1
phoenix11
phoenix12
phoenix123
phoenix13
phoenix2
phoenix3
phoenix5
phoenix7
phoenix8
phoenix9
phone
phone1
phone123
phonebook
phones
phong
phong123
phongvan
photo
photo1
photo123
photog
photograph
photography
photoman
photon
photos
photoshop
photosmart
php182535
phreak
phuket
phuong
phuong123
phuonganh
phuonglinh
phuongthao
phuongthuy
phyllis
phyllis1
physical
physics
physics1
physio
physique
pi
pi31415
pi314159
pi31415926
pia
piaggio
pianist
pianista
piano
piano1
piano123
pianoforte
pianoman
pianos
piapia
piazza
piazza31
pic
picachu
picapica
picard
picard1
picaso
picasso
picasso1
picchio
piccione
piccola
piccolina
piccolo
piccolo1
pichon
pichu
pichula
pickachu
pickel
picker
pickering
pickle
pickle1
pickle12
pickle123
pickles
pickles1
pickles12
pickles123
pickles2
pickup
pickwick
picnic
pico
picolo
picopico
picpost_type_id
picsou
picture
picture1
pictures
pictures1
pidaras
pie
pie123
pie12345
pieces
piedmont
piedra
pieface
pieisgood
pieman
piemel
piepie
piepie1
piepiepie
pierce
pierce34
piercing
pierdolsie
pierina
pierino
pierluigi
piero
pierpaolo
pierre
pierre1
pierre123
pierrick
pierro
pierrot
pies
piesek
piesek1
pieter
pietje
pietra
pietro
pig
pig123
pigdog
pigeon
pigeon1
pigface
piggie
piggies
piggy
piggy1
piggy123
piggybank
piggys
piglet
piglet01
piglet1
piglet12
piglet123
pigman
pigpen
pigpie
pigpig
pigs
pik
pika
pikachu
pikachu1
pikachu11
pikachu12
pikachu123
pikachu2
pikachu22
pikachu25
pikachu7
pikapika
pikatchu
pikica
pikmin
piknik
pikolo
pikopiko
pikpik
pil
pilar
pilates
pilatus
pilchard
pilgrim
pilgrim1
piligrim
pilipinas
pilipinas1
pilipino
pillar
pillepalle
pillow
pillow1
pillows
pilot
pilot1
pilot123
pilote
piloto
pilots
pilou
pilsner
pim
pimaout
pimboli
pimenta
pimentel
pimmel
pimousse
pimp
pimp101
pimp11
pimp12
pimp123
pimp1234
pimp13
pimp23
pimp4life
pimp69
pimpdaddy
pimpdaddy1
pimpek
pimper
pimpette
pimpim
pimpin
pimpin1
pimpin101
pimpin12
pimpin123
pimpin2
pimpin23
pimpin69
pimping
pimping1
pimpjuice
pimple
pimpmyride
pimpollo
pimppimp
pimpshit
pimpster
pin
pina
pinacolada
pinarello
pinball
pinball1
pincopallino
pindakaas
pinder
pine
pineappl
pineapple
pineapple1
pineapple123
pineapple2
pineapple7
pineapples
pinecone
pineda
pinetree
pinewood
ping
ping123
pingas
pingouin
pingping
pingpong
pingpong1
pingu
pinguin
pinguin1
pinguino
pingvin
pingwin
pinhead
pinhead1
pinheiro
pinina
pink
pink01
pink07
pink08
pink09
pink10
pink101
pink11
pink12
pink123
pink1234
pink12345
pink13
pink14
pink15
pink16
pink17
pink18
pink21
pink22
pink23
pink24
pink33
pink69
pink77
pink88
pink99
pinkangel
pinkblue
pinkbunny
pinker
pinkerton
pinkey
pinkflower
pinkfloyd
pinkfloyd1
pinkgirl
pinkgirl1
pinki
pinkie
pinkie1
pinkiepie
pinkish
pinklady
pinklady1
pinklove
pinklover
pinkness
pinkpanter
pinkpanther
pinkpig
pinkpink
pinkpink1
pinkpony
pinkprincess
pinkpussy
pinkrose
pinkstar
pinky
pinky1
pinky101
pinky12
pinky123
pinky2
pinkygirl
pinkypie
pinkys
pinnacle
pino
pinocchio
pinocho
pinokio
pinopino
pinoy
pinoy1
pinoyako
pinpin
pinpon
pinsel
pintail
pintar
pinto
pintoo
pintu
pintura
pinuccio
pio
piolin
piolo
pioneer
pioneer1
pioneers
pioner
pionex
piopio
piotr
piotr1
piotr123
piotrek
piotrek1
piotrek12
piotrek123
piotrus
pioupiou
pip
pipe
pipeline
piper
piper1
piper123
pipers
pipi
pipi123
pipicaca
pipikaka
pipina
pipino
pipipi
pipipipi
pipiska
pipito
pipkin
piplup
pipo
pipoca
pipoca1
pipopipo
pippa
pippa1
pippa123
pippen
pippen33
pipper
pippero
pippi
pippin
pippin1
pippip
pippo
pippo1
pippo100
pippo123
pippobaudo
pippolo
pippone
pippopippo
pippy
pipsqueak
pir
pira9821
piramida
piramide
piranha
pirat
pirata
piratas
pirate
pirate1
pirate12
pirate123
pirate654
pirates
pirates1
pirelli
piropiro
pirouette
pirulito
pirulo
pis
pisang
pisces
pisces1
piscina
piscine
piscis
pisellino
pisello
pisellone
pisialove88
pisica
pisicuta
pisolo
piss
pissant
pissed
pissedoff
pisser
pisshead
pissoff
pissoff1
pissword
pistache
pistachio
pistol
pistola
pistolet
piston
pistons
pistons1
pit
pita
pitagora
pitagoras
pitbul
pitbull
pitbull1
pitbulls
pitch
pitcher
pitchou
pitchoun
pitchoune
piter
piter1
piter123
pito
pitoune
pitpit
pitstop
pittbull
pittman
pittsburgh
pituca
pitufa
pitufina
pitufo
piupiu
pivoine
pixel
pixels
pixie
pixie1
pixie123
pixiedust
pixies
piyopiyo
piyush
piz
pizarro
pizda
pizda1
pizda123
pizdec
pizza
pizza1
pizza10
pizza101
pizza11
pizza12
pizza123
pizza1234
pizza2
pizza5
pizzaa
pizzaboy
pizzahut
pizzahut1
pizzaman
pizzaman1
pizzapie
pizzapizza
pizzas
pizzas1
pizzeria
pj2f6f4pab
pjkjnj
pk
pk123456
pk3x7w9w
pk3x7w9w7r
pkpkpk
pl
pla
placebo
placebo1
placek
placement
placerarts
places
placido
plague
plaisir
plamen
plane
planes
planet
planet1
planet123
planeta
planete
planets
plank
plankton
planner
planning
planotx
plant
plantation
plante
planters
plants
plasma
plaster
plastic
plastic1
plastics
plastik
plat1num
platano
platin
platina
platini
platinum
platinum1
plato
platon
platoon
platypus
platypus1
play
play123
play1234
play2win
play4fun
playa
playa1
playa123
playa4life
playas
playaz
playback
playball
playbill
playboi
playboy
playboy01
playboy1
playboy10
playboy11
playboy12
playboy123
playboy13
playboy14
playboy15
playboy2
playboy21
playboy3
playboy6
playboy69
playboy7
playboybunny
playboys
player
player01
player1
player10
player11
player111
player12
player123
player13
player14
player2
player21
player22
player23
player69
players
players1
playful
playgame
playgames
playgirl
playgirl1
playground
playgurl
playhard
playhouse
playing
playmaker
playmate
playme
playmobil
playnow
playplay
playstatio
playstation
playstation1
playstation2
playstation3
playstation4
playtime
plaza
plazma
ple
pleasant
please
please1
please12
please123
pleaseme
pleasure
pleasure1
pleiades
plemiona
plenty
pleomax
plethora
pleymo
plm123
plmokn
plmoknijb
plmplm
plmqaz
plmqaz12
plmqazwsx123
plo
plokij
plokiju
plokijuh
plokmijn
plokplok
plombier
plongee
plonker
plop
plop123
ploplo
ploplop
plopplop
ploppy
plovdiv
plover
plplpl
plu
pluisje
plumber
plumber1
plumbing
plume
plumeria
plumes
plumette
plummer
plump
plums
plus
plus44
pluto
pluto1
pluto123
pluton
plutone
plutonium
pluxgaa
plymouth
plymouth1
pmolik
png
pnufsci218
po
pobeda
pocahontas
pochacco
pocholo
pochta
pocitac
pocket
pockets
pocoloco
pocoyo
poczta
poczta1
pod
pod-fif
poderosa
poderoso
podntn7656
podolski
poekie
poem
poems
poep
poep123
poepen
poephoofd
poepie
poepoe
poeppoep
poesia
poesje
poet
poetic
poetry
poetry1
pogi
pogi123
pogiako
pogiako1
pogiako12
pogiako123
pogiko
pogime
pogipogi
pogita
pogito
pogo
pogoda
pogopogo
pohoda
poi
poi098
poi123
poiiop
poilkj
poilkjmnb
point
pointblank
pointbreak
pointe
pointer
pointer1
pointless
points
pointy
poipoi
poipoi123
poipoipoi
poiqwe
poirot
poison
poison1
poison123
poisonivy
poisson
poissons
poitiers
poiu
poiu0987
poiu1234
poiulkjh
poiupoiu
poiuy
poiuy123
poiuyt
poiuyt1
poiuyt12
poiuyt123
poiuytr
poiuytre
poiuytrew
poiuytrewq
poiuytrewq1
poiuytrewq12
poiuytrewq123
poiuytreza
poiuztrewq
pok
pok29q6666
poke
poke12
poke123
poke1234
pokeball
pokedex
pokeman
pokemaster
pokemo
pokemon
pokemon0
pokemon00
pokemon007
pokemon01
pokemon02
pokemon08
pokemon09
pokemon1
pokemon10
pokemon100
pokemon101
pokemon11
pokemon111
pokemon12
pokemon123
pokemon1234
pokemon12345
pokemon13
pokemon14
pokemon15
pokemon16
pokemon17
pokemon18
pokemon19
pokemon2
pokemon20
pokemon2000
pokemon21
pokemon22
pokemon23
pokemon24
pokemon25
pokemon3
pokemon321
pokemon33
pokemon4
pokemon45
pokemon4ever
pokemon5
pokemon55
pokemon56
pokemon6
pokemon64
pokemon666
pokemon69
pokemon7
pokemon77
pokemon8
pokemon88
pokemon89
pokemon9
pokemon90
pokemon94
pokemon95
pokemon96
pokemon97
pokemon98
pokemon99
pokemonmaster
pokemonn
pokemons
pokemony
pokepoke
poker
poker1
poker101
poker123
pokerface
pokerface1
pokerman
pokerpoker
pokers
pokerstar
pokerstars
pokesmot
pokey
pokey1
pokhara
pokimon
poklop
poknat
pokoloko
pokopoko
pokora
pokpok
pokpok1
pokwang
pokwang1
pol
pol123
polaco
polaczek
polak
polak1
polak123
polanco
poland
poland1
poland123
polar
polar1
polar123
polarbear
polarbear1
polarbears
polaris
polaris1
polaroid
polatalemdar
poldek
poldi
pole
polecat
polenta
polepole
polevault
polgara
poli
policarpio
police
police01
police1
police11
police12
police123
police22
police911
police999
policeauctions
policeman
policia
policie
policija
policja
policja1
policja997
policy
polifemo
poligon
polikloh00000
polilla
polina
polina12
polina123
polina2001
poline
polini
polinka
polipo
polipoli
polis
polish
polisi
polita
polite
politics
politie
politika
polito
polizei
polizia
polk
polka
polka1
polka123
polkadot
polkadots
polkaudio
polki
polki123
polkmn
polkovnik
polkpolk
pollack1
pollard
pollas
pollen
pollita
pollito
pollito1
pollo
pollo1
pollo123
pollock
pollon
pollop
pollopollo
pollos
pollution
pollux
polly
polly1
polly123
pollyanna
pollypocket
polniypizdec0211
polo
polo00
polo11
polo12
polo123
polo1234
polo90
polo99
polochon
pologne
polokolo
pololo
polonez
polonez1
polonia
polonia1
polop
polopo
polopolo
polopolo1
polosport
polpetta
polpol
polpol123
polpolpol
polska
polska1
polska10
polska11
polska12
polska123
polska13
polska2
polska22
polski
poltava
poltergeist
polya123
polya123ma456
polygon
polymer
polynomial
pom
pomelo
pomidor
pomidor1
pomme
pommes
pommes123
pomodoro
pomona
pompey
pompey1
pompier
pompier18
pompiers
pompom
pompom1
pompompom
pompon
pon
ponce
ponchik
poncho
poncho1
ponder
pondering
ponderosa
pondus
pongo
pongo1
pongo123
pongpong
ponies
ponorogo
ponpon
pontiac
pontiac1
pontianak
pontus
pony
pony123
ponyboy
ponygirl
ponypony
ponytail
poo
poo123
poo55555
poobear
poobum
pooch
poochi
poochie
poochie1
poochy
pooder
poodie
poodle
poodle1
poodles
pooface
pooface1
pooh
pooh12
pooh123
poohbear
poohbear1
poohbear12
poohbear123
poohbear13
poohbear2
poohbear3
poohead
poohead1
poohpooh
pooja
pooja123
pooja1994
pooker
pookey
pookie
pookie01
pookie1
pookie11
pookie12
pookie123
pookie13
pookie2
pookie23
pookiebear
pooky
pooky1
pool
pool123
pooleys
poolman
poolparty
poolpool
poolshark
pooman
poonam
poontang
pooooo
poooop
poop
poop00
poop1
poop101
poop11
poop12
poop123
poop1234
poop12345
poop13
poop21
poop22
poop23
poop69
poop90
poop99
poopdeck
poopdick
pooped
poopee
pooper
pooper1
pooper12
pooper123
poopers
poopey
poopface
poopface1
poophead
poophead1
poopie
poopie1
poopie12
poopie123
poopies
pooping
pooplol
pooploop
poopman
poopoo
poopoo1
poopoo11
poopoo12
poopoo123
poopoo2
poopoo22
poopoo99
poopoohead
poopoop
poopoopoo
pooppoop
pooppoop1
pooppy
poops
poopshoot
poopsie
poopstain
poopster
poopy
poopy1
poopy123
poopy2
poopyface
poopyhead
poopypants
poorboy
poornima
pooter
pootie
pop
pop123
pop1234
pop12345
pop123456
popa
popandey
popapopa
popcorn
popcorn1
popcorn10
popcorn11
popcorn12
popcorn123
popcorn2
popcorn22
popcorn23
popcorn3
popcorn5
popcorn7
popel
popescu
popeye
popeye1
popeye123
popeyes
popgirl
popi
popimp
popipopi
popit7
popkorn
poplar
poplol
poplop
popo
popo00
popo0909
popo12
popo123
popo1234
popo9090
popokatepetl
popol
popola
popolo
popololo
popop
popopo
popopo1
popopo123
popopo13
popopopo
popopopopo
poporing
popova
popoy
poppen
popper
poppers
poppet
poppie
poppies
poppies1
poppin
poppins
poppo099x
poppop
poppop1
poppop12
poppop123
poppoppop
poppy
poppy1
poppy12
poppy123
poppy1234
poppy2
poppycat
poppycock
poppydog
poppydog1
poppys
poppyseed
poprock
poprocks
pops
popsicle
popstar
popstar1
popstar123
popstars
poptart
poptart1
poptarts
poptarts1
poptropica
poptropica1
poptropica12
popular
popular1
popularmmos
population
por
porche
porche911
porcinet
porcodio
porcodio1
porcupine
porfavor
poring
pork
porkchop
porkchop1
porker
porkpie
porky
porkypig
porn
porn123
porn69
pornhub
pornking
porno
porno1
porno123
pornografia
pornography
pornos
pornostar
pornpass
pornporn
pornstar
pornstar1
pornstar69
porol777
poronga
poroto
porque
porra
porra123
porras
porridge
porsche
porsche1
porsche123
porsche9
porsche911
porsche944
porschegt3
porsha
porshe
porshe911
port
porta
porta123
portable
portakal
portal
portal123
porter
porter1
portero
portfolio
porthos
portia
portillo
portishead
portista
portland
portland1
portman
portnoy
porto
portocala
portos
portsmouth
portugal
portugal1
portugal10
portugal12
portugal123
portugal7
portugalia
portugues
portvale
porunga
pos
posada
posadas
posaune
poseidon
poseidon1
poseinfopass
positano
position
positive
positive1
positivo
possible
possum
possum1
post
postal
postal2
postcard
poster
postgres
postit
postman
postman1
postoffice
pot
pot420
potaka
potangina
potatis
potato
potato1
potato12
potato123
potatoe
potatoes
potatoes1
potay123
potchi
potemkin
potential
potenza
pothead
pothead1
pothead420
potion
potlood
potnoodle
potomac
potpot
potsdam
potter
potter1
potter11
potter12
potter123
potter13
potters
pottery
pou
poubelle
pouet
pouetpouet
poulain
poulet
poulette
poulpe
pounce
pouncer
pounds
pounette
poupee
poupette
poupie
poupou
poupoule
poupoune
pourquoi
poussin
poussy
poutine
poutou
poutre
povlmly727
pow
powder
powder1
powell
powell1
power
power007
power1
power10
power100
power11
power111
power12
power123
power1234
power12345
power13
power2
power3
power321
power4
power5
power666
power7
power777
power9
power99
power999
powerade
powerade1
powerball
powerbook
powerbot
powered
powerful
powerful1
powerfull
powergirl
powerhouse
powerlogic
powermac
powerman
powerman1
powermax
powerof3
poweron
powerpc
powerplay
powerpoint
powerpower
powerpuff
powerr
powerrange
powerranger
powerrangers
powers
powers1
powers12
powers123
powerslave
powerstroke
powert
powerup
powpow
powwow
poypoy
poyraz
poziomka
pozitiv
pozitiv09
poznan
pp
pp1234
pp123456
pp12345678
pp28u1swju
ppk29q6666
ppoo0099
ppp
ppp000
ppp111
ppp123
pppooo
pppp
ppppp
ppppp1
pppppp
pppppp1
ppppppp
pppppppp
ppppppppp
pppppppppp
pr
pr1nc3ss
pr1ncess
pr6n1bku9b
pra
prabha
prabhakar
prabhat
prabhu
prachi
practical
practice
prada
pradeep
pradip
pragati
prague
pragya
praha
prairie
praise
praise1
praisegod
praisehim
praisethelord
prajakta
prakash
prakash123
praktikum
praline
pramila
pramod
pramuka
pranav
prancer
praning
prank
prankster
prasad
prasad123
prasanna
prasanth
prasetyo
prashant
prashanth
pratama
pratap
prateek
pratham
pratibha
pratik
pratiksha
pratima
pratiwi
pravda
praveen
praveena
pravin
praxis
pray4me
prayer
prayer1
prayers
prdel
prdelka
pre
pre26
preach
preacher
preacher1
preciosa
precioso
precious
precious1
precious12
precious2
precision
predator
predator1
predator123
predator2
predators
preethi
preeti
preetibuffy99
preety
prefect
pregnant
prelude
prelude1
prem
premier
premier1
premiere
premio
premium
premium1
prenses
prentice
preordination
preppy
prerna
presario
presario1
preschool
prescott
present
presiden
president
president1
presidente
presley
presley1
press
press123
pressure
prestige
prestige1
prestigio
presto
preston
preston1
preston123
pretender
pretinha
pretinho
pretoria
pretty
pretty1
pretty10
pretty11
pretty12
pretty123
pretty2
prettybaby
prettyboy
prettyboy1
prettygirl
prettygirl1
prettygurl
prettyinpink
prettykitty
prettylady
prettyme
prettypink
prettyprincess
prettywoman
pretzel
pretzels
prewedpoka
prezes
prezident
pri
price
priceless
pride
pride1
pridurok
priest
prieto
prikol
prima
primal
primary
primavara
primavera
primax
prime
prime1
primera
primetime
primo
primrose
primrose1
primus
princ3ss
prince
prince01
prince07
prince1
prince10
prince11
prince12
prince123
prince1234
prince13
prince1999
prince2
prince21
prince22
prince23
prince55
prince7
prince99
princeofpersia
princes
princes1
princesa
princesa1
princesita
princess
princess!
princess00
princess01
princess02
princess03
princess04
princess05
princess06
princess07
princess08
princess09
princess1
princess10
princess101
princess11
princess12
princess123
princess1234
princess13
princess14
princess15
princess16
princess17
princess18
princess19
princess2
princess20
princess21
princess22
princess23
princess24
princess25
princess26
princess27
princess28
princess29
princess3
princess33
princess4
princess45
princess5
princess6
princess69
princess7
princess77
princess8
princess88
princess89
princess9
princess91
princess92
princess93
princess94
princess95
princess96
princess97
princess98
princess99
princessa
princesse
princeton
princeton1
princezz
principal
principe
principessa
princo
princy
pringle
pringles
pringles1
prinsesa
print
printemps
printer
printer1
printers
printesa
printing
prinz
prinzessin
priora
priority
prisca
priscila
priscilla
priscilla1
prishtina
priska
prisma
prison
prisonbreak
prisoner
prissy
prissy1
pritam
prithvi
priv
privacy
privacy1
privado
privat
private
private1
private123
privet
privet123
privetik
privs
priya
priya123
priyaa
priyam
priyanka
prizrak
pro
pro100
pro123
problem
problems
process
processor
proctor
prodigious
prodigis
prodigy
prodigy1
produce
producer
producer1
product
production
productions
products
profesional
profesor
profesora
profession
professional
professor
professora
profeta
profil
profile
profile1
profile200
profiler
profit
progamer
program
program1
programmer
progress
progress1
progressive
project
project02
project1
project123
project2501
project8
projects
projectsadminx
projekt
proline
prolink
prometeo
prometheus
promise
promise1
promises
promo
promotion
pronto
propaganda
propane
propel
proper
properties
property
property1
prophecy
prophet
prophet1
propro
prosiaczek
proskater
prospect
prosper
prosper1
prosperity
prospero
prosto
prostreet
protect
protect1
protected
protection
protector
protege
protein
proteus
protocol
protoman
proton
protools
protos
protoss
protoss1
prototip
prototype
prototype1
protozoa
prout
proute
proutprout
prov356
prova
provence
proverbs
proverbs31
proverbs356
providence
provider
proview
proview1
provista
prowler
prowler1
proxima
prozac
prudence
prudential
prueba
prunelle
prunes
przemek
przemek1
przemek123
przemo
ps2ps2
ps3hax
ps3rocks
ps4zbif613
psalm119
psalm121
psalm139
psalm150
psalm23
psalm91
psalms
psalms23
psalms91
pseudo
psfeenj768
psgpsg
psicologia
psp
psp123
psp12345
pspgames
pspiso
psppsp
psswrd
pswd2011dlinkers
psy
psyche
psychedelic
psychic
psycho
psycho1
psycho13
psycho666
psychology
psyduck
psylocke
psytrance
pt123456
pt321
ptcruiser
ptuy2506
pu8gs8a8pw
pu9hu48xic
pub
public
publicidad
pucca
puccini
puce
puchatek
puck
pucker
pucky
puddin
pudding
pudding1
puddle
puddles
puddles1
pudge
puebla
pueblo
puerta
puerto
puertorico
puff
puffball
puffdaddy
puffer
puffetta
puffin
puffpuff
puffy
puffy1
pug
pugdog
pugsley
pugsley1
pugsly
pugwash
puissance
pujols
pujols5
pukimak
pukpuk
pula
pulamea
pulamea1
pulamea123
pulcino
pulgas
pulguita
pulpfiction
pulsar
pulsar150
pulsar180
pulsar220
pum
puma
puma123
pumapuma
pumas
pumas1
pumas123
pumba
pumbaa
pumkin
pummel
pumper
pumpitup
pumpkin
pumpkin1
pumpkin11
pumpkin12
pumpkin123
pumpkin2
pumpkin3
pumpkin7
pumpkinpie
pumpkins
pumpkins1
pumpum
pumuckel
pumuklii
pun
punani
punch
puneet
punipuni
punisher
punisher1
punjab
punjabi
punjabi1
punk
punk123
punk4life
punk666
punk77
punkass
punker
punkers
punkgirl
punkie
punkin
punkin1
punkista
punknotdead
punkpunk
punkrawk
punkrock
punkrock1
punkrocker
punks
punksnotdead
punkster
punky
punky1
punter
punto
punyeta
punzalan
pup
pupkin
pupp!e
pupper
puppers
puppet
puppets
puppie
puppies
puppies1
puppies12
puppies123
puppies2
puppup
puppy
puppy1
puppy101
puppy11
puppy12
puppy123
puppy2
puppy7
puppydog
puppydog1
puppylove
puppylove1
puppylover
puppyluv
puppypower
puppys
pupsik
pupuce
pur
puravida
purchase
purchasing
purdey
purdue
pure
puregold
purelife
purelove
purgen
purity
purnama
purnima
purple
purple00
purple01
purple07
purple08
purple09
purple1
purple10
purple101
purple11
purple12
purple123
purple1234
purple13
purple14
purple15
purple16
purple17
purple18
purple19
purple2
purple20
purple21
purple22
purple23
purple24
purple25
purple26
purple27
purple28
purple3
purple33
purple4
purple44
purple5
purple55
purple6
purple66
purple69
purple7
purple77
purple8
purple88
purple9
purple98
purple99
purplecow
purplegirl
purplehaze
purplerain
purpose
purzel
pus
puschel
pushkin
pushok
pushpa
pusia
pusia1
pusinka
puspita
puss
pussie
pussies
pusspuss
pusssy
pussy
pussy1
pussy101
pussy12
pussy123
pussy2
pussy4me
pussy666
pussy69
pussy7
pussycat
pussycat1
pussycatdolls
pussyeater
pussylicker
pussylips
pussylover
pussyman
pussypussy
pussys
pussyy
pusteblume
puszek
puszek1
put
puta
putain
putaka
putamadre
putamerda
putang
putangina
putangina1
putanginam
putanginamo
putaputa
putaquepariu
putaria
putas
puteri
putian123
putita
putnam
puto
putra
putri
puttana
putter
puttputt
puzorez27746
puzzle
puzzles
puzzola
pvkk8z48pa
pw123
pw123456
pw2012yr
pw898klkag
pwd
pwisdiwhs
pwj5d1e9ex
pwlamea10
pwnage
px6gcr51
pynf5ix
pynf7ix
pyq28giz1p
pyramid
pyramid1
pyramide
pyramids
pyro
pyromaniac
python
q
q0tsrbv488
q11111
q111111
q1111111
q11111111
q112233
q11223344
q121212
q123
q123123
q123123123
q123321
q123321q
q1234
q12345
q123456
q1234567
q12345678
q123456789
q1234567890
q123456789q
q123456q
q12345q
q123654
q123q123
q123w123
q12q12
q12we3
q12we34r
q1a1z1
q1a2z3
q1a2z3w4s5x6
q1q1q1
q1q1q1q1
q1q1q1q1q1
q1q1w2w2
q1q2q3
q1q2q3q4
q1q2q3q4q5
q1q2q3q4q5q6
q1w
q1w1e1
q1w1e1r
q1w1e1r1
q1w2e3
q1w2e3asd
q1w2e3q1w2e3
q1w2e3r
q1w2e3r4
q1w2e3r4!
q1w2e3r4t
q1w2e3r4t5
q1w2e3r4t5y
q1w2e3r4t5y6
q1w2e3r4t5y6u7
q1w2e3r4t5y6u7i8
q1w2e3r4t5y6u7i8o9
q1w2e3r4t5y6u7i8o9p0
q1w2e3r4t5z6
q1w2q1w2
q222333
q2345678
q2q2q2
q2w3e4
q2w3e4r
q2w3e4r5
q2w3e4r5t
q2w3e4r5t6
q2w3e4r5t6y
q2w3e4r5t6y7
q2w3e4r5t6y7u8i9o0
q4nonvff
q5201314
q777777
q7gqdnv747
q7w8e9
q7w8e9a4s5d6
q888888
q8a74ippxd
q963258741q
q9dv5tl9up
qa123456
qa27111985qa
qantas
qapmoc
qaqaqa
qaqaqaqa
qaswed
qaswedfr
qavcx411
qawsed
qawsed1
qawsed12
qawsed123
qawsedr
qawsedrf
qawsedrf1
qawsedrftg
qawsedrftgyh
qawsedrftgyhujik
qawsedrftgyhujikolp
qay123
qayqay
qaywsx
qaywsx12
qaywsx123
qaywsxedc
qayxsw
qayxswedc
qaz
qaz111
qaz123
qaz123123
qaz1234
qaz12345
qaz123456
qaz123456789
qaz123qaz
qaz123qaz123
qaz123wsx
qaz123wsx456
qaz12wsx
qaz147
qaz147258
qaz1wsx2
qaz1wsx2edc3
qaz2wsx
qaz321
qaz741
qaz789
qaz963
qazaqaz
qazedc
qazedctgb
qazedcwsx
qazokm
qazpl
qazplm
qazplm123
qazqaz
qazqaz1
qazqaz11
qazqaz12
qazqaz123
qazqazqaz
qazqazqaz1
qazqwe
qazqwe123
qazsdf
qazse123
qazsedc
qazsedcft
qazsew
qazw1234
qazw123ds
qazw21123
qazwer
qazws
qazwsx
qazwsx01
qazwsx1
qazwsx11
qazwsx111
qazwsx12
qazwsx123
qazwsx123123
qazwsx1234
qazwsx12345
qazwsx123456
qazwsx13
qazwsx2
qazwsx21
qazwsx22
qazwsx23
qazwsx321
qazwsx741
qazwsx741852
qazwsxe
qazwsxed
qazwsxed1
qazwsxedc
qazwsxedc1
qazwsxedc11
qazwsxedc12
qazwsxedc123
qazwsxedc1234
qazwsxedc12345
qazwsxedc123456
qazwsxedc2
qazwsxedc321
qazwsxedcq1
qazwsxedcr
qazwsxedcrfv
qazwsxedcrfv1
qazwsxedcrfv123
qazwsxedcrfvtgb
qazwsxedcrfvtgby
qazwsxqaz
qazwsxqazwsx
qazx
qazx1234
qazxc123
qazxcdews
qazxcv
qazxcvb
qazxcvbn
qazxcvbnm
qazxdr
qazxsw
qazxsw1
qazxsw11
qazxsw111
qazxsw12
qazxsw123
qazxsw1234
qazxsw123456
qazxsw2
qazxsw21
qazxsw23
qazxsw321
qazxswed
qazxswedc
qazxswedc1
qazxswedc123
qazxswedcvfr
qazxswedcvfrtgb
qazxswqazxsw
qazxswrt
qazzaq
qazzaq1
qazzaq123
qbsf9gq969
qbx26ng3hh
qdujvyg5sxa
qdye17t1zv
qeadzc
qeq4apf7yb
qeqeqe
qet135q1
qettuq
qg9aa71nrs
qgy6261021
qh09lp1088
qh45rthgh
qh6xl1p9xj
qh7o3oz5sc
qhnxv88k3x
qhs38qr2uy
qiagen
qianqian
qiciqdp162
qingqing
qiu19200439
qj9oe57fta
qjqtery7
qken85ax4h
qkqh12
qkqh123
qkqhdi
qlalf
qlalfqjsgh
qlimax
qn4kbwv559
qo9iuty8
qoxrzwfr
qp7ilc98tg
qpalzm
qpalzm10
qpalzm123
qpqpqp
qpqpqpqp
qpwo1029
qpwoei
qpwoeiru
qpwoeiruty
qq
qq000000
qq100000099
qq111111
qq1122
qq112233
qq11qq
qq11qq11
qq11ww22
qq123000
qq123123
qq123321
qq1234
qq12345
qq123456
qq1234567
qq12345678
qq123456789
qq1314520
qq18ww899
qq40000554
qq5201314
qq5296562
qq6cfwi888
qq7758521
qq831019
qq888888
qq95dd1tt2
qqaazz
qqq
qqq111
qqq111qqq
qqq123
qqq12345
qqq123456
qqq222
qqq333
qqqaaa
qqqaaazzz
qqqq
qqqq11
qqqq1111
qqqq1234
qqqqq
qqqqq1
qqqqq11111
qqqqqq
qqqqqq1
qqqqqq11
qqqqqq12
qqqqqq123
qqqqqqq
qqqqqqq1
qqqqqqqq
qqqqqqqq1
qqqqqqqqq
qqqqqqqqqq
qqqqqqqqqqqq
qqqqwwww
qqqwww
qqqwww123
qqqwwweee
qqwer5546a
qqwerty
qqwerty123
qqwerty12345
qqww1122
qqwwee
qqwwee11
qqwwee123
qqwweerr
qqwwqq
qrwx65h2ji
qscesz
qscwdv
qsd
qsdfgh
qsdfghjk
qsdfghjklm
qsefth
qsefthuko
qsl171912
qslwdofkgu
qti7zxh18u
qua
quack
quackers
quackquack
quadro
quagmire
quake
quake1
quake123
quake2
quake3
quake3arena
quake4
quaker
quality
quality1
quality123
quality3
quan
quan123
quang
quang123
quanganh
quanghung
quanghuy
quangminh
quangtrung
quangvinh
quanquan
quantex
quantum
quantum1
quaresma
quaresma7
quarry
quarter
quartz
quasar
quasimodo
quatre
quatro
quattro
quattro1
que
quebec
queen
queen1
queen123
queen2
queenb
queenbee
queenbee1
queenie
queenie1
queens
queens1
queensland
queeny
quelle
quenroi
quentin
quentin1
quepasa
queque
quercus
querida
querty
quest
quest1
quest123
question
question1
questions
queteimporta
quetzal
quezon
qugrqfo825
qui
quick
quick1
quickie
quicksand
quicksilver
quidditch
quiero
quigley
quijano
quijote
quiksilver
quilmes
quilter
quilting
quilts
quimica
quince
quincy
quincy1
quinn
quinn1
quinn123
quinny
quinones
quinta
quintana
quinten
quintero
quintin
quinto
quinton
quinton1
quique
quiqui
quixote
qunimade
quochung
quochuy
quockhanh
quovadis
qureshi
quusdzp394
quynhanh
quynhnhu
qw
qw1212
qw123
qw123123
qw123321
qw1234
qw12345
qw123456
qw123456789
qw12er34
qw12er34ty56
qw12qw
qw12qw12
qw1314520
qw1as2zx3
qw1er2ty3ui4op5
qw1qw2
qw3rty
qw4hddqcrg
qwa
qwaqwa
qwas
qwas12
qwas123
qwas1234
qwased
qwaserdf
qwasqwas
qwasyx
qwasyx12
qwaszx
qwaszx1
qwaszx11
qwaszx12
qwaszx123
qwaszx1234
qwaszx12345
qwaszxedc
qwaszxer
qwaszxerdfcv
qwaszxq
qwaszxqw
qwaszxqwaszx
qwe
qwe098
qwe111
qwe12
qwe123
qwe123!
qwe123123
qwe123321
qwe1234
qwe12345
qwe123456
qwe123456789
qwe123asd
qwe123asd123
qwe123asd456
qwe123mn
qwe123qwe
qwe123qwe123
qwe123rty
qwe123rty456
qwe123zxc
qwe12qwe
qwe1asd
qwe1asd2zxc3
qwe223
qwe321
qwe321qwe
qwe456
qwe789
qwe789456
qwe789asd456
qwe987
qweasd
qweasd1
qweasd11
qweasd12
qweasd123
qweasd1234
qweasd123456
qweasd321
qweasdqwe
qweasdqweasd
qweasdrf
qweasdyxc
qweasdyxc123
qweasdzx
qweasdzxc
qweasdzxc1
qweasdzxc12
qweasdzxc123
qweasdzxc1234
qweasdzxc12345
qweasdzxcrfv
qweasdzxcv
qweasz
qwecbhnev
qwedcxza
qwedcxzas
qwedsa
qwedsa123
qwedsazxc
qwedsazxc1
qwedsazxc123
qwee341123
qweewq
qweewq123
qweewq123321
qweiop
qwejkl
qwepoi
qwepoi123
qwepoiasdlkj
qweqaz
qweqwe
qweqwe1
qweqwe11
qweqwe12
qweqwe123
qweqwe123123
qweqweqwe
qweqweqwe1
qweqweqwe123
qweqweqweqwe
qweqwerty1
qwer
qwer0987
qwer1
qwer11
qwer12
qwer123
qwer1234
qwer12345
qwer123456
qwer1234qwer
qwer250882
qwer4321
qwer5678
qwer789
qweras
qwerasd
qwerasdf
qwerasdf1
qwerasdf12
qwerasdf123
qwerasdf1234
qwerasdfzxcv
qwerasdzx
qwerewq
qwerfdsa
qwerfdsazxcv
qwerpoiu
qwerqwer
qwerqwer1
qwerqwer2
qwerqwerqwer
qwerrewq
qwert
qwert1
qwert11
qwert111
qwert12
qwert123
qwert1234
qwert12345
qwert123456
qwert2
qwert321
qwert5
qwert54321
qwert6
qwert666
qwert678
qwert789
qwerta
qwertasd
qwertasdf
qwertasdfg
qwertasdfgzxcvb
qwertg
qwertgfdsa
qwertqwert
qwertrewq
qwertt
qwerttrewq
qwerty
qwerty!
qwerty0
qwerty00
qwerty000
qwerty001
qwerty007
qwerty01
qwerty02
qwerty05
qwerty06
qwerty07
qwerty08
qwerty09
qwerty098
qwerty0987
qwerty1
qwerty1!
qwerty10
qwerty100
qwerty101
qwerty11
qwerty111
qwerty1111
qwerty112
qwerty12
qwerty121
qwerty1212
qwerty122
qwerty123
qwerty123!
qwerty1231
qwerty123123
qwerty123321
qwerty1234
qwerty12345
qwerty123456
qwerty1234567
qwerty12345678
qwerty123456789
qwerty1234567890
qwerty123qwerty
qwerty13
qwerty132
qwerty1337
qwerty135
qwerty14
qwerty147
qwerty15
qwerty159
qwerty16
qwerty17
qwerty18
qwerty19
qwerty1983
qwerty1984
qwerty1986
qwerty1987
qwerty1988
qwerty1989
qwerty1990
qwerty1991
qwerty1992
qwerty1993
qwerty1994
qwerty1995
qwerty1996
qwerty1997
qwerty1998
qwerty1999
qwerty2
qwerty20
qwerty2000
qwerty2001
qwerty2002
qwerty2009
qwerty2010
qwerty2011
qwerty2012
qwerty2013
qwerty21
qwerty22
qwerty228
qwerty23
qwerty24
qwerty25
qwerty26
qwerty27
qwerty28
qwerty29
qwerty3
qwerty30
qwerty31
qwerty32
qwerty321
qwerty33
qwerty333
qwerty34
qwerty4
qwerty42
qwerty4321
qwerty44
qwerty45
qwerty456
qwerty5
qwerty54321
qwerty55
qwerty555
qwerty56
qwerty567
qwerty6
qwerty65
qwerty654321
qwerty66
qwerty666
qwerty67
qwerty678
qwerty69
qwerty7
qwerty72
qwerty74
qwerty75
qwerty76
qwerty77
qwerty777
qwerty78
qwerty789
qwerty7890
qwerty79
qwerty8
qwerty80
qwerty81
qwerty82
qwerty83
qwerty84
qwerty85
qwerty86
qwerty87
qwerty88
qwerty888
qwerty8888
qwerty89
qwerty9
qwerty90
qwerty91
qwerty911
qwerty92
qwerty93
qwerty94
qwerty95
qwerty96
qwerty97
qwerty98
qwerty987
qwerty99
qwerty999
qwertya
qwertyas
qwertyasd
qwertyasdf
qwertyasdfg
qwertyasdfgh
qwertyasdfgzxcvb1234
qwertyhgfdsa
qwertyman
qwertyq
qwertyqaz
qwertyqwerty
qwertyqwerty1
qwertys
qwertytrewq
qwertyu
qwertyu1
qwertyu12
qwertyu123
qwertyu1234567
qwertyu7
qwertyu8
qwertyui
qwertyui1
qwertyui12
qwertyui123
qwertyui2p
qwertyui9
qwertyuio
qwertyuio0
qwertyuio1
qwertyuio890
qwertyuiop
qwertyuiop0
qwertyuiop09
qwertyuiop1
qwertyuiop11
qwertyuiop12
qwertyuiop123
qwertyuiop1234
qwertyuiop12345
qwertyuiop123456
qwertyuiop123456789
qwertyuiop1234567890
qwertyuiop789
qwertyuiop789!
qwertyuiop9
qwertyuiop[]
qwertyuiopa
qwertyuiopas
qwertyuiopasd
qwertyuiopasdf
qwertyuiopasdfg
qwertyuiopasdfgh
qwertyuiopasdfghjkl
qwertyuiopasdfghjklzxcvbnm
qwertyy
qwertyytrewq
qwertyz
qwertz
qwertz1
qwertz12
qwertz123
qwertz1234
qwertz123456
qwertzu
qwertzu1
qwertzui
qwertzui1
qwertzuio
qwertzuiop
qwertzuiop1
qweruiop
qwerzxcv
qwerzxq1
qwest123
qweszxc
qwewq
qwezxc
qwezxc123
qwezxcasd
qwindows2
qwqw
qwqw1212
qwqwqw
qwqwqw1
qwqwqw12
qwqwqwqw
qwqwqwqwqw
qwsaqwsa
qwsazx
qwsxza
qwtq0dj69
qwzx123
qxxm93js
qy5togr996
qydo5do781
qyq28gio1z
qzwxec
qzwxecrv
r
r00tb33r
r00tbeer
r0b3rt
r0bert
r0ckstar
r12345
r123456
r1234567
r12345678
r123456789
r1cd38d
r1chard
r1r2r3
r1r2r3r4
r1r2r3r4r5
r1ybhs4o1h
r26nnxjx7n
r2d2
r2d2c3p0
r2d2c3po
r2d2r2d2
r2uixtz119
r3m3mb3r
r4e3w2q1
r4evc8d8vs
r4gn4r0k
r4q8aftt7x
r5t6y7u8
r6fvpo6g6d
r6sngy4u5u
r89quxdu1
r8s45sji
r8ylqap77q
r95921228r
r9e8w7q6
r9lw4j8khx
r9ukwcfx
ra
ra123456
rab
rabbit
rabbit01
rabbit1
rabbit11
rabbit12
rabbit123
rabbit13
rabbit69
rabbit99
rabbits
rabbits1
rabia
rabota
rac
raccoon
race
racecar
racecar1
racecars
racer
racer1
racer123
racers
racerx
rach
rachael
rachael1
rachana
racheal
rachel
rachel01
rachel1
rachel10
rachel11
rachel12
rachel123
rachel13
rachel14
rachel18
rachel2
rachel21
rachel22
rachel69
rachel99
rachele
rachell
rachelle
rachelle1
rachid
rachida
rachmaninoff
rachna
racine
racing
racing1
racionais
racoon
racquel
rad
radagast
radar
radar1
radar123
radcliffe
radek
radek1
radek123
radeon
radford
radha
radhakrishna
radharani
radhasoami
radhaswami
radheradhe
radhika
radiance
radiant
radiation
radiator
radical
radical1
radikal
radio
radio1
radio123
radio538
radioactive
radiohead
radiohead1
radiology
radioman
radios
radish
radius
radman
radmila5
radoslav
radost
raducu
raduga
radwimps
raegan
raekwon
raerae
raf
rafa
rafa123
rafa1234
rafael
rafael01
rafael1
rafael10
rafael12
rafael123
rafael1234
rafael22
rafaela
rafaella
rafaello
rafagan
rafal
rafal1
rafal123
rafale
rafalek
rafanadal
rafarafa
raffaela
raffaele
raffaella
raffaello
rafferty
raffles
raffy
rafiki
rafinha
rafita
rafraf
rafter
rag
ragdoll
rage
ragerage
raghav
raghavendra
raghu
ragini
ragnar
ragnar0k
ragnarock
ragnarok
ragnarok1
ragnarok12
ragnarok123
ragtime
rahaman25
rahasia
rahasia1
rahasia123
rahasiaku
rahayu
raheel
raheem
rahima
rahma
rahman
rahman123
rahmat
rahmawati
rahrah
rahsia
rahul
rahul1
rahul123
rahul1234
rai
raichu
raiden
raider
raider1
raider12
raiders
raiders1
raiders11
raiders12
raiders123
raiders13
raiders2
raiders21
raiders24
raiders7
raiderz1
raihan
raikkonen
railroad
railroad1
railway
raimundo
rain
rain123
rain1234
rainbow
rainbow01
rainbow1
rainbow10
rainbow11
rainbow12
rainbow123
rainbow13
rainbow2
rainbow21
rainbow22
rainbow23
rainbow3
rainbow4
rainbow5
rainbow6
rainbow69
rainbow7
rainbow8
rainbow9
rainbow99
rainbowdash
rainbows
rainbows1
rainbowsix
raindrop
raindrops
raine
rainer
rainey
rainfall
rainforest
rainie
rainier
raining
rainmaker
rainman
rainman1
rainrain
raintree
rainyday
rairai
raisa
raise9900
raisin
raissa
raistlin
raistlin1
raizen
raj
raj123
raj12345
raja
raja123
raja1234
rajababu
rajan
rajani
rajaraja
rajaram
rajarani
rajasthan
rajawali
rajeev
rajendra
rajesh
rajesh123
rajeshwari
rajeswari
rajinder
rajini
rajitha
rajiv
rajkumar
rajneesh
rajnish
rajput
rajraj
raju
raju123
rak
rakesh
rakesh123
raketa
rakion
rakista
rakisuta
rakizta
rakker
raksha
raleigh
raleigh1
ralf
rally
rallye
ralph
ralph1
ralph123
ralphie
ralphie1
ralphy
raluca
ram
ram123
ram12345
ram1500
rama
rama123
ramada
ramadan
ramadevi
ramadhan
ramakrishna
raman
ramana
ramani
ramarama
ramayan
ramayana
ramazan
rambler
rambler1
rambo
rambo1
rambo123
rambo2
ramboo
rambos
rambutan
ramchandra
ramesh
ramesh123
rami
ramil
ramirez
ramirez1
ramiro
ramjet
ramkumar
rammstein
rammstein1
rammstein123
ramon
ramon1
ramon123
ramona
ramona1
ramone
ramones
ramones1
ramos
ramos1
ramos123
rampage
rampage1
ramram
ramramram
ramrod
rams
ramsay
ramses
ramses2
ramsey
ramstein
ramya
ramzan
ramzes
ran
rana
rana123
ranarana
ranch
rancher
ranchero
rancho
rancid
rancid1
rand
rand0m
randal
randall
randall1
randalthor
randel
randell
randi
randolf
randolph
randolph1
random
random01
random1
random11
random12
random123
random1234
random13
randomness
randy
randy1
randy123
randymoss
randyorton
ranetki
rangel
ranger
ranger00
ranger01
ranger1
ranger10
ranger11
ranger12
ranger123
ranger13
ranger2
ranger21
ranger22
ranger69
ranger75
ranger88
ranger99
rangerover
rangers
rangers01
rangers09
rangers1
rangers10
rangers11
rangers12
rangers123
rangers1690
rangers1873
rangers2
rangers7
rangers9
rangers94
rangers99
rangersfc
rangersfc1
rangersno1
rangga
rani
rania
raniel
ranita
ranjan
ranjana
ranjit
ranjith
rankin
ranking21
ranma
ranma1
ranma12
ranonline
ranran
ransom
rantanplan
raoujfl963
raoul
rap
rap123
rap4life
rapala
rapeme
rapero
raphael
raphael1
raphael123
rapid
rapid123
rapide
rapido
rapier
raposa
rappelz
rapper
rapper1
raprap
raptor
raptor1
raptor12
raptor123
raptor22
raptor660
raptor700
raptors
raptors1
rapture
rapture1
rapunzel
raquel
raquel1
rara
rarara
rararara
ras
rasaki
rasberry
rascal
rascal01
rascal1
rascal11
rascal12
rascal123
rasengan
rasengan1
rashad
rashed
rasheed
rashid
rashida
rashmi
rasmus
rasmus12
rasmus123
rasmussen
raspberry
rasputin
rasta
rasta1
rasta123
rastafar
rastafara
rastafari
rastafari1
rastaman
rastaman1
rastas
raster
rastus
rat
rat123
rat2good
ratata
ratatouille
ratbag
ratboy
ratchet
ratchet1
ratdog
ratedrko
ratface
ratfink
rathalos
ratinho
ratman
ratna
ratpack
ratrace
ratrat
rats
ratten
rattle
rattler
rattlers
rattlesnake
rauchen
raul
raul123
raulito
rav
ravage
rave
ravemaster
raven
raven1
raven11
raven12
raven123
raven13
raven2
raven666
ravenclaw
ravenna
ravenous
ravens
ravens1
ravens52
ravers
ravi
ravi123
ravi1234
ravikumar
ravinder
ravindra
ravioli
ravipass
rawalpindi
rawhide
rawiswar
rawlings
rawr
rawr12
rawr123
rawr1234
rawrrawr
rawson51
ray
ray123
rayados
rayallen
rayan
rayan123
rayane
rayann
rayanne
rayban
rayden
rayearth
raygun
rayhan
rayman
raymart
raymon
raymond
raymond1
raymond12
raymond123
raymond2
raymonde
raymund
raymundo
rayne
rayner
raynor
rayquaza
rayray
rayray1
rayray12
rayray123
rayven
rayyan
raz
razer
razer123
razgriz
raziel
razor
razor1
razor123
razor1911
razorback
razorbacks
razorblade
razors
razvan
razz
razzle
rb26dett
rbc6r9e9ip
rbcekz
rbczbratz
rbhbkk
rbotmvz954
rbrbvjhf
rc95kzbj1v
rclens
rctybz
rdfhnbhf
rdfhnbhfyy
rdfhnfk
rdfhnfk1
re
re123456
rea
reaction
reactor
read
reader
reading
reading1
readme
ready
ready1
ready123
ready2go
reagan
reagan1
real
real123
realbetis
realdeal
realestate
reality
reality1
realize
reallife
reallove
really
realmadrid
realmadrid1
realmadrid123
realmadrid7
realmadryt
realms
realnigga
realone
realreal
realschule
realsim07
realtime
realtor
realtor1
realty
realworld
reanimation
reanimator
reanna
reanne
reaper
reaper1
reaper12
reaper123
reaper13
reaper666
reaper69
reason
reaver
reb
rebeca
rebecca
rebecca01
rebecca1
rebecca10
rebecca11
rebecca12
rebecca123
rebecca13
rebecca2
rebecca3
rebecca7
rebeka
rebekah
rebekah1
rebekka
rebel
rebel1
rebel123
rebelde
rebelde1
rebelde123
rebeldes
rebell
rebelle
rebellion
rebels
rebels1
rebirth
rebirth1
reboot
reborn
rebound
rebus13
rec
recall
reccos
reception
rechelle
recherche
recife
recipe
recipes
reckless
reckless1
recoba
recoil
recon
recon1
record
recorder
records
records1
recover
recovery
recovery1
recruit
recruiter
recruitment
recycle
red
red100
red111
red123
red1234
red12345
red123456
red12red
red321
red333
red456
red666
red777
redalert
redalert1
redalert2
redalert3
redangel
redapple
redareda
redarmy
redbaron
redbeard
redbird
redbird1
redbirds
redblack
redblood
redblue
redbone
redbone1
redboy
redbul
redbull
redbull1
redbull123
redcar
redcarpet
redcat
redcloud
redcross
redd
reddead
redder
reddevil
reddevil1
reddevils
reddog
reddog1
reddragon
reddragon1
reddwarf
reddwarf1
reddy
reddy123
redeagle
redeem
redeemed
redeemer
redemption
redeye
redeyes
redfaction
redfield
redfire
redfish
redfish1
redfive
redford
redfox
redfred
redfred1
redgirl
redgreen
redhair
redhat
redhawk
redhawks
redhead
redhead1
redheads
redheart
redhorse
redhot
redhot1
redhouse
redial
rediallj2a
rediff
rediffmail
rediska
redknapp
redlabel
redlands
redlight
redline
redline1
redlion
redman
redman1
redman123
redman1234
redmen
redmond
redmoon
rednaxela
redneck
redneck1
rednose
redoak
redoctober
redondo
redone
redouane
redpanda
redqueen
redragon
redranger
redred
redred1
redred11
redred12
redred123
redredred
redrider
redriver
redrobin
redrock
redrocket
redrose
redrose1
redroses
redrover
redrum
redrum1
reds
redsea
redshoes
redskin
redskin1
redskins
redskins1
redskins21
redsky
redsox
redsox01
redsox04
redsox07
redsox08
redsox1
redsox10
redsox11
redsox12
redsox123
redsox13
redsox2004
redsox21
redsox22
redsox23
redsox24
redsox33
redsox34
redstar
redstar1
redstone
redstorm
redsun
redtail
redtiger
redtruck
redtube
redtube123
redvsblue
redwall
redwall1
redwarbike
redwhite
redwine
redwine1
redwing
redwing1
redwings
redwings1
redwings19
redwolf
redwood
redwood1
redzone
ree
reebok
reebok1
reece
reece1
reece123
reed
reefer
reefer420
reena
reenter
reeree
reese
reese03
reese1
reese123
reeses
reeves
referee
referee1
reference
refinnej
reflection
reflex
refresh
refuge
reg
regalado
regan
regedit
regenbogen
regenboog
regency
regent
regent12
reggae
reggae1
reggaeton
reggie
reggie01
reggie1
reggie11
reggie12
reggie123
reggie25
reggie31
reggin
reggina
reggit
regie
regiment
regina
regina1
regina12
regina123
reginald
reginald1
reginaldo
regine
region
regional
regis
register
register1
registered
registrati
registrati1
registration
registro
reglisse
regret
regular
regulator
regulus
rehan
rehan123
rehana
rehbwf
rehman
rei
reiayanami
reign
reilly
reina
reinaldo
reindeer
reiner
reinfopass
reinhard
reinhold
reirei
reisen
reivax
rejane
reject
rejoice
rekha
reklama
reksio
reksio1
rel
relampago
relation
relationship
relax
release
relentless
reliable
reliance
reliant
relientk
religion
relish
relisys
relisys1
rellik
rellim
reload
reloaded
reloaded1
relogio
rem
remark
rembrandt
remedios
remedy
remember
remember1
remember123
remember2
rememberme
remi
reminder
remington
remington1
remix
remo
remo1d72a
remo1d72b
remote
remote1
remrem
remus
remy
ren
rena
renaissance
renaldo
renalyn
renamon
renan
renan123
renante
renard
renata
renata1
renata123
renate
renatka
renato
renato1
renato123
renaud
renault
renault1
renault19
renault5
rencontre
render
rendezvous
rene
rene123
rene1234
renee
renee1
renee123
renegade
renegade1
renegades
renerene
renesmee
renewal
renewpw
renita
renner
rennes
rennes35
rennie
rennmaus
reno
reno911
renoir
renovatio
renren
rent
rental
renton
renuka
renzo
renzokuken
reo
rep
repair
repeat
repent
replay
replica
repmvf
repoman
report
reporter
represent
repsol
reptile
reptile1
reptiles
republic
republic1
republica
repytwjd
repytwjdf
reqiss
request
requiem
requiem1
requin
required
rer
rere
rerecz
rerehepf
rereirf
rerere
rererere
rerfhfxf
rerfhtre
rerjkrf
res
rescue
rescue1
research
research1
reseau
reserve
reserved
reservoir
reset
reset123
reset1234
reset12345
resetme
reshma
reshmi
resident
resident1
resident4
residentevil
residentevil4
residentevil5
resist
resistance
resolution
resonance
resource
resources
respect
respect1
respekt
response
restart
restart1
restaurant
restinpeace
restless
restore
restricted
resu123we
resume
resurrection
ret
retail
retard
retard1
retard123
retarded
retarded1
retep
retina
retire
retired
retired1
retirement
retlaw
retnuh
retraite
retreat
retriever
retro
retro1
retro123
retsam
retupmoc
return
retype
reuben
reunion
reunion974
reussir
reussite
rev
revathi
revathy
reveal
revelation
revelations
revenant
revenge
revenge1
revenger
reventon
reverb
reverend
reverse
review
reviews
revilo
revival
revolt
revolucion
revolution
revolution1
revolver
revolver1
reward
rewards
rewind
rewq
rewq1234
rewq4321
rewrew
rewrite123
rex
rex123
rex12345
rexmore55
rexona
rexrex
rexrexrex
rey
rey123
rey619
reyes
reyes1
reyes123
reyhan
reymar
reymark
reymart
reymisterio
reymond
reymysterio
reymysterio619
reyna
reynald
reynaldo
reynaldo1
reynan
reynante
reynold
reynolds
reynolds1
reyrey
reyrey619
reza
reza123
rezende
reznor
rfcgth
rfgbnfy
rfgbnjirf
rfgecnf
rfghbp
rfgtkmrf
rfh
rfhbyf
rfhbyjxrf
rfhectkm
rfhfcm
rfhfgep
rfhfntkm
rfhfrfnbwf
rfhfufylf
rfhfvtkm
rfhfvtkmrf
rfhfylfi
rfhjkbyf
rfhnjirf
rfkbyf
rfkmrekznjh
rfktylfhm
rfn
rfn.if
rfn.irf
rfnfcnhjaf
rfnhby
rfnmrf
rfnthbyf
rfnthbyrf
rfntyjr
rfntymrf
rfnz
rfnzcfif
rfnzrfnz
rfonline
rfpfyjdf
rfpfynbg
rfrfirf
rfrfirf1
rfrfirf123
rfrfitxrf
rfrfrfrf
rfrltkf
rfrnec
rfvbkkf
rfvbrflpt
rfvfcenhf
rfvtgb
rfvtgbyhn
rfvxfnrf
rfybreks
rhaine
rhapsody
rhbcnbyf
rhbcnbyf1
rhbcnbyjxrf
rhbcnbyrf
rhbrtn
rhea
rhfcfdbwf
rhfcfdxbr
rhfcjnf
rhfcjnrf
rhfcyjlfh
rhfdxtyrj
rhian
rhianna
rhianna1
rhianne
rhiannon
rhiannon1
rhino
rhino1
rhino123
rhinos
rhjcafbh
rhjccafth
rhjirf
rhjkbr
rhjrjlbk
rhoda
rhodes
rhona
rhonda
rhonda1
rhportal
rhtdtlrj
rhubarb
rhythm
rian
rianna
rianne
ribbit
ribbon
ribeiro
ribena
ribery
ric
ric123
ricard
ricarda
ricardinho
ricardito
ricardo
ricardo1
ricardo10
ricardo12
ricardo123
riccardo
riccardo1
riccio
rice
rice80
ricflair
rich
rich123
rich1234
richa
richar
richard
richard01
richard1
richard10
richard11
richard12
richard123
richard13
richard2
richard21
richard22
richard23
richard3
richard5
richard7
richards
richards1
richardson
richboy
richel
richelle
riches
richgirl
richi
richie
richie1
richierich
richland
richman
richmond
richmond1
richrich
richter
rick
rick123
rick1234
rickey
rickie
rickjames
rickjames1
rickrick
rickross
rickster
ricky
ricky1
ricky123
rico
rico123
ricochet
ricola
ricorico
ridder
riddhi
riddick
riddick1
riddle
riddler
ride
ride4life
ridebmx
rideordie
rider
rider1
riders
ridgeback
ridgeway
ridiculous
riding
ridley
ridwan
riffraff
rifleman
rigger
right
right1
righteous
rightnow
righton
rights
righty
rigoberto
rigolo
rihana
rihanna
rihanna1
rikardo
rikiki
rikimaru
rikiriki
rikki
rikuriku
riley
riley1
riley123
rileydog
rimbaud
rimini
rimmer
rin
rina
rinaldo
rinarina
rincewind
rincon
ring
ringer
ringette
ringhio
ringmaster
ringo
ringo1
ringo123
ringostar
ringring
rings
ringtone
ringtones
rinku
rinoa
rinoceronte
rinrin
rintintin
rio
rio123
riodejaneiro
riogrande
riorio
rip
ripazha
ripcurl
ripcurl1
ripken
ripley
ripped
ripper
ripper1
ripple
riptide
riquelme
riri
risc
riseagainst
rishabh
rishi
rishi123
risiko
rising
risingsun
rit
rita
rita123
ritarita
ritchie
ritchie1
ritesh
ritika
ritinha
ritter
ritual
riv
rivaldo
rivendell
river
river1
river123
rivera
rivera1
riverdale
riverplate
riverrat
rivers
riverside
riverside1
riversidec
riverview
riviera
riyadh
riz3s1pp8s
rizal
rizalyn
rizki
rizky
rizwan
rizza
rj
rjbc123
rjcnbr
rjcvjc
rjdfktyrj
rje
rjgo7we138
rjhjdf
rjhjkm
rjhjkmbien
rjhjktdf
rjitxrf
rjntyjr
rjnzhf
rjpthju
rjpzdrf
rjrfrjkf
rjyatnrf
rjycnfynby
rjynfrn
rk283293
rkbtyn
rkddkwl
rkelly
rkfdbfnehf
rkskekfk
rktjgfnhf
rla123
rm123456
rmadrid
ro123456
ro250ba17
roach
road
roaddog
roaddogg
roadhouse
roadie
roadkill
roadkill1
roadking
roadrage
roadrash
roadrunner
roadstar
roadster
roadtrip
roanne
rob
rob123
robaczek
robban
robben
robber
robbie
robbie01
robbie1
robbie12
robbie123
robbin
robbins
robby
robby1
rober
roberson
robert
robert0
robert01
robert02
robert03
robert07
robert08
robert09
robert1
robert10
robert11
robert12
robert123
robert1234
robert13
robert14
robert15
robert16
robert17
robert18
robert19
robert2
robert20
robert21
robert22
robert23
robert24
robert25
robert26
robert3
robert30
robert33
robert4
robert5
robert55
robert69
robert7
robert77
robert87
robert88
robert89
robert99
roberta
roberta1
robertino
roberto
roberto1
roberto123
robertpattinson
roberts
roberts1
robertson
robertson1
robi
robika
robin
robin1
robin12
robin123
robina
robinho
robinho10
robinhood
robinhood1
robins
robinson
robinson1
robles
roblox
roblox12
roblox123
robo
robocop
robocop1
robot
robot1
robot123
robotboy
robotech
robotic
robotics
robots
robrob
robroy
robson
robvandam
roby
robyn
robyn1
robyn123
robzombie
roc
rocafella
rocawear
rocco
rocco1
rocco123
rochdale
rochel
rochelle
rochelle1
rochester
rochester1
rocio
rock
rock101
rock11
rock12
rock123
rock1234
rock13
rock22
rock4ever
rock4life
rock666
rockabilly
rockandrol
rockandroll
rockband
rockband1
rockband2
rockbottom
rockchick
rockcity
rocker
rocker1
rocker12
rocker123
rockers
rockers1
rockerz
rocket
rocket01
rocket1
rocket11
rocket12
rocket123
rocket21
rocket88
rocketmail
rocketman
rocketman1
rockets
rockets1
rockey
rockfish
rockford
rockgirl
rockhard
rockhead
rockhopper
rockie
rockies
rockin
rocking
rockista
rockit
rockland
rocklee
rocklee1
rockman
rockman1
rockmanx
rockme
rockmusic
rocknrol
rocknroll
rocknroll1
rocko
rocko1
rocko123
rockon
rockon1
rockon12
rockon123
rockout
rockport
rockrock
rockroll
rocks
rocks1
rockstar
rockstar1
rockstar10
rockstar101
rockstar11
rockstar12
rockstar123
rockstar13
rockstar2
rockstar3
rockstar5
rockstar69
rockstar7
rocksteady
rockster
rockwell
rockwood
rocky
rocky007
rocky01
rocky1
rocky10
rocky101
rocky11
rocky111
rocky12
rocky123
rocky1234
rocky12345
rocky13
rocky2
rocky22
rocky3
rocky4
rocky5
rocky6
rocky7
rocky99
rockybalboa
rockyboy
rockydog
rockydog1
rockyou
rockyroad
rockys
rockytop
rockyy
rococo
rocroyal
rod
rod123
rodders
roddick
rodel
rodelyn
rodent
rodeo
rodeo1
roderick
roderick1
rodger
rodgers
rodica
rodina
rodion
rodman
rodman91
rodney
rodney1
rodolfo
rodolfo1
rodolphe
rodrigo
rodrigo1
rodrigo10
rodrigo12
rodrigo123
rodrigue
rodrigues
rodriguez
rodriguez1
rodzina
rodzina1
rofl
rofl123
rofl1234
roflcopter
roflcopter1
rofllol
roflmao
roflmao1
roflmao123
roflol
roflrofl
roflrofl1
rog
rogelio
roger
roger1
roger123
rogerfederer
rogerio
rogerroger
rogers
rogers1
rogerthat
rogue
rogue1
rogue123
rohan
rohan123
rohini
rohit
rohit123
roisin
rojas
roksana
rol
roland
roland1
roland12
roland123
roland7859
rolando
rolando1
roldan
roleplay
rolex
rolex1
rolland
roller
roller1
rollerblade
rollercoaster
rollie
rollin
rollin60
rolling
rolling1
rollingstone
rollingstones
rollins
rollmops
rollout
rollover
rollsroyce
rolltide
rolltide1
rolltide12
rolly
rolyat
rolypoly
rom
roma
roma123
roma1234
roma12345
roma1927
roma1996
roma1997
roma1998
roma1999
roma2000
roma2001
roma2002
roma2007
romain
romaine
roman
roman1
roman123
roman2000
roman4ik
romana
romance
romance1
romane
romani
romania
romania1
romania123
romanista
romanko
romano
romanov
romanova
romanroman
romans
romans116
romans12
romans8
romans828
romanson
romantic
romantic1
romantica
romantico
romantik
romar
romaric
romario
romaroma
romashka
rome
romel
romelyn
romeo
romeo1
romeo123
romeo2
romeos
romero
romero1
romina
rommel
rommel1
romnick
romolo
romrom
romtelecom
romuald
romualdo
romulo
romulus
romy
ron
ron123
ronald
ronald1
ronald12
ronald123
ronaldinho
ronaldinho1
ronaldinho10
ronaldinho80
ronaldinio
ronaldino
ronaldo
ronaldo07
ronaldo09
ronaldo1
ronaldo10
ronaldo11
ronaldo12
ronaldo123
ronaldo13
ronaldo17
ronaldo2
ronaldo7
ronaldo77
ronaldo777
ronaldo9
ronaldo99
ronalyn
ronan
ronel
roni
ronie
ronin
ronja
ronjon
ronnel
ronnie
ronnie1
ronnie10
ronnie11
ronnie12
ronnie123
ronnoc
ronny
ronny123
ronron
ronron1
ronson
roo
roofer
roofing
roofus
rookie
rookie1
room
room101
rooney
rooney08
rooney1
rooney10
rooney12
rooney123
rooney8
rooroo
roosevelt
roosje
rooster
rooster1
roosters
root
root123
root1234
rootbeer
rootbeer1
rooter
rootroot
roots
roque
roro
roronoa
rororo
rorororo
rory
ros
rosa
rosa123
rosado
rosalba
rosales
rosales1
rosalia
rosalie
rosalie1
rosalina
rosalind
rosalinda
rosaline
rosalita
rosalyn
rosamaria
rosana
rosangela
rosanna
rosanne
rosaria
rosario
rosario1
rosarosa
rosary
rosas
rosco
rosco1
roscoe
roscoe1
roscoe11
rose
rose01
rose09
rose10
rose11
rose12
rose123
rose1234
rose12345
rose13
rose21
rose22
rose23
rose99
roseann
roseann1
roseanne
rosebowl
rosebud
rosebud1
rosebud123
rosebud2
rosebuds
rosebush
rosedale
rosegarden
rosehill
roseindia
roseline
rosella
roselle
roselyn
roselyn1
roselyne
rosemarie
rosemarie1
rosemary
rosemary1
rosen
rosenberg
rosenborg
rosendo
rosenrot
rosepetal
rosered
roserose
roses
roses1
roses123
rosesarered
rosess
rosetta
rosette
rosewood
rosey
rosey1
roshan
roshni
rosicky
rosie
rosie1
rosie12
rosie123
rosie2
rosiedog
rosieposie
rosies
rosina
rosine
rosinha
rosita
roslyn
ross
ross123
rossana
rossco
rossella
rossi
rossi46
rossia
rossie
rossignol
rossini
rosso
rossoneri
rossonero
rostik
rostock
rostov
rostov8888
roswell
roswell1
roswitha
rosy
rot
rotary
rotciv
rothmans
rotimi
rotten
rotterdam
rottie
rottweiler
rotwein
rou
roucky
roudoudou
rouge
rouges
roughneck
roulette
rounders
rourou
rousseau
route66
route666
router
routier
rover
rover1
rover123
rover200
rover214
rover400
rover75
rovers
rovers1
rovert
rowan
rowan1
rowdy
rowdy1
rowell
rowena
rowena1
rower
rower1
rowing
rowland
rowley
rox
roxana
roxane
roxann
roxanna
roxanne
roxanne1
roxas
roxas123
roxas4
roxbury
roxette
roxie
roxie1
roxie123
roxy
roxy11
roxy12
roxy123
roxy1234
roxydog
roxygirl
roxyroxy
roy
roy123
royal
royal1
royal123
royale
royalflush
royals
royalty
royalty1
royboy
royce
roygbiv
roykeane
royroy
royston
roza
rr
rr123456
rr123456rr
rrib4v9426
rrr
rrrr
rrrrr
rrrrrr
rrrrrrr
rrrrrrrr
rrrrrrrrr
rrrrrrrrrr
rs2000
rstlne
rsturbo
rsuy48w5bd
rtact5
rtrtrt
rtyfgh
rtyfghvbn
rtynfdh
rtyrty
rtyuehe
rtyuio
rtyybevth
ru
rub
rub452ejfe
rubber
rubber1
rubberband
rubberduck
rubberducky
rubbish
rubbish1
ruben
ruben1
ruben123
rubens
rubicon
rubies
rubin
rubina
rubino
ruby
ruby12
ruby123
ruby1234
rubydog
rubyred
rubyred1
rubyrose
rubyruby
ruch1920
ruchi
ruchika
ruckus
rud
rudeboy
rudeboy1
rudi
rudolf
rudolph
rudy
rudy102
rudy123
rudyrudy
ruffles
ruffles1
ruffneck
ruffruff
ruffryder
ruffryders
ruffus
rufina
rufino
rufus
rufus1
rufus123
rufuss
rug
rugby
rugby1
rugby123
rugby15
rugbyman
ruger
ruger1
rugged
rugger
ruggero
rugrat
rugrats
rugrats1
ruicosta
rukawa
rukawa11
rukhsana
rules
rulez
rumble
rumpel
rumple
run
run123
run4fun
run4life
runaway
runaway1
rundmc
rundumsbaby
rune
runescape
runescape1
runescape12
runescape123
runescape2
runfast
runner
runner1
runner11
runner12
runner123
running
running1
runningman
runrig
runrun
runrunrun
runway
rupali
rupert
rupert1
rupesh
ruriruri
rurouni
rus
rusalka
rush
rush2112
rushhour
rushmore
rushrush
ruskin
ruslan
ruslan009
ruslan123
ruslana
russ
russel
russel1
russell
russell1
russell123
russell2
russia
russia1
russia11
russia12
russia123
russia88
russian
russian1
russian7
russland
rustam
rustem
rustie
rustine
rusty
rusty1
rusty12
rusty123
rusty2
rustyboy
rustydog
rutabaga
rutger
rutgers
ruth
ruthann
rutherford
ruthie
ruthless
ruthless1
rutland
rvd420
rwanda
rx78gp01
ry8a9n1lll
rya
ryan
ryan01
ryan09
ryan1
ryan10
ryan11
ryan12
ryan123
ryan1234
ryan12345
ryan13
ryan14
ryan1995
ryan2000
ryan2001
ryan2002
ryan2003
ryan2004
ryan2006
ryan2008
ryan21
ryan22
ryan23
ryan24
ryan99
ryangiggs
ryanjames
ryanlee
ryanryan
rybka
rycbar123
ryder
ryder1
ryjgjxrf
ryjgrf
rylee
ryleigh
ryousuke
rysiek
ryszard
ryu750103
ryuken
ryuzaki
s
s091272s
s0cc3r
s0ccer
s0mething
s111111
s123123
s12345
s123456
s1234567
s12345678
s123456789
s1234567890
s123456s
s14081986
s14tg9rgvi
s1mpsons
s1s1s1
s1s2s3
s1s2s3s4
s1s2s3s4s5
s219arfspk
s39jwbw5ia
s3cr3t
s3cur1ty
s4league
s5jdeuz94c
s5jjfbs88c
s5n4yd8fkc
s7777777
s8054424
s8054523
s8kril9u4f
s954wwjwap
s9qxa9yn9cc=
s9rf98xlro
sa
sa123123
sa1234
sa12345
sa123456
sa731006
saa
saab
saab900
saab9000
saab93
saab95
saad
saad123
saadia
saatana
saavedra
sab
sab123
saba
saba123
sabado
sabaka
sabasaba
sabastian
sabbat
sabbath
sabbath1
sabedoria
saber
saber1
saber123
sabers
sabertooth
sabian
sabiha
sabina
sabina1
sabina123
sabine
sabine1
sabinka
sabino
sabita
sable
sable1
sable123
sabotage
sabre
sabre1
sabres
sabri
sabrina
sabrina01
sabrina1
sabrina11
sabrina12
sabrina123
sabrina2
sabrina7
sabrine
sac
sac123
sacha
sacha1
sachiko
sachin
sachin10
sachin123
sackings
sacramento
sacred
sacred1
sacred123
sacredheart
sacrifice
sad
sad123
sadako
sadam
sadawna
sadbuttrue
saddam
saddie
saddle
sade
sadguru
sadhana
sadia
sadie
sadie01
sadie1
sadie12
sadie123
sadie2
sadiedog
sadiegirl
sadiemae
sadies
sadiesue
sadist
sadler
sadman
sadness
sadomaso
sadsad
sadsadsad
saeed
saeed123
saf
safari
safc1973
safe
safesex
safety
safety1
safety123
safeway
safeway1
safex982
saffie
saffron
saffron1
safina
safira
safiya
safran
safrane
safwan
sag
saga
sagapo
sagar
sagar123
sagara
sagarika
sagarmatha
sage
sage123
sagem
sagesse
sagichnicht
saging
sagita
sagitaire
sagitario
sagitarius
sagittaire
sagittario
sagittariu
sagittarius
sago55
sagopa
sagopakajmer
sah
sahabat
sahabat1
sahana
sahara
sahara1
saheed
sahhas1221
sahil
sahil123
sai
sai123
saibaba
saibaba1
saibaba123
saibot
said
saida
saidsaid
saiful
saigon
sail
sail2boat3
sailaja
sailaway
sailboat
sailboat1
sailfish
sailing
sailing1
sailor
sailor1
sailormoon
sailormoon1
saimon
sainath
saint
saint1
saint123
saints
saints01
saints09
saints1
saints12
saints123
saints25
saintseiya
saintsrow
saintsrow2
saipan
sairam
sairam12
sairam123
saisai
saitek
saiyajin
saiyan
saiyuki
sajida
sajjad
sak
sakamoto
sakartvelo
sakarya
sakarya54
sakic19
sakina
sakinah
sakisaki
sakithati
sakshi
sakthi
sakura
sakura00
sakura01
sakura1
sakura10
sakura11
sakura12
sakura123
sakura13
sakura14
sakura15
sakura21
sakura22
sakura39
sakura88
sakuraba
sakurachan
sakuragi
sakurako
sakurasaku
sakurasakura
sakusaku
sakuya
sal
sal123
salaam
salad
salade
saladin
salado
salah
salak
salak01
salak123
salako
salam
salam1
salam123
salama
salamanca
salamander
salamandra
salamandre
salamat
salame
salamence
salami
salamon
salamsalam
salas
salasana
salasana1
salata
salatiga
salavat
salazar
salazar1
salcedo
salchicha
sale
saleem
saleen
saleens7
saleha
salem
salem1
salem123
salento
salerno
sales
sales1
sales123
salesman
salford
salgado
saliha
salim
salim123
salima
salimata
salina
salinas
salinas1
salinger
salisbury
saliva
salkin
salla58
sallad
sallie
sally
sally1
sally123
sallyann
sallydog
salma
salma1
salma123
salman
salman007
salman1
salman123
salmankhan
salmo23
salmon
salmon1
salocin
salome
salomon
salomon1
saloni
salope
salsa
salsa1
salsa123
salsabila
salsal
salsas
salsero
salt
saltanat
saltlake
saltwater
salty
saltydog
saluki
salut
salut1
salut123
salutation
salute
salutsalut
salva
salvacion
salvador
salvador1
salvage
salvaje
salvation
salvation1
salvator
salvatore
salvatore1
salve
salvia
salvo
salzburg
sam
sam007
sam1
sam111
sam123
sam1234
sam12345
sam123456
sam2000
sama
samadams
samadhi
samael
samael666
saman
samana
samanta
samanta1
samantha
samantha01
samantha1
samantha10
samantha11
samantha12
samantha123
samantha13
samantha14
samantha2
samantha21
samantha22
samantha3
samantha5
samantha7
samantha8
samantha9
samanyolu
samar
samara
samara1
samara123
samara163
samara63
samarinda
samarkand
samarth
samasama
samatron
samba
samba1
sambata
sambo
sambo1
sambo123
sambora
samboy
sambuca
samcat
samdog
same
samedi
sameena
sameer
sameer123
sameera
samesame
samet
samet123
samfisher
samhain
sami
sami123
sami1234
samia
samiam
samick
samiksha
samina
samir
samir1
samir123
samira
samira123
samisami
samm
samman
sammax
sammer
sammi
sammi1
sammie
sammie01
sammie1
sammie12
sammie123
sammiesaur
sammy
sammy01
sammy1
sammy10
sammy101
sammy11
sammy111
sammy12
sammy123
sammy1234
sammy13
sammy2
sammy22
sammy3
sammy4
sammy5
sammy6
sammy7
sammy9
sammyboy
sammycat
sammyd
sammydog
sammydog1
sammyjo
sammys
sammysosa
sammyy
samoan
samoht
samolet
samolot
samolot1
samon123
samone
samonte
samosa
samourai
samoyed
sampaguita
sampah
sampath
sampdoria
sample
sample123
sample1234
samples
sampoerna
sampras
sampson
sampson1
samrat
samreen
samsam
samsam1
samsam12
samsam123
samsamsam
samsara
samson
samson01
samson1
samson11
samson12
samson123
samson13
samsonite
samster
samsun
samsun55
samsung
samsung0
samsung01
samsung09
samsung1
samsung10
samsung11
samsung12
samsung123
samsung1234
samsung12345
samsung13
samsung14
samsung15
samsung19
samsung2
samsung21
samsung22
samsung23
samsung3
samsung4
samsung5
samsung6
samsung666
samsung69
samsung7
samsung8
samsung88
samsung89
samsung9
samsung99
samsungd500
samsunge250
samsungg
samsungs
samsunlu55
samthedog
samtheman
samtron
samtron1
samu
samual
samuel
samuel01
samuel02
samuel03
samuel05
samuel07
samuel09
samuel1
samuel10
samuel11
samuel12
samuel123
samuel13
samuel14
samuel2
samuel21
samuel22
samuel23
samuel98
samuel99
samuele
samuelito
samurai
samurai1
samurai123
samurai2
samurai7
samuraix
samuraj
samuray
samusaran
samwise
samy
san
san123
sana
sana123
sanada
sanalika
sanalkitap
sanandreas
sanandreas1
sanandres
sanane
sanane1
sanane12
sanane123
sananeamk
sananeaq
sananebe
sananelan
sananelan1
sananelan123
sanantonio
sanasana
sancarlos
sanches
sanchez
sanchez1
sanchez123
sanchita
sancho
sanctuary
sand
sandal
sandals
sandara
sandberg
sandbox
sandee
sandeep
sandeep1
sandeep123
sander
sander123
sander17
sanders
sanders1
sanders20
sanders21
sanderson
sandesh
sandhu
sandhya
sandi
sandi1
sandia
sandie
sandiego
sandiego1
sandip
sandisk
sandking
sandler
sandman
sandman1
sandmann
sandokan
sandor
sandoval
sandpiper
sandra
sandra01
sandra1
sandra10
sandra11
sandra12
sandra123
sandra13
sandra15
sandra18
sandra21
sandra22
sandra23
sandra69
sandrina
sandrine
sandrita
sandro
sandro123
sandrock
sandstone
sandstorm
sandwich
sandwich1
sandy
sandy01
sandy1
sandy11
sandy12
sandy123
sandy2
sandya
sandydog
sandys
sanek123
sanela
sanford
sanfran
sanfran1
sanfrancisco
sang
sang123
sangam
sangeeta
sangeetha
sanger
sangha
sangita
sanglier
sangohan
sangoku
sangre
sangreal
sangria
sanguine
sanibel
sanika
sanita
sanitarium
sanity
saniya
sanja
sanjana
sanjay
sanjay123
sanjaya
sanjeev
sanjose
sanjose1
sanjose408
sanju
sanju123
sanjuan
sanjuan1
sankar
sanket
sanlorenzo
sanluis
sanmartin
sanmateo
sanmiguel
sanosuke
sanpedro
sanrio
sansan
sansar
sansiro
sanson
sansone
santa
santa1
santa123
santaclaus
santacruz
santacruz1
santafe
santafe1
santamaria
santana
santana1
santander
santarosa
santas
santeria
santhi
santhosh
santhu
santi
santi123
santiago
santiago1
santiago12
santiago123
santillan
santina
santino
santino1
santo
santorini
santos
santos1
santos10
santos11
santos12
santos123
santos14
santosfc
santosh
santosh123
santoshi
santoso
santro
santy
sanya
sanya123
sanyika
saobang
saoirse
saopaulo
saosin
sap
sapana
sapato
sapeur
saphir
saphira
saphira1
saphire
saphire1
sapito
sapna
sapper
sapphire
sapphire1
saprissa
saputra
saqartvelo
sar
sara
sara01
sara10
sara11
sara12
sara123
sara1234
sara13
sara2000
sara2002
sara7272
saraba
sarabeth
sarabi
saracen
saracens
sarada
saradomin
sarafina
sarah
sarah01
sarah08
sarah1
sarah10
sarah11
sarah12
sarah123
sarah1234
sarah13
sarah2
sarah2000
sarah21
sarah22
sarah23
sarah3
sarah5
sarah69
sarah7
sarah99
saraha
sarahann
sarahb
sarahc
sarahd
sarahg
sarahh
sarahi
sarahj
sarahjane
sarahjane1
sarahk
sarahm
sarahmae
sarahs
sarahsarah
sarajane
sarajevo
sarajevo1
sarala
saralee
saran
sarang
saranghae
saranghe
sarangheyo
saranya
sarasa
sarasara
sarasota
saraswathi
saraswati
sarath
saratoga
saratov
saravana
saravanan
sarawak
sardar
sardegna
sardine
sardor
saregama
saretta
sarge
sarge1
sargent
sargento
sargodha
sargon
sarika
sarina
sarinha
sarinka
sarita
saritha
sarkany10
sarkar
sarkar123
sarkis
sarmiento
sarobal2
saroja
sarojini
sarrah
sarthak
sartre
saruman
sarusaru
sarutobi
sarvam
sas
sas123
sasa
sasa12
sasa123
sasa1234
sasami
sasanka
sasasa
sasasa1
sasasa12
sasasa123
sasasasa
sasasasasa
sascha
sascha1
sascha12
sascha123
sasfdwer
sasha
sasha007
sasha01
sasha1
sasha10
sasha11
sasha111
sasha12
sasha123
sasha1234
sasha12345
sasha13
sasha1987
sasha1988
sasha1991
sasha1992
sasha1993
sasha1994
sasha1995
sasha1996
sasha1997
sasha1998
sasha1999
sasha2
sasha2000
sasha2001
sasha2002
sasha2003
sasha2004
sasha2005
sasha2009
sasha2010
sasha2011
sasha2012
sasha5
sasha555
sasha777
sasha_007
sashaa
sashadog
sashas
sashasasha
sashenka
sashimi
sashka
sashok
sasikala
sasin414
saskatoon
saske
saske123
saskia
sasori
sasquatch
sassafras
sassas
sassi123
sassie
sassy
sassy1
sassy101
sassy12
sassy123
sassy2
sassycat
sassydog
sassygirl
sassygirl1
sassys
sasuke
sasuke01
sasuke1
sasuke10
sasuke11
sasuke12
sasuke123
sasuke1234
sasuke13
sasuke14
sasuke2
sasuke21
sasuke22
sasuke23
sasuke99
sasukekun
sasukeuchiha
sasunaru
sasusaku
sat
sat123
sat321321
sat99#dx
satan
satan1
satan123
satan6
satan666
satana
satana666
satanas
satanas666
satanic
satanic666
satanist
satans
satchel
satchmo
satefut
satelite
satellite
satellite1
satguru
satheesh
sathish
sathya
satine
satisfaction
satish
satish123
sativa
satnam
satori
satosato
satoshi
satria
satriani
satsuma
sattarov1975
satthu
saturday
saturday1
saturn
saturn01
saturn1
saturn11
saturn12
saturn123
saturn5
saturne
saturnin
saturno
saturnus
satya
satya123
satyam
satyam123
satyricon
sau
sauber
sauce
saucisse
saudade
saudades
saufen
saulute
saumya
saun
saun24865709
saunders
saunders1
saurabh
saurav
sauron
sausage
sausage1
sausages
sausages1
sauvage
sav
savage
savage1
savage12
savage123
savage2
savana
savanah
savanna
savanna1
savannah
savannah1
savannah12
savannah2
savant
savatage
save
saved
saved1
saveme
saverio
savina
saving
savings
savino
saviola
savion
savior
savior1
saviour
saviour1
savita
savitha
savitri
savoie
saw
saw123
sawada
sawamura
sawasawa
sawasdee
sawdust
sawmill
sawsaw
sawsaw1212
sawyer
saxaphone
saxena
saxman
saxo
saxofon
saxon
saxophon
saxophone
saxophone1
saxovts
saxsax
say
saya
saya123
sayaka
sayalupa
sayang
sayang1
sayang12
sayang123
sayangkamu
sayangku
sayangku1
sayangmama
sayank
sayasaya
sayhey
saymyname
sayonara
saysay
sayson
sayuri
saywhat
sb
sb123456
sbao6k61hl
sbc123
sbh8lgr84re
sc
sc00by
sc00byd00
sc00ter
sc0rpi0n
sc0tland
sc123456
sca
scaleo
scales
scally
scallywag
scalp
scam
scammer
scammer1
scamp
scamp1
scamper
scamper1
scampi
scampy
scandal
scania
scaniav8
scanner
scanner1
scarab
scarabeo
scarecrow
scared
scareface
scarface
scarface1
scarface12
scarface123
scarface2
scarlet
scarlet1
scarlets
scarlett
scarlett1
scarlette
scatman
scavenger
scenic
sceptre
sch
sch00l
schaap
schach
schaefer
schalke
schalke04
schalke1904
schatje
schatten
schatz
schatz1
schatz12
schatz123
schatzi
schatzi1
schatzie
schatzy
schecter
scheise
scheisse
scheisse1
scheme
schildi
schiller
schimmel
schindler
schinken
schizo
schizzo
schlafen
schlagzeug
schlampe
schlange
schlappi
schloss
schlumpf
schmetterling
schmid
schmidt
schmoo
schmuck
schnappi
schnapps
schnaps
schnauzer
schnecke
schnee
schneeball
schneemann
schneider
schneider1
schnell
schnitzel
schnuckel
schnucki
schnuff
schnuffel
schnuffi
schnuller
schnulli
schnuppi
schnurri
schoen
schoko
schokolade
scholar
scholes
scholes18
scholl
school
school01
school1
school10
school101
school11
school12
school123
school1234
school13
school2
school22
schoolboy
schoolbus
schoolgirl
schools
schoolsucks
schooner
schorsch
schrank
schranz
schreiner
schroeder
schubert
schuhe
schule
schule123
schultz
schulz
schumacher
schumi
schuster
schuyler
schwalbe
schwanz
schwartz
schwarz
schweden
schwein
schweini
schweiz
schweppes
schwert
schwester
schwimmen
schwinn
schwul
science
science1
scientist
scilla
scimitar
scimmia
scipio
scirocco
scissors
sclub7
sco
scoala
scofield
scoobie
scooby
scooby-doo
scooby01
scooby1
scooby10
scooby11
scooby12
scooby123
scooby13
scooby2
scooby21
scooby22
scooby23
scooby69
scoobyd00
scoobydo
scoobydoo
scoobydoo1
scoobydoo2
scoop
scoopy
scoot
scooter
scooter01
scooter1
scooter10
scooter11
scooter12
scooter123
scooter13
scooter2
scooter22
scooter3
scooter5
scooter7
scooter8
scooters
scooty
scorch
score
scorpi
scorpian
scorpio
scorpio1
scorpio11
scorpio123
scorpio13
scorpio2
scorpio69
scorpio7
scorpion
scorpion1
scorpion11
scorpion12
scorpion123
scorpion13
scorpion7
scorpione
scorpions
scorpius
scotch
scotia
scotland
scotland1
scotland123
scotsman
scott
scott1
scott12
scott123
scott2
scotti
scottie
scottie1
scottish
scotts
scottt
scotty
scotty1
scotty12
scotty123
scoubidou
scourge
scouse
scouser
scout
scout1
scout123
scouter
scouting
scouts
scr
scrabble
scrabble1
scram
scramble
scrambler
scranton
scrap
scrapbook
scrapper
scrappy
scrappy1
scraps
scratch
scratch1
scratchy
scream
scream1
screamer
screamo
screech
screen
screwball
screwdriver
screwed
screwu
screwyou
screwyou2
scribble
scribe
scricciolo
script
scroll
scrolllock
scrooge
scrotum
scrub
scrubs
scruff
scruffy
scruffy1
scruffy123
scrumpy
scuba
scuba1
scubadiver
scubapro
scuderia
scudetto
scully
scully1
scumbag
scuola
scylla
scythe
scyther
sd
sd123456
sd6653533
sddssd
sdf
sdf123
sdf5dfgf77
sdf7asdf6asdg8df
sdf7asdf6asdg8df1
sdfg
sdfghj
sdfghjk
sdfghjkl
sdfkjoewgmnd
sdfsdf
sdfsdfsdf
sdil1234
sdsadee23
sdsd
sdsdsd
sdsdsdsd
sdw223sds
se
sea
seabass
seabass1
seabee
seabreeze
seabrook
seadog
seadoo
seafight
seafood
seagate
seagull
seagull1
seagulls
seahawk
seahawks
seahawks1
seahorse
seahorse1
seal
sealion
sealteam
sealteam6
seaman
seamaster
seamonkey
seamus
seamus1
sean
sean11
sean12
sean123
sean1234
seanie
seanjohn
seanpaul
seansean
searay
search
search1
search123
searcher
searching
seasea
seashell
seashells
seashore
seaside
seaside1
season
seasons
seastar
seatibiza
seatleon
seattle
seattle1
seaview
seaways
seaweed
seawolf
seaworld
seb
seb123
seba
seba12
seba123
seba1234
sebas
sebas123
sebast
sebastia
sebastian
sebastian1
sebastian10
sebastian11
sebastian12
sebastian123
sebastian13
sebastian2
sebastian3
sebastian7
sebastiano
sebastiao
sebastien
sebastien1
sebastion
sebbe123
sebek1
sebek123
sebelasmaret1984
sebita
sebring
sebseb
sec
secbybrian
secbymelannie
secbypen
secbywill
seccion33
second
secondhand
secondlife
secret
secret00
secret007
secret01
secret1
secret10
secret101
secret11
secret12
secret123
secret1234
secret13
secret2
secret21
secret22
secret23
secret24
secret666
secret69
secret7
secret77
secret99
secreta
secretary
secretcode
secrete
secretlove
secreto
secretos
secretpass
secretpassword
secrets
secrets1
section
section1
section8
section9
sector
sector9
sectumsempra
secur1ty
secure
secure1
secure123
secured
securedbyching
securedbyhayden
securitas
securite
security
security1
security123
sedaseda
sedes
sedona
seduction
seductive
see
seedorf
seeker
seeking
seema
seesaw
seesee
seetha
seether
seether1
seeyou
sefasefa
sega
segasega
segblue2
segeln
segovia
segredo
segreta
segreto
segundo
segura
segura88
seguridad
seguro
sehnsucht
sei
seifer
seigneur
seiko
seila123
seinfeld
sejati
sekhar
sekolah
sekret
sektor
sel
selam
selamanya
selamat
selassie
selcuk
select
select1
select123
selecta
selection
selena
selena1
selena12
selena123
selenagomez
selene
selfish
selfmade
selim
selin
selina
selina1
seller
sellers
selling
sellit
selma
selman
selmer
selva
selvam
selvaraj
selwyn
sem
semaj
semangat
semangat45
semangka
semarang
sembarang
sembilan
semen
semenov
semenova
semeolvido
semester
seminary
seminole
seminole1
seminoles
seminoles1
semmel
sempai
semper
semperf1
semperfi
semperfi1
semperfidelis
sempre
sempron
sempurna
semsem
semsenha
sen
senate
senateur
senator
senators
senben
senbenimsin
senbonzakura
sender
sendiri
sendoh
seneca
senegal
senha
senha1
senha12
senha123
senha1234
senha12345
senhas
senhasenha
senhor
senior
senior05
senior06
senior07
senior08
senior09
senior10
senior2010
seniors
seniseviyom
seniseviyoru
seniseviyorum
senna
senna1
sennheiser
senorita
senpai
sensation
sensei
sensen
sensitive
sensiz
sensizasla
sensizim
sensizlik
sensor
sensual
senthil
senti123
sentinel
sentinel1
sentra
sentry
senveben
senyum
seo
seo123
seo12345
seo123456
seo21saafd23
seo_profile
seoer2010
seopeople
seos1234
seos12345
seos1234a
seotechlab121
seowork11
seowork123
sep
sepakbola
sepatu
sephirot
sephiroth
sephiroth1
sephiroth7
sephora
seppel
sept11
sept12
sept18
sept20
sept22
sept23
sept25
septembe
september
september0
september1
september10
september11
september12
september13
september14
september15
september16
september17
september18
september19
september2
september20
september21
september22
september23
september24
september25
september26
september27
september28
september29
september3
september4
september5
september6
september7
september8
september9
septembre
septembrie
septian
septiembre
sepultura
sepulveda
sequoia
ser
ser123
ser12345
ser123456
serafim
serafima
serafin
serafina
serafino
seraph
seraphim
seraphim1
seraphin
serban
serbia
sercan
sercan123
serdar
serdar123
serduszko
serebro
serega
serega12
serega123
serega777
serena
serena1
serena123
serenada
serenade
serendipit
serendipity
serene
serenella
serenite
serenity
serenity1
serenity7
sereno
serg
sergant
serge
sergeant
sergeev
sergeevna
sergei
sergei123
sergej
sergen
sergent
serges
sergey
sergey01
sergey1
sergey12
sergey123
serginho
sergio
sergio1
sergio10
sergio12
sergio123
sergiu
sergserg
serhan
serhat
serhat123
serial
serialkiller
series
serina
serious
serious1
seriously
serioussam25
serkan
serkan123
serpent
serpent1
serpente
serpico
serpiente
serpil
serrano
serrano1
serser
serseri
serseri123
serserim
serval
servant
servant1
server
server1
server123
servet
service
service1
services
servis
servus
serwer
ses
ses8aoss
sesame
sesamo
sesese
sesip777
sessan
sesshomaru
sesshoumaru
session
sessions
sestra
set
setan
setembro
seth
seth123
seth1234
setiawan
setokaiba
setsuna
settembre
setter
settings
settlers
sev
sevanam
sevastopol
seven
seven007
seven07
seven1
seven11
seven123
seven7
seven77
seven777
sevendust
sevenfold
sevenof9
sevenofnine
sevens
sevenseven
sevenstar
sevenstars
seventeen
seventeen1
seventeen17
seventh
seventy
seventy7
sevenup
severin
severina
severine
severino
severus
sevgilim
sevilla
sevilla1
seville
seviyorum
sewell
sewing
sex
sex101
sex123
sex1234
sex12345
sex123456
sex4me
sex666
sex69
sex6969
sexbomb
sexbomb1
sexboy
sexe
sexesexe
sexgod
sexi
sexiest
sexiness
sexisfun
sexisgood
sexkitten
sexlover
sexmachine
sexman
sexme
sexmeup
sexo
sexo69
sexonthebeach
sexosexo
sexpistols
sexpot
sexsex
sexsex1
sexsex123
sexsex69
sexsexsex
sexsexsex1
sexslave
sexton
sextoy
sexual
sexual1
sexwax
sexx
sexxx
sexxxx
sexxxy
sexxy
sexxy1
sexy
sexy01
sexy07
sexy08
sexy09
sexy1
sexy10
sexy101
sexy11
sexy12
sexy123
sexy1234
sexy12345
sexy13
sexy14
sexy15
sexy16
sexy17
sexy18
sexy21
sexy22
sexy23
sexy24
sexy4life
sexy4u
sexy69
sexyako
sexyangel
sexyass
sexyass1
sexybabe
sexybabe1
sexybaby
sexybaby1
sexyback
sexyback1
sexybeast
sexybeast1
sexybitch
sexybitch1
sexybody
sexyboy
sexyboy1
sexybum
sexycani
sexychick
sexydiva
sexyeyes
sexygal
sexygirl
sexygirl1
sexygirls
sexygurl
sexyguy
sexyko
sexylady
sexylady1
sexylegs
sexylexy
sexylove
sexylove1
sexymama
sexymama1
sexyman
sexyman1
sexyme
sexyme1
sexymom
sexymomma
sexyness
sexyone
sexyred
sexyred1
sexysex
sexysexy
sexysexy1
sexythang
sexything
sexytime
sexytime1
seychelles
seydou
seymour
seymour1
seznam
sf123456
sf49ers
sfd3sdfdsf
sfgiants
sfp710306
sfring31
sg
sg7cuhh332
sh
sh0pp1ng
sh0pping
sh123456
sha
sha123
shaban
shabana
shabba
shabba1
shabbir
shabby
shabnam
shad0w
shaddow
shaddy
shade
shades
shadmoss
shado
shadow
shadow0
shadow00
shadow007
shadow01
shadow02
shadow03
shadow04
shadow05
shadow06
shadow07
shadow08
shadow09
shadow1
shadow10
shadow100
shadow101
shadow11
shadow111
shadow12
shadow123
shadow1234
shadow13
shadow14
shadow15
shadow16
shadow17
shadow18
shadow19
shadow2
shadow20
shadow21
shadow22
shadow23
shadow24
shadow25
shadow26
shadow27
shadow28
shadow3
shadow31
shadow32
shadow321
shadow33
shadow4
shadow44
shadow45
shadow5
shadow55
shadow6
shadow64
shadow66
shadow666
shadow67
shadow69
shadow7
shadow77
shadow777
shadow8
shadow86
shadow87
shadow88
shadow89
shadow9
shadow90
shadow91
shadow92
shadow93
shadow94
shadow95
shadow96
shadow97
shadow98
shadow99
shadowcat
shadowdog
shadowfax
shadowfox
shadowman
shadowmaster
shadowrun
shadows
shadows1
shadrach
shady
shady1
shady123
shaffer
shafiq
shaft
shagger
shaggy
shaggy1
shaggy12
shaggy123
shaggy2dope
shaggy69
shagrath
shagufta
shah
shah123
shah1234
shahbaz
shaheen
shahid
shahid123
shahida
shahin
shahnaz
shahrukh
shahrukhkhan
shahzad
shaikh
shaila
shailesh
shaina
shaine
shaira
shaista
shaitan
shaka
shakal
shakazulu
shake
shakeel
shakeela
shakeit
shakeitup
shaker
shakes
shakespear
shakespeare
shakey
shakil
shakila
shakir
shakira
shakira1
shakira123
shakthi
shakti
shakugan
shakuntala
shakur
shalala
shalimar
shalini
shallow
shalom
shalom1
shalom123
shalon
sham
sham69
shaman
shaman1
shaman123
shamanking
shamar
shambala
shambles
shameless
shamil
shamim
shammi
shammy
shampoo
shampoo1
shamrock
shamrock1
shamrocks
shamus
shan
shan123
shana
shana1
shana123
shanae
shanahan
shanda
shandi
shandy
shandy1
shane
shane1
shane12
shane123
shanee
shanel
shanell
shanelle
shaner
shanes
shaney
shaney14
shanghai
shanghai1
shangrila
shangxin
shani
shani123
shania
shania1
shanice
shanice1
shanie
shanika
shaniqua
shaniya
shankar
shanker
shankly
shanks
shanky
shanna
shanna1
shannan
shannara
shannen
shannon
shannon01
shannon1
shannon10
shannon11
shannon12
shannon123
shannon13
shannon2
shannon3
shannon5
shannon7
shanny
shanon
shanshan
shanta
shantanu
shante
shantel
shantell
shanthi
shanti
shanty
shaolin
shaolin1
shaoran
shaq
shaq32
shaq34
shaquille
shara
sharad
sharada
sharan
sharapova
sharc
sharda
share
shareaza
sharebear
shari
sharif
sharifa
sharik
sharina
sharing
sharingan
sharingan1
shark
shark1
shark123
sharkbait
sharkboy
sharkey
sharkie
sharkman
sharks
sharks1
sharks12
sharky
sharky1
sharlene
sharma
sharma123
sharmaine
sharmila
sharna
sharon
sharon01
sharon1
sharon12
sharon123
sharona
sharp
sharp1
sharp123
sharpay
sharpe
sharpei
sharpie
sharpie1
sharpshooter
sharpy
sharron
shasha
shasha1
shashank
shashi
shasta
shasta1
shatter
shattered
shaun
shaun1
shaun123
shauna
shauna1
shaved
shavon
shaw
shawn
shawn1
shawn123
shawna
shawna1
shawnee
shawny
shawshank
shawty
shawty1
shay
shay123
shayan
shayla
shayla1
shaylee
shayna
shayne
shayne1
shayshay
shayshay1
shazam
shazbot
shazia
shazza
she
shea
shearer
shearer09
shearer1
shearer9
sheba
sheba1
sheba123
shebadog
sheckler
shedevil
sheeba
sheehan
sheela
sheena
sheena1
sheep
sheep1
sheep123
sheepdog
sheeps
sheepy
sheetal
sheets
sheffield
sheffield1
sheikh
sheila
sheila1
sheila123
shekhar
shekinah
shelbi
shelbie
shelby
shelby01
shelby1
shelby10
shelby11
shelby12
shelby123
shelby13
shelbygt500
sheldon
sheldon1
shelia
shell
shell1
shell123
shella
shellbell
shelle
shelley
shelley1
shellie
shells
shelly
shelly1
shelly123
shelter
sheltie
shelton
shelton1
shemale
shemar
sheng
shenlong
shenmue
shenron
shenshen
shepard
shepherd
sheppard
sheraton
sherbert
sheree
shereen
sheridan
sheridan1
sherif
sheriff
sheriff1
sherilyn
sherin
sherlock
sherlock1
sherlockholmes
sherly
sherlyn
sherman
sherman1
sherpa
sherri
sherrie
sherry
sherry1
sherry123
sherwin
sherwin1
sherwood
sherwood1
sheryl
sheryl1
sheryll
sheshe
shetland
shetty
sheva
sheva7
shevchenko
shevchenko7
shewolf
sheyla
shi
shi123456
shianne
shiawase
shibby
shibby1
shibumi
shibuya
shiela
shiela1
shielamae
shield
shields
shift
shift1
shift123
shifter
shifty
shigoto3
shihtzu
shikamaru
shikamaru1
shikha
shilo
shiloh
shiloh1
shilpa
shilpi
shimano
shimmer
shimmy
shin
shinchan
shine
shine1
shine123
shinedown
shinee
shineon
shiner
shines
shiney
shingo
shinhwa
shinichi
shinigami
shinigami1
shining
shinji
shinobi
shinobi1
shinobi3
shinobu
shinoda
shinra
shinshin
shinta
shintaro
shinto
shiny
shipping
shippo
shippuden
shippuden1
shippuuden
shipra
shipuden
shirak
shiraz
shireen
shirin
shirley
shirley1
shirly
shiro987
shisha
shishi
shit
shit12
shit123
shit1234
shital
shitass
shitbag
shitballs
shitbird
shitface
shitface1
shitfuck
shitfuck1
shithappens
shithead
shithead1
shithead2
shithole
shitka
shitman
shitshit
shitter
shitty
shitty1
shiv
shiva
shiva1
shiva123
shivaji
shivam
shivan
shivangi
shivani
shivas
shivbaba
shiver
shivers
shivji
shiznit
shiznit1
shizuka
shizzle
shizzle1
shmily
sho
shoaib
shobha
shock
shocker
shocker1
shockers
shocking
shockwave
shodan
shoe
shoe0505
shoebox
shoelace
shoemaker
shoes
shoes1
shoes123
shoes4me
shogun
shogun1
shohoku
shokolad
shona
shonda
shonen
shoot
shooter
shooter1
shooters
shooting
shootingstar
shootme
shop
shop123
shopaholic
shopgirl
shopper
shopper1
shopping
shopping1
shopping12
shopping123
shopshop
short
short1
shortbus
shortcake
shortcut
shortie
shortie1
shorts
shortstop
shortstuff
shorty
shorty01
shorty1
shorty101
shorty11
shorty12
shorty123
shorty13
shorty14
shorty15
shorty2
shorty21
shorty22
shorty23
shorty69
shortys
shoryuken
shoshana
shosho
shotgun
shotgun1
shotgun12
shotokan
shotokan1
shotta
shovel
shovelhead
show
showbiz
showboat
showcase
showdawn163
showdown
shower
showme
showme1
showmethe
showmethemoney
showstopper
showtime
showtime1
shraddha
shravan
shredder
shree
shree420
shreeganesh
shreeji
shreeram
shrek
shrek1
shrek123
shrek2
shrestha
shrewsbury
shreya
shreyas
shriganesh
shrikant
shrimp
shrink
shriram
shroom
shrooms
shruthi
shruti
shruti123
shu
shuang
shubha
shubham
shubhangi
shubhi007
shuffle
shuffle1
shugochara
shukla
shumaher
shumaila
shunshun
shunsuke
shurik
shuriken
shushu
shutdown
shutter
shutthefuckup
shuttle
shutup
shutup1
shutup123
shweta
shy
shyam
shyann
shyanne
shyanne1
shygirl
shyguy
shylock
shyshy
si
sialkot
siamese
sianromo
sibelius
siberia
siberian
sic
sicher
sicherheit
sicilia
sicily
sick
sickboy
sickness
sicnarf
sicurezza
sid
sid123
siddhant
siddharta
siddharth
siddhartha
siddhi
siddhu
siddiqui
sidekick
sidekick1
sidekick2
sidekick3
sideout
sideshow
sidewalk
sideways
sidewinder
sidnei
sidney
sidney1
sidney123
sidoarjo
sidonie
sidorov
sidorova
sidsid
sie
sieben
siedler
sieger
siegfried
siegheil
siegheil88
siema123
siemens
siemens1
siemens123
siemka
siempre
siena
sienna
sienna1
sier66i9jr
sierra
sierra#123
sierra01
sierra1
sierra11
sierra117
sierra12
sierra123
sierra13
siesta
sieunhan
sig
siganteng
sigma
sigma1
sigma123
sigmachi
sigmund
signal
signature
signin
signup
sigrid
sigsauer
sigurd
sikandar
sikander
sikerim
sikici
sikreto
siktir
siktirgit
sil
silas
silas123
silber
silbermond
silence
silence1
silencer
silencio
silent
silent1
silentbob
silenthill
silentkiller
silhouette
silicon
silicone
silke
silkmania12
silkroad
silkroad1
silky
silly
silly1
silly123
sillybilly
sillyboy
sillygirl
sillygoose
sillyme
silmaril
silmarillion
silva
silva1
silva123
silvan
silvana
silvano
silveira
silver
silver00
silver01
silver1
silver10
silver11
silver12
silver123
silver13
silver14
silver17
silver2
silver21
silver22
silver23
silver24
silver25
silver33
silver5
silver69
silver7
silver77
silver88
silver99
silverado
silverado1
silverback
silverbullet
silverchair
silverdragon
silverfish
silverfox
silverhawk
silverio
silverman
silvermist
silvermoon
silvers
silverstar
silverstein
silverstone
silversurfer
silverwing
silverwolf
silvester
silvestre
silvestro
silvia
silvia1
silvia123
silvie
silvietta
silvina
silvio
silviu
sim
sim123
simasima
simba
simba01
simba1
simba12
simba123
simba2
simbaa
simbacat
simbad
simbadda
simbas
simcast5
simcity
simcity4
simens
simeon
simmons
simmons1
simo
simon
simon01
simon1
simon12
simon123
simon1234
simon2
simona
simone
simone01
simone1
simone10
simone11
simone12
simone123
simonetta
simonka
simons
simonsays
simonsimon
simosimo
simpel
simple
simple1
simple11
simple12
simple123
simplegirl
simpleguy
simpleman
simpleplan
simplex
simplicity
simply
simplyme
simpson
simpson1
simpson12
simpson123
simpsons
simpsons1
simpsons12
simpsons123
simran
sims
sims123
simsalabim
simsim
simson
simsons
simulator
sin
sina
sinaga
sinaloa
sinan
sinan123
sinatra
sinatra1
sinbad
sincere
sincere1
sinchan
sincity
sincity1
sinclair
sindhu
sinead
sinfonia
sinful
sing
singapore
singapore1
singapur
singasong
singel
singer
singer1
singer12
singh
singh1
singh123
singhisking
singing
singing1
singkit
single
single01
single1
single12
single123
singlelady
singlemom
singles
singleton
singsing
singsong
sinigami
sinisa
sinister
sinister1
sinjin
sinned
sinner
sinop57
sinsin
sinterklaas
sinus
siobhan
siobhan1
siopao
siopec
siouxsie
sir
siracusa
siraulo
siregar
sirena
sirene
sirenita
sirftum
sirine
sirisha
sirius
sirius1
siriusblack
sirocco
sis
sisi
sisisi
siska
sissi
sissie
sissy
sissy1
sissy123
sistem
sistema
sistemas
sister
sister1
sister12
sister123
sister2
sisters
sisters1
sisters2
sisters3
sitara
sitaram
sitdu14a
sithlord
sithlord1
siva
sivakumar
sivart
sivas58
sivasiva
six
six666
six6six
sixela
sixers
sixflags
sixkids
sixpack
sixpence
sixsix
sixsix6
sixsixsix
sixteen
sixteen16
sixten
sixty9
sixtynine
siyu1004
sizzla
sizzle
sj12131415
sj6bl0on
sj811212
sjokolade
sk
sk123456
sk84ever
sk84life
sk8board
sk8boarding
sk8er
sk8er4life
sk8erboi
sk8erboy
sk8erdude
sk8ers
sk8forlife
sk8ing
sk8isgr8
sk8ordie
sk8sk8
sk8ter
sk8terboy
ska
skalar
skalman
skank
skaska
skate
skate1
skate101
skate12
skate123
skate1234
skate13
skate2
skate3
skate4ever
skate4life
skate8
skateboard
skateboard1
skateboarding
skaten
skateordie
skater
skater01
skater1
skater10
skater101
skater11
skater12
skater123
skater13
skater14
skater15
skater2
skater22
skater23
skater4life
skater69
skater99
skaterboy
skaterboy1
skaters
skaters1
skates
skating
skating1
skaven
skazka
skdisk
skechers
skeet
skeeter
skeeter1
skeleton
skeleton1
skeletor
skelly
skeptron
sketch
ski
skibum
skidmark
skidmore
skidoo
skidrow
skiffy
skiing
skikda
skikda21
skill
skilled
skiller
skillet
skillet1
skills
skills12
skillz
skimmer
skin
skincare
skinhead
skinhead88
skinner
skinner1
skinny
skinny1
skins
skip
skiper
skipjack
skipper
skipper1
skipper123
skipper2
skippy
skippy1
skippy11
skippy12
skippy123
skittle
skittle1
skittles
skittles1
skittles12
skittles123
skittles2
skittlez
skitty
skizzo
sko
skoda
skola
skolan
skooter
skopje
skorpio
skorpion
skorpion1
skrillex
skscjswo
sksksk
sksmssk
sksskdi
skull
skull1
skull123
skullcandy
skullkid
skulls
skully
skullz
skumar
skunk
skunk1
skunks
skunky
skuter
sky
sky123
skyblue
skyblue1
skyblues
skydive
skydive1
skydiver
skydog
skydragon
skye
skyfire
skyhawk
skyhigh
skyking
skylanders
skylar
skylar1
skylark
skyler
skyler1
skylight
skyline
skyline1
skyline12
skyline123
skyline2
skyline34
skylinegtr
skylinegtr34
skyliner
skyliner33
skyliner34
skyman
skynet
skynyrd
skype123
skyrim
skyrim123
skyrimnexus
skyrock
skyscraper
skysky
skywalke
skywalker
skywalker1
sl1200
sl1pkn0t
sl1pknot
sla
slaanesh
slacker
slacker1
sladoled
slainte
slalom
slam1984
slamdunk
slamdunk1
slammer
slank
slankers
slapnuts
slapper
slappy
slapshock
slapshot
slaptazodis
slash
slash1
slash123
slasher
slasher1
slater
slatina
slaughter
slava
slava1
slava123
slava1999
slava2000
slave
slave1
slaves
slavia
slavik
slavka
slawek
slawek1
slayer
slayer01
slayer1
slayer11
slayer12
slayer123
slayer13
slayer22
slayer66
slayer666
slayer69
slayer88
slayer99
slayers
slbenfica
sledge
sleep
sleeper
sleepers
sleeping
sleepless
sleepover
sleepwalker
sleepy
sleepy1
sleepyhead
sleev1122
sleipnir
slender
slenderman
sli
slicer
slick
slick1
slick123
slick50
slickrick
slider
sliders
slifer
slim
slimalex
slime
slimer
slimfast
slimjim
slimjim1
slimshady
slimshady1
slimslim
slimthug
slinger
slingshot
slinky
slinky1
slipkn0t
slipknot
slipknot1
slipknot11
slipknot12
slipknot123
slipknot13
slipknot2
slipknot3
slipknot6
slipknot66
slipknot666
slipknot69
slipknot7
slipknot8
slipknot9
slipkorn
slipnot
slipper
slippers
slippery
slippy
slither
sliver
slk230
slniecko
slo
sloane
sloboda
slobodan
sloeber
slonce
sloneczko
sloneczko1
slonik
slonko
sloopy
sloppy
slovakia
slovan
slovenia
slovenija
slovensko
slowdown
slowhand
slowpoke
slrlal
sludge
slugger
slugger1
sluggo
slunce
slunicko
slurpee
slut
sluts
slutty
slycooper
slyfox
slytherin
sm
sm123456
sma
smack
smackdown
smackdown1
smackthat
small
small1
smallfry
smalls
smallville
smallville1
smart
smart1
smart123
smartass
smartboy
smarter
smartest1
smartgirl
smartguy
smartie
smartie1
smarties
smarties1
smartman
smartone
smarts
smarty
smarty1
smartypants
smash
smash1
smash123
smasher
smashing
smeagol
smeghead
smeghead1
smegma
smell
smells
smelly
smelly1
smelly123
smellycat
smellycat1
smellysocks
smerfetka
smetana
smi
smile
smile1
smile101
smile11
smile12
smile123
smile1234
smile13
smile2
smile22
smile3
smile4ever
smile4me
smile4u
smile5
smile7
smilee
smiler
smiles
smiles1
smiles123
smilesmile
smiley
smiley01
smiley1
smiley12
smiley123
smiley13
smileyface
smilie
smiling
smilla
smirnoff
smirnoff1
smirnov
smirnova
smith
smith1
smith123
smith22
smitha
smithers
smiths
smithy
smitty
smitty1
smo
smoke
smoke1
smoke123
smoke20
smoke420
smoked
smokedog
smokepot
smoker
smoker1
smokers
smokes
smokeweed
smokeweed1
smokeweed420
smokey
smokey01
smokey1
smokey10
smokey11
smokey12
smokey123
smokey13
smokey2
smokey21
smokey22
smokey420
smokey69
smokeyjoe
smokie
smokie1
smokin
smokin420
smoking
smoking1
smoky
smooch
smooches
smoochie
smooth
smooth1
smoothie
smoove
smores
smother
smriti
smudge
smudge01
smudge1
smudge12
smudge123
smudger
smuggler
smukke
smulan
smurf
smurf1
smurf123
smurfette
smurfs
smurfy
smut
sn00py
sn0wball
sn1ckers
sna
snack
snacks
snafu
snails
snaiper
snajper
snake
snake1
snake12
snake123
snake2
snake666
snakebite
snakeeater
snakeeyes
snakeman
snakepit
snaker
snakes
snakes1
snakey
snap
snapdragon
snapon
snapper
snapper1
snapple
snapple1
snappy
snapscan
snapshot
snatch
snazzy
snb64200
sneaker
sneakers
sneakers1
sneaky
sneaky1
sneeze
sneha
sneha123
snehal
sni
snicker
snicker1
snickers
snickers1
snickers12
snickers123
snickers2
snicket
sniff
sniffer
sniffles
sniffy
snikers
sniper
sniper007
sniper01
sniper1
sniper11
sniper12
sniper123
sniper13
sniper22
sniper23
sniper69
snipers
sniperwolf
snipes
snipper
snitch
sno
snobben
snoogans
snoogins
snooker
snooker1
snooker147
snookie
snookie1
snooks
snookums
snooky
snoop
snoop1
snoop123
snoopdog
snoopdog1
snoopdogg
snoopdogg1
snooper
snoopi
snoopie
snoops
snoopy
snoopy01
snoopy1
snoopy10
snoopy11
snoopy12
snoopy123
snoopy13
snoopy14
snoopy2
snoopy21
snoopy22
snoopy23
snoopy69
snoopy7
snoopy77
snoopy88
snoopy99
snoopydog
snooze
snoppy
snorkel
snorlax
snotty
snow
snow12
snow123
snow1234
snowangel
snowball
snowball1
snowball11
snowball12
snowball123
snowball2
snowbear
snowbell
snowbird
snowboard
snowboard1
snowboarder
snowboarding
snowboardru55
snowbunny
snowcone
snowdog
snowdon
snowdrop
snowey
snowfall
snowflake
snowflake1
snowflakes
snowgirl
snowhite
snowie
snowing
snowman
snowman1
snowman12
snowman123
snowman2
snowmobile
snowshoe
snowsnow
snowstorm
snowwhite
snowwhite1
snowy
snowy1
snowy123
snuff
snuffel
snuffie
snuffles
snuffy
snuggle
snuggles
snuggles1
snvd9d8q4r
snyder
so
soad
soap
soares
soaring
sobaka
sobeit
sober
sober1
soberboy
sobota
sobrenatural
sobriety
soc
soccer
soccer00
soccer01
soccer02
soccer03
soccer04
soccer05
soccer06
soccer07
soccer08
soccer09
soccer1
soccer10
soccer101
soccer11
soccer12
soccer123
soccer1234
soccer13
soccer14
soccer15
soccer16
soccer17
soccer18
soccer19
soccer2
soccer20
soccer21
soccer22
soccer23
soccer24
soccer25
soccer26
soccer27
soccer28
soccer29
soccer3
soccer30
soccer31
soccer32
soccer33
soccer34
soccer4
soccer44
soccer45
soccer4life
soccer5
soccer55
soccer6
soccer66
soccer69
soccer7
soccer77
soccer8
soccer87
soccer88
soccer89
soccer9
soccer90
soccer93
soccer94
soccer95
soccer96
soccer97
soccer98
soccer99
soccerball
soccerboy
soccergirl
soccerman
soccermom
soccerrocks
soccerrules
soccerstar
sochaux
sochi2014
social
social1
social12
social123
social23
socialbook
society
sociology
socken
socker
socket
socks
socks1
socks123
socom
socom2
socom3
socool
socorro
socram
socrate
socrates
socrates1
socute
soda
sodapop
sodapop1
sodium
sodomie
soeusei
sof
sofia
sofia1
sofia123
sofian
sofiane
sofias
sofie
sofija
sofiya
soft
soft2010
softail
softair
softball
softball09
softball1
softball10
softball11
softball12
softball13
softball14
softball15
softball16
softball17
softball18
softball2
softball21
softball22
softball23
softball24
softball3
softball4
softball5
softball6
softball7
softball8
softball9
softtail
software
software1
software123
sogood
sohail
sohcahtoa
soilwork
soinlove
sojdlg123aljg
sokol
sokolik
sokolov
sokolova
sokrates
sol
sol123
solace
solana
solange
solano
solar
solar1
solara
solare
solaris
solaris1
solcito
soldado
soldat
soldier
soldier1
soldier123
soldiers
soldout
sole
soledad
soledad1
soledad321
soleil
soleil01
soleil1
soleil10
soleil12
soleil123
soleil13
soleil59
soleluna
solene
solenn
solid
solid1
solidsnake
solidsnake1
solidus
solidworks
soliman
solis
solita
solitaire
solitario
solito
solitude
solmazz
solnce
solnishko
solnyshko
solnze
solo
solo123
solo1234
soloio
soloman
solomon
solomon1
solomon123
solosolo
solotu
soloyo
solrac
solskjaer
solsol
solstice
soltero
solution
solution1
solutions
solutions1
solveig
solyluna
som
soma
somalia
sombra
sombrero
some
somebody
someday
someday1
someone
someone1
somerset
somerset1
somerville
somethin
something
something1
something123
something2
sometime
sometimes
somewhere
sommar
sommarlov
sommer
sommer01
sommer07
sommer08
sommer09
sommer1
sommer11
sommer12
sommer123
sommer2010
son
son123
sona
sonal
sonali
sonata
sondra
sonechka
song
songbird
songbird1
songohan
songoku
songoku1
songs
songsong
soni
sonia
sonia1
sonia123
sonias
sonic
sonic1
sonic10
sonic101
sonic11
sonic12
sonic123
sonic1234
sonic12345
sonic2
sonic3
sonica
sonicboom
sonics
sonicsonic
sonicx
sonicx12
sonika
soniya
sonja
sonja1
sonne
sonne1
sonne123
sonnen
sonnenblume
sonnenschein
sonnet
sonnie
sonntag
sonny
sonny1
sonny123
sonnyboy
sonnyboy1
sonofabitch
sonofgod
sonoio
sonoma
sonora
sonrisa
sonshine
sonson
sonu
sonu123
sonu1234
sonumonu
sonusonu
sony
sony11
sony12
sony123
sony1234
sonya
sonya1
sonyericson
sonyericsson
sonypsp
sonysony
sonyvaio
sookie
sooner
sooner1
sooners
sooners1
sootie
sooty
sooty1
sooty123
sop
sophia
sophia01
sophia07
sophia08
sophia09
sophia1
sophia10
sophia11
sophia12
sophia123
sophie
sophie01
sophie02
sophie03
sophie04
sophie05
sophie06
sophie07
sophie08
sophie09
sophie1
sophie10
sophie11
sophie12
sophie123
sophie1234
sophie13
sophie14
sophie15
sophie2
sophie21
sophie22
sophie23
sophie3
sophie7
sophie99
soprano
soprano1
sopranos
sor
sora
soraia
sorasora
soraya
sorcerer
sorciere
sordfish
sorento
sorete
soriano
soriano1
sorina
soroka
sorokina
sorrento
sorriso
sorrow
sorry
sorry1
sorry123
sorvete
sos
sos123
sosexy
sosiska
soso
soso123
soso123456
soso123aljg
sosodef
sososo
sosososo
sossina
sossos
sosweet
sotkfkd
sou
soufeliz
soufiane
soufoda
soukaina
soul
soulcalibur
souleater
souledge
soulfire
soulfly
soulfly1
soulfood
soulja
souljaboy
souljaboy1
souljagirl
souljah
soulless
soulman
soulmaster
soulmate
soulmate1
soulmates
soulreaper
soulreaver
soultaker
soumaiseu
soumia
soumya
sound
sound1
soundgarden
soundman
sounds
soundwave
soup
sourav
source
sourcing
sourire
souris
sousou
soussou
south
south1
south123
south13
southafrica
southampton
southeast
southend
southend1
southern
southern1
southgate
southkorea
southpark
southpark1
southpaw
southpole
southpole1
southport
southside
southside1
southside13
southwest
southwest1
souvenir
sovereign
soviet
sowhat
sowjanya
sowmya
soyelmejor
soyfeliz
soylamejor
sp
sp00ky
sp0ngeb0b
sp123456
sp1der
sp1derman
spa
space
space1
space123
space1999
spaceace
spaceballs
spacebar
spaceboy
spacecowboy
spacejam
spaceman
spaceman1
spacemarine
spacemonkey
spacer
spaces
spaceship
spacey
spadaj
spades
spagetti
spaghetti
spaghetti1
spain
spain1
spain123
spalding
spam
spammer
spammy
spamspam
spandex
spangle
spania
spania123
spaniel
spanien
spanish
spanish1
spanish32
spank
spanker
spanking
spankme
spankme1
spanky
spanky01
spanky1
spanky12
spanky123
spanky69
spanner
spanner1
sparco
sparda
sparhawk
spark
spark1
sparkasse
sparkey
sparkey1
sparkie
sparkie1
sparkle
sparkle1
sparkle123
sparkles
sparkles1
sparkling
sparkplug
sparks
sparky
sparky01
sparky1
sparky10
sparky11
sparky12
sparky123
sparky13
sparky2
sparky22
sparky69
sparky99
sparrow
sparrow1
sparrows
sparta
sparta1
sparta123
sparta300
spartacus
spartacus1
spartak
spartak1
spartak1922
spartakus
spartan
spartan1
spartan117
spartan2
spartan300
spartans
spartans1
sparten117
sparticus
sparty
spatula
spawn
spawn1
spawn123
spawn666
spe
speak2me
speaker
speaker1
speakers
speakers1
spearhead
spearmint
spears
special
special1
special2
speciala
specialfor
specialforce
specialist
specialized
specialk
specialk1
specials
speckles
specops
spectacular
specter
spector
spectra
spectre
spectrum
spectrum1
speech
speed
speed1
speed12
speed123
speed2
speeder
speedfight
speedfreak
speedlink
speedo
speedracer
speeds
speedster
speedtouch
speedway
speedway1
speedy
speedy01
speedy1
speedy11
speedy12
speedy123
speedy13
speedy2
spell
spellbound
spellforce
spelling
spells
spence
spencer
spencer01
spencer1
spencer12
spencer123
spencer2
spencer7
spenser
speranta
speranza
sperma
sphere
sphinx
sphynx
spi
spice
spice1
spice123
spicegirl
spicegirls
spicer
spices
spicey
spicy
spider
spider-man
spider01
spider1
spider10
spider11
spider12
spider123
spider13
spider2
spider21
spider22
spider23
spider3
spider69
spider7
spider77
spider88
spider99
spiderma
spiderman
spiderman0
spiderman1
spiderman10
spiderman11
spiderman12
spiderman123
spiderman2
spiderman3
spiderman4
spiderman5
spiderman6
spiderman7
spiderman8
spiderman9
spiderman99
spidermonkey
spiderpig
spiderpig1
spiders
spiders1
spiderweb
spidey
spidey1
spiegel
spiele
spielen
spierdalaj
spiffy
spike
spike01
spike1
spike11
spike12
spike123
spike1234
spike13
spike2
spikedog
spiker
spikers
spikes
spikey
spikey1
spillo
spinach
spinne
spinner
spinner1
spinners
spinning
spinoza
spiral
spirit
spirit01
spirit1
spirit12
spirit123
spirits
spiritual
spiritus
spiro
spirou
spit
spitfire
spitfire1
splash
splash1
splat
splatter
spleen
splender
splendid
splendor
spliff
splinter
splinter1
splintercell
split
splitter
splodge
spo
spock
spock1
spoiled
spoiled1
spoiler
spokane
spongbob
sponge
sponge1
sponge10
sponge12
sponge123
spongebo
spongebob
spongebob1
spongebob11
spongebob12
spongebob123
spongebob2
spongebob3
spongebob7
spongebob8
spongebob9
spongecola
sponsor
spooge
spook
spookie
spooks
spooky
spooky1
spooky12
spooky123
spooky13
spoon
spoon1
spoon123
spooner
spoonman
spoons
spoony
spore123
sport
sport1
sport123
sportage
sporting
sporting1
sports
sports1
sports11
sports12
sports123
sportsman
sportster
sporty
spot
spot123
spotlight
spotspot
spotty
spotty1
sppeed786
spr
sprewell
spriggan
spring
spring01
spring06
spring07
spring08
spring09
spring1
spring11
spring12
spring123
spring77
spring99
springbok
springer
springer1
springfield
springs
springsteen
springtime
sprinkle
sprinkles
sprint
sprint1
sprinter
sprite
sprite1
sprite123
sprocket
sprout
spruce
spud
spuddy
spunk
spunky
spunky1
spurs
spurs1
spurs123
spurs21
sputnik
sputnik1
spyder
spyder1
spyglass
spyro
spyware
squ
squadron
squall
squall1
squalo
square
square1
squarepants
squaresoft
squash
squeak
squeaker
squeaky
squeaky1
squeek
squeeze
squid
squidge
squids
squidward
squiggle
squiggy
squire
squires
squirrel
squirrel1
squirrels
squirt
squirt1
squirtle
squish
squishy
squishy1
sr1234567
sr20det
sr20dett
sravan
sravani
sravanthi
srbija
sree
sreedevi
sri
sri123
sridevi
sridhar
sriganesh
srikanth
srikrishna
srilanka
srilatha
srinivas
srinivasa
srinivasan
sriram
srirama
srisai
srisairam
srisri
srivastava
srujan
sruthi
ss
ss123123
ss1234
ss123456
ss23081937
ss563563ss
ss6z2sw6lu
ssecnirp
ssgoku
ssj4goku
ssjgoku
sslazio
sslazio1900
sss
sss111
sss123
sss123456
sss333
sss888wryx
sssaaa
sssddd
ssss
ssss1111
sssss
ssssss
ssssss1
sssssss
ssssssss
sssssssss
ssssssssss
ssssssssssss
ssswww
ssundee
ssyu1314
st
st123456
st33l3rs
st3v3n
st4rw4rs
sta
stabilo
stacey
stacey1
stacey12
stacey123
staci
stacia
stacie
stacy
stacy1
stadium
staff
staff123
staff123456
stafford
stafford1
staffy
staind
stainless
stairway
stalin
stalingrad
stalker
stalker007
stalker1
stalker12
stalker123
stalker13
stalker2
stalker2010
stalker2012
stalker777
stalkers
stallion
stallion1
stallone
stamford
stamina
stamp
stampe
stampede
stamper
stamps
stampy
stan
stand
standa
standalone
standard
standard1
standart
standby
standbyme
standing
standrews
standup
stanford
stang
stanger
stanislas
stanislav
stanislaw
stanley
stanley1
stanley12
stanley123
stanley2
stanly
stantheman
stanton
stanton1
staple
stapler
staples
staples1
star
star00
star01
star1
star10
star101
star11
star12
star123
star1234
star12345
star13
star14
star15
star16
star17
star2000
star21
star22
star23
star24
star33
star44
star45
star55
star69
star77
star7827
star88
star99
starbaby
starboy
starbright
starbuck
starbucks
starbucks1
starburst
starburst1
starchild
starcraft
starcraft1
starcraft123
starcraft2
starcraft22
stardog
stardoll
stardoll1
stardust
stardust1
starfall
starfighter
starfire
starfire1
starfish
starfish1
starfleet
starfox
starfox1
starfox64
stargate
stargate1
stargatesg1
stargazer
stargazer1
stargirl
stargirl1
starkiller
starks
starla
starlet
starlight
starlight1
starling
starlite
starman
starman1
starmoon
starocean
starplus
starpower
starr
starr1
starrr
starry
stars
stars1
stars12
stars123
starscream
starshine
starship
starsky
starss
starstar
starstar1
starstruck
start
start1
start12
start123
start1234
startac
started
starten
starter
starter1
startfinding
starting
startnow
startpass
startrek
startrek1
starts
startup
starwar
starwar5
starwars
starwars01
starwars1
starwars10
starwars11
starwars12
starwars123
starwars1234
starwars13
starwars2
starwars22
starwars23
starwars3
starwars4
starwars5
starwars6
starwars7
starwars77
starwars8
starwars9
starwars99
starwarz
starwind
starwolf
starz
stas
stas123
stas3824896
stasia
stasik
stasik15
stasstas
state
statement
states
static
staticx
station
station1
station2
statistics
status
statusquo
stavros
stayaway
staycool
staygold
stayout
stayout1
staystrong
ste
ste123
steady
steak
steaks
stealth
stealth1
steam
steam123
steamboat
steamer
steaua
steaua1
steaua12
steaua123
steaua86
steel
steel1
steel123
steele
steeler
steeler1
steelers
steelers1
steelers10
steelers11
steelers12
steelers2
steelers36
steelers43
steelers6
steelers7
steelers86
steelhead
steelman
steelseries
steeve
stef
stefan
stefan01
stefan1
stefan11
stefan12
stefan123
stefan13
stefanel
stefani
stefania
stefanie
stefanie1
stefano
stefano1
stefanos
stefany
steff
steffan
steffen
steffen1
steffi
steffie
steffy
stein
steinbock
steiner
steini
steinway
stelios
stella
stella01
stella1
stella10
stella11
stella12
stella123
stella13
stella22
stella69
stellar
stellar1
stellina
step
stepan
stepanov
stepanova
steph
steph1
steph123
steph2
stepha
stephan
stephan1
stephane
stephani
stephanie
stephanie1
stephanie123
stephanie2
stephano
stephany
stephen
stephen1
stephen12
stephen123
stephen2
stephens
stephenson
stephi
stephie
stephon
stephy
steppenwolf
stepup
stereo
sterling
sterling1
stern
sternchen
sternchen1
sterne
sternschnuppe
steroids
sterva
stetson
stetson1
stevan
steve
steve01
steve1
steve12
steve123
steven
steven01
steven1
steven10
steven11
steven12
steven123
steven1234
steven13
steven14
steven15
steven17
steven18
steven2
steven20
steven21
steven22
steven23
steven69
steven99
stevenash
stevengerrard
stevens
stevens1
stevenson
steveo
steves
stevevai
stevie
stevie1
stevieg
stevieg8
stevo
steward
stewardess
stewart
stewart1
stewart14
stewart20
stewie
stewie1
stewie123
stgeorge
stgiles
sti
sti11holding
sticazzi
stick
sticker
stickers
stickman
sticks
sticky
sticky1
stiff
stiffler
stiffy
stifler
stigmata
stiletto
still
stillwater
stimorol
stimpy
sting
sting1
stinger
stinger1
stingers
stingray
stingray1
stink
stinker
stinker1
stinkfist
stinki
stinky
stinky1
stinky12
stinky123
stinson
stirling
stitch
stitch1
stitch626
stitches
stiven
stjames
stjohn
stjoseph
stjude
stlouis
stlucia
stmartin
stmarys
stming4
stming44
sto
stocazzo
stock
stockholm
stocking
stockings
stockport
stocks
stockton
stoffel
stokecity
stokecity1
stoker
stokes
stokrotka
stokrotka1
stolen
stolica
stomatolog
stomp
stomper
stone
stone1
stone123
stoneage
stonecol
stonecold
stonecold1
stonecold316
stoned
stonehenge
stoneman
stoner
stoner1
stoner420
stoner69
stones
stones1
stonesour
stonewall
stoney
stooge
stooges
stoopid
stoopid1
stop
stop123
stopit
stopper
stopstop
storage
store
stories
storm
storm1
storm123
storm2
stormbringer
stormer
stormie
storms
stormtrooper
stormy
stormy1
stormy12
story
stpaul
stpauli
stpauls
str
str8edge
strada
stradivarius
straight
strand
strange
strange1
stranger
stranger1
strangle
strannik
strapon
strasbourg
strat
strat1
strata
strategy
stratfor
stratford
strato
stratocaster
stratos
stratovarius
stratton
stratus
strauss
strawber
strawberries
strawberry
strawberry1
straycat
streak
stream
streaming
street
street1
street12
street123
streetball
streetfighter
streetracer
streets
strega
strekoza
strela
strelec
strelok
strength
strength1
stress
stressed
stretch
stretch1
strickland
strider
strider1
strife
strike
strike1
strike123
strike3
striker
striker1
strikers
string
stringer
strings
strip
stripe
striper
striper1
stripes
stripes1
stripped
stripper
stroke
stroker
strokes
strolch
strolchi
stroller
stromboli
strong
strong1
strong11
strongbad
strongbow
strongbow1
stronger
stronger1
stronghold
stronghold2
strongman
stronzo
structure
strudel
struggle
strummer
strungout
struppi
stryder
stryker
stryker1
stryper
stsetia
stt_2014
stthomas
stu
stuart
stuart1
stuart123
stubborn
stubbs
stubby
stuck
stud
student
student1
student123
student2
students
studio
studio1
studio54
studioworks
studly
studman
studmuffin
study
studyhard
stuff
stuff1
stuff123
stuffy
stump
stumpy
stumpy1
stunna
stunner
stunner1
stunning
stunt
stunt101
stuntman
stupid
stupid01
stupid1
stupid11
stupid12
stupid123
stupid2
stupidass
stupidgirl
stupidity
stupido
stupsi
sturgeon
sturgis
stussy
stuttgart
stuttgart1
style
style1
stylemk58a
styler
styles
styles1234
stylish
stylist
stylus
su
su123456
su224466
suarez
suasenha
sub
subagames
subaru
subaru1
subaru123
subaru555
subaruwrx
subash
subhan
subhanallah
subhash
sublime
sublime1
sublime420
subliminal
submarine
submarine1
submission
submit
submit123
submitpad
submitted123
subs
substance
subtitle
suburban
subway
subway1
subwoofer
subzero
subzero1
suc
succeed
succes
success
success1
success12
success123
success2
success4me
success7
successful
succubus
sucess
sucesso
sucette
suchitra
suchka
suck
suckcock
suckdick
sucker
sucker1
sucker123
suckers
sucking
suckit
suckit1
suckit69
suckme
suckme1
suckme69
suckmeoff
suckmyass
suckmyballs
suckmycock
suckmydick
sucks
suckthis
sucram
sud3110
sudarshan
sudden
sudenaz
sudha
sudhakar
sudheer
sudhir
sudoku
sue
sue123
suerte
suesue
suffer
suffering
suffolk
sug
suganya
sugar
sugar1
sugar12
sugar123
sugar2
sugarbabe
sugarbaby
sugarbear
sugarbear1
sugarcane
sugardaddy
sugardog
sugarfoot
sugarfree
sugarland
sugarlips
sugarpie
sugarplum
sugarplum1
sugarray
sugars
sugarsugar
sugimoto
sugipula
sugiyama
suhail
suhana
suhani
suhasini
suibian
suibian88
suicidal
suicide
suicide1
suicune
suikoden
suikoden2
suiram
suisse
suitcase
sujata
sujatha
suka
suka123
sukabumi
sukanya
sukasuka
sukhoi
suki
sukisuki
sukiyaki
sukkel
sukram
suksamai
sukses
sul
sulaiman
suleiman
suleman
suleyman
sullivan
sullivan1
sully
sully1
sulochana
sultan
sultan1
sultan123
sultana
sum
sum41
suma12345
suman
suman123
sumana
sumathi
sumatra
sumaya
sumedang
sumeet
sumerki
sumit
sumit11
sumit123
sumitra
summer
summer00
summer01
summer02
summer03
summer04
summer05
summer06
summer07
summer08
summer09
summer1
summer10
summer101
summer11
summer12
summer123
summer1234
summer13
summer14
summer15
summer16
summer18
summer2
summer20
summer2006
summer2007
summer2008
summer2009
summer2010
summer2011
summer2012
summer2014
summer21
summer22
summer23
summer24
summer25
summer3
summer33
summer4
summer5
summer55
summer66
summer68
summer69
summer7
summer77
summer78
summer88
summer96
summer97
summer98
summer99
summerfun
summerland
summerlove
summerof69
summers
summers1
summertime
summit
summon
summoner
sumner
sumsum
sun
sun123
sun123456
sunako
sunanda
sunbeam
sunbird
sunburn
sunburst
sundae
sundance
sundance1
sundar
sundaram
sundari
sunday
sunday1
sunday12
sunday123
sunder
sunderland
sunderland1
sundevil
sundin
sundin13
sundown
sundrop
sunfire
sunfire1
sunfish
sunflowe
sunflower
sunflower1
sunflower2
sunflowers
sunglasses
sunil
sunil123
sunita
sunitha
sunjian
sunkist
sunkist1
sunlight
sunmoon
sunnie
sunny
sunny1
sunny12
sunny123
sunny1234
sunny2
sunny7
sunnyboy
sunnybunny
sunnyd
sunnydale
sunnyday
sunnyday1
sunnydays
sunnygirl
sunnys
sunnyside
sunray
sunrise
sunrise1
sunset
sunset1
sunset123
sunsh1n3
sunsh1ne
sunshin
sunshin3
sunshine
sunshine01
sunshine07
sunshine08
sunshine09
sunshine1
sunshine10
sunshine11
sunshine12
sunshine123
sunshine13
sunshine14
sunshine16
sunshine17
sunshine19
sunshine2
sunshine21
sunshine22
sunshine23
sunshine24
sunshine25
sunshine3
sunshine33
sunshine4
sunshine5
sunshine6
sunshine69
sunshine7
sunshine77
sunshine8
sunshine88
sunshine9
sunshine99
sunsilk
sunstar
sunsun
suntan
suntzu
sunyanzi
suomi
sup
sup123
sup3rm4n
sup3rman
supafly
supastar
super
super007
super1
super10
super100
super11
super111
super12
super123
super1231
super1234
super12345
super13
super2
super22
super3
super5
super6
super7
super777
super8
super9
superb
superbad
superbad1
superbass
superbee
superbike
superbob
superbowl
superboy
superboy1
supercali
supercar
supercat
supercool
supercow
supercross
supercute
superd
superdad
superdave
superdog
superdude
superduper
superduty
superfly
superfly1
superfreak
supergamer
supergirl
supergirl1
supergoku
superguy
superhero
superhero1
superhuman
superior
superior1
superjunior
superjunior13
superkid
superking
superm
superma
superman
superman0
superman00
superman007
superman01
superman07
superman08
superman09
superman1
superman10
superman101
superman11
superman12
superman123
superman1234
superman13
superman14
superman15
superman16
superman17
superman18
superman19
superman2
superman20
superman21
superman22
superman23
superman24
superman25
superman3
superman33
superman4
superman5
superman55
superman6
superman69
superman7
superman77
superman8
superman88
superman9
superman99
supermanboy
supermann
supermario
supermario1
supermario64
supermax
superme
supermen
supermodel
supermom
supermonkey
supermoto
supernatural
supernova
supernova1
superpippo
superpower
superpuper
superr
supers
supersaiyan
supersam
supersayan
supersecret
supersex
supersexy
supersmash
supersonic
supersonic1
supersport
supersta
superstage
superstar
superstar1
superstar123
superstar2
superstars
supersuccess1
supersuper
superted
supertramp
superuser
supervindnybruger
supervisor
superwoman
suplada
suplado
suppandi
supper
suppersuccess1
supplies
supply
support
support1
support123
supported
supra
supra1
supreme
supreme1
supremo
supriya
supsup
sur
surabaya
surabhi
suraj
suraj123
surbhi
sure
surekha
surendra
sureno
sureno13
surenos13
suresh
suresh123
sureshot
surf
surface
surfboard
surfen
surfer
surfer1
surfergirl
surfin
surfing
surfing1
surfsup
surfsurf
surgeon
surgery
surigao
suriname
surinder
suriya
surprise
surreal
surrender
surrey
surround
surside13
survey
surveyor
survival
survive
survivor
survivor1
surya
surya123
sus
susan
susan1
susan123
susana
susana1
susanita
susann
susanna
susannah
susanne
susanne1
susans
susanti
susanto
sushant
sushi
sushi1
sushi123
sushil
sushila
sushma
sushmita
susi
susi123
susie
susie1
susie123
susieq
susisusi
suslik
susmita
suspect
sussex
susu
susuki
sususu
sutekidane
sutherland
sutter
sutton
suvarna
suz
suzaku
suzana
suzanna
suzanne
suzanne1
suzeorman
suzette
suzie
suzie1
suzieq
suzuki
suzuki1
suzuki12
suzuki123
suzuki600
suzuki750
suzumiya
suzy
sv650s
sve
sven
sven123
svenja
svenne
svensson
svensven
sverige
sverige1
sveta
sveta123
svetik
svetka
svetlana
svetlana1
svetlanka
sveto4ka
svoboda
svwerder
sw0rdf1sh
sw0rdfish
sw123456
sw3434!
sw705547
swa
swag
swag123
swag1234
swagg
swagg123
swagga
swagger
swagger1
swagger123
swaggy
swagswag
swallow
swallows
swami
swamiji
swaminarayan
swampert
swampfire
swampy
swan
swanlake
swanny
swansea
swansea1
swanson
swansong
swanton
swapna
swapnil
swarna
swastik
swastika
swat
swat1234
swatch
swathi
swati
swatswat
swatteam
swe
swearer
sweater
sweaty
sweden
sweden1
sweden123
swedish
sweeet
sweeney
sweeney1
sweep
sweeper
sweeps
sweepy
sweet
sweet1
sweet10
sweet11
sweet12
sweet123
sweet1234
sweet13
sweet14
sweet15
sweet16
sweet17
sweet18
sweet2
sweet21
sweet22
sweet23
sweet2317
sweet3
sweet5
sweet666
sweet69
sweet7
sweetangel
sweetass
sweetbaby
sweetboy
sweetcandy
sweetcheeks
sweetchild
sweetcorn
sweetdream
sweetdreams
sweeter
sweetest
sweetgirl
sweetgirl1
sweethart
sweetheart
sweetheart1
sweethome
sweethoney
sweeti
sweetie
sweetie1
sweetie12
sweetie123
sweetie2
sweetie3
sweetiepie
sweeties
sweetkiss
sweetlady
sweetlips
sweetlove
sweetlove1
sweetlover
sweetman
sweetme
sweetmother
sweetnes
sweetness
sweetness1
sweetone
sweetp
sweetpea
sweetpea1
sweetpee
sweetpie
sweets
sweets1
sweets123
sweetstuff
sweetsweet
sweett
sweettea
sweetthang
sweetthing
sweettooth
sweetu
sweetums
sweetwater
sweety
sweety1
sweety12
sweety123
sweetypie
sweetz
swell
swetha
swetlana
swi
swift
swift1
swifty
swim
swimmer
swimmer1
swimming
swimming1
swindon
swindon1
swing
swinger
swinger1
swingers
swinging
swingline
swisher
swiss
switch
switchfoot
switzerland
swoosh
sword
sword1
sword123
swordartonline
swordfis
swordfish
swordfish1
swordfish2
swordman
swordmaster
swords
swordsman
sxb41r9kxo
sxj328174
sxz123
sy123456
sy6iq1t6r
syafiq
syafiqah
syaoran
sybil
sycamore
syd
sydnee
sydney
sydney00
sydney01
sydney1
sydney10
sydney11
sydney12
sydney123
sydney2000
sydney99
syl
sylvain
sylvan
sylvania
sylver
sylvester
sylvester1
sylvestre
sylvia
sylvia1
sylviane
sylvie
sylwek
sylwia
sylwia1
sym_cskill1
symantec
symbol
symmetry
symone
symphonia
symphony
synapse
synchro
syncmaster
syncmaster1
syndicate
syndicate1
syndrome
synergy
synergy1
syntax
synyster
syracuse
syracuse1
sys
sys64738
sysadmin
syscon09
syspad408
system
system01
system1
system11
system12
system123
system2611
system32
systemofadown
systems
syzygy
sz123456
sz23ads8zb
sz9kqcctwy
szabolcs
szakal
szaman
szatan
szatan666
szc03137
szczecin
szczepan
szczur
szczurek
szerelem
szeretet
szeretlek
szgd4ey287
sziszi
szkola
szkola1
szmata
szymek
szymon
szymon1
szymon12
szymon123
t
t090571
t0p-pr1se
t0ttenham
t12345
t123456
t1234567
t12345678
t123456789
t1gger
t1nkerbell
t1t2t3
t1t2t3t4
t3mp0rary
t48wkpb314
t4_us3r
t4sjiptr
t5r4e3w2q1
t5y6u7i8
t64321t
t67yuty6
t6y7u8i9
t71wuh5gxn
t83f1s8145
t87khbb8od
t8ys28tdkh
t99q3jxavo
t9aw5ha7xn
ta
ta123456
ta5ik1cl
ta783300
tab
tabachoy
tabaco
tabaluga
tabarnak
tabasco
tabasco1
tabassum
tabasum786
tabata
tabatha
tabatha1
tabbie
tabby
tabby1
tabby123
tabbycat
tabita
tabitha
tabitha1
table
tables
tablet
tabletennis
tabletop
taburetka
tac
tachibana
tackle
tacloban
taco
taco123
taco1234
tacobell
tacobell1
tacoma
tacoman
tacos
tacos123
tacotaco
tactical
tactics
tad2921
tadashi
tadeusz
tadpole
tadpole1
tae
tae123
taeka
taekwondo
taekwondo1
taetae
taffy
taffy1
taffy123
tag
tagada
tagalog
taggart
tagheuer
tagtag
tagueule
tahir
tahira
tahiti
tahlia
tahoe
tahoe1
tai
tai123
taichi
taifun
taikucing
tailor
tails
tainted
taipan
taipei
taishan2011
taison
taitai
taiwan
tajemnica
tajmahal
tak
takafumi
takahashi
takahasi
takahiro
takamasa
takamine
takanori
takanuva
takara
takashi
takataka
takayama
takayuki
take1016
takecare
takeda
takedown
takehiro
takeit
takeiteasy
takeme
takenoko
takeoff
takeover
takeshi
taketake
takethat
takeuchi
takishima
takizawa
takotako
takoyaki
taktak
takumi
takutaku
takuya
tal
talaga
talavera
talbot
talent
talented
talgat
talha123
talia
taliban
taliesin
talisker
talisman
talita
talitha
talk2me
talking
talktalk
talktome
taller
talleres
talley
tallgeese
tallinn
tallman
tallulah
tallyho
talon
talon1
talons
talula
tam
tam123
tama
tamachan
tamagotchi
tamahome
tamaki
tamal1
tamale
tamana
tamanegi
tamanna
tamara
tamara1
tamara12
tamara123
tamarindo
tamatama
tamayo
tambay
tambok
tameka
tamera
tamere
tamerlan
tami
tamie
tamika
tamilan
tamilnadu
tamiya
tammie
tammy
tammy1
tammy123
tampa
tampabay
tampan
tampico
tampon
tamsin
tamtam
tamuna
tan
tan123
tan123456
tana
tanaka
tanatos
tandem
tanduay
tanechka
tang
tanga
tangaka
tangent
tanger
tangerang
tangerine
tangerine1
tangina
tangina1
tanginamo
tanginamo1
tanglewood
tango
tango1
tango123
tangos
tangtang
tanguy
tania
tania1
tania123
tanika
tanisha
tanisha1
tanita
tanja
tanja1
tanjiang999
tanjung
tank
tank123
tanker
tanker1
tankgirl
tankionline
tankist
tanktank
tanman
tanmay
tannenbaum
tanner
tanner01
tanner1
tanner10
tanner11
tanner12
tanner123
tanner22
tanning
tanstaafl
tantan
tantra
tanuja
tanuki
tanusha
tanveer
tanya
tanya1
tanya123
tanzania
tanzen
taobao887
taolatao
taoled881h
taotao
tape
tapioca
tapout
tappancs
tapper
taproot
taptap
tar
tara
tara12
tara123
tara1234
tarace
tarado
tarakan
tarantado
tarantino
taranto
tarantul
tarantula
taras
tarasova
taratara
taratata
tarbaby
tardis
tardis1
tarek
tarelka
tarepanda
targa
target
target1
target123
tarheel
tarheel1
tarheels
tarheels1
tarifa
tarik
tariq
tarkan
tarkus
tarotaro
tarpon
tarquin
tarragon
tarragona
tartan
tartar
tartaruga
tartine
taruna
tarutaru
tarzan
tarzan1
tarzan123
tas
tasha
tasha1
tasha123
tasha2
tashkent
taskforce141
tasman
tasmania
tasneem
tasnim
tasogare
tassadar
tassen
tassie
tastatur
tastatura
tastiera
tasuki
tat
tata
tata12
tata123
tata1234
tatang
tatanka
tatarin
tatarstan
tatata
tatata17
tatatata
tatay
tatayoyo
tatenda
tater
tater1
taterbug
taters
tatertot
tatertot1
tati
tatiana
tatiana1
tatiane
tatianna
tatina
tatino
tatjana
tato
tatoo
tatooine
tatsuya
tattoo
tattoo1
tattoos
tatung
tatyana
tatyana1
tau
tauchen
taufik
taugamma
taugammaph
taunus
taureau
tauren
taurus
taurus1
tavares
tavolo
tawanda
taxi
taxidriver
taxman
tay
tay123
tayfun
tayfun123
taylah
taylan
tayler
taylor
taylor00
taylor01
taylor02
taylor03
taylor04
taylor05
taylor06
taylor07
taylor08
taylor09
taylor1
taylor10
taylor11
taylor12
taylor123
taylor13
taylor14
taylor15
taylor16
taylor17
taylor18
taylor2
taylor20
taylor21
taylor22
taylor23
taylor24
taylor3
taylor4
taylor5
taylor7
taylor9
taylor95
taylor96
taylor97
taylor98
taylor99
taylorgang
taylorlautner
taylormade
taylorswif
taylorswift
taylorswift13
tayson
taytay
taytay1
taytay12
taytay123
taz
taz123
tazdevil
tazman
tazmania
tazmania1
tazmanian
taztaz
tazz
tazzer
tazzie
tazzy
tbfj7no671
tbilisi
tbird
tbone
tbone1
tbs13
tbxi7r84nw
tcmvocd794
tdutybq
tdutybz
tdws011286
te
te84kp3voy
te95dd1522
te95dd1tt2
tea
tea4two
teabag
teach
teach1
teacher
teacher1
teacher123
teacher2
teachers
teaching
teacup
teadoro
teadybear
teagan
team
team2004
team2k
teamedward
teamfortress2
teamjacob
teamo
teamo1
teamo123
teamobb
teamobebe
teamomama
teamomucho
teamwork
teaparty
teapot
teardrop
teardrops
tears
teaser
teaspoon
teatea
teatime
teatro
tec
tecate
tech
techdeck
techie
techn9ne
technic
technical
technician
technics
technics1
technics12
technik
techno
techno1
techno12
techno123
techno2009
technology
tecktonik
teclado
tecnico
tecnologia
tecumseh
ted
teddie
teddies
teddy
teddy1
teddy11
teddy12
teddy123
teddy2
teddyb
teddybaer
teddybear
teddybear1
teddybear123
teddybear2
teddybears
teddybeer
teddyboy
teddys
tedesco
tedted
tedybear
tee
teehee
teejay
teen
teenage
teenager
teenagers
teenie
teens
teentitans
teenwolf
teepee
teetee
teeth
teetime
teflon
teg4ka1p5u
teh0123
tehelka
tehran
teiubesc
teiubesc1
teixeira
tejada
tekiero
tekila
tekken
tekken3
tekken4
tekken5
tekken6
teknik
tel
telaviv
tele
telecaster
telechargement
telecom
telecom1
telecomanda
telecono
telefon
telefon1
telefon123
telefonas
telefone
telefonica
telefono
telefoon
telekom
telemark
telemovel
telenet
telenet1
telenor
telephon
telephone
telephone1
teleport
telescope
teletubbies
televisao
television
television1
televisione
televizor
telewizor
telford
telkom
telkomsel
teller
tellme
tellmewhy
telnet
tem
tema
temari
temidayo
temitayo
temitope
temp
temp07
temp123
temp1234
temp2014!
temp4747
temp_pas
temper
tempest
tempest1
tempesta
tempesth1941
tempete
templar
templar1
temple
temple1
templeton
tempo
temporal
temporary
temporary1
temppass
temppass1
temppassword
temptation
temptemp
tempus
ten
tenacious
tenaciousd
tenchi
tenchu
tender
tendresse
tendulkar
tenerife
tenerife1
tennessee
tennessee1
tennis
tennis01
tennis1
tennis10
tennis11
tennis12
tennis123
tennis13
tennis2
tennis22
tennis23
tennis34400
tennis99
tennisball
tennyson
tenorio
tenorsax
tensai
tenshi
tension
tensor
tenten
tenten10
teo
teodio
teodor
teodora
teodoro
teoteo
tequiero
tequiero1
tequieromucho
tequila
tequila1
tequilla
ter
ter345ilo
terate
tercel
terces
tere
terefere
teremok
terenaam
terence
terence1
teresa
teresa01
teresa1
teresa12
teresa123
terese
teresina
teresita
teretere
tereza
terezinha
terezka
terii
tering
teriyaki
termin
terminal
terminal1
terminat
terminate
terminater
terminator
terminator1
terminator2
terminator3
terminus
termit
termite
terorist
terra
terra1
terra123
terrace
terran
terrance
terrance1
terranova
terrapin
terraria
terre
terrell
terrell1
terremoto
terrence
terrence1
terri
terri1
terrible
terrible1
terrie
terrier
terrier1
terriers
terrific
terror
terror1
terrorist
terry
terry1
terry123
terry2
terry26
terrys
terserah
terter
tertuy520
teruteru
tes
tesla
tesnexus
tesoro
tess
tessa
tessa1
tessa123
tessie
tesstess
test
test0018
test01
test1
test11
test12
test123
test1234
test12345
test123456
test13
test2
test22
test321
test99
testament
testarossa
testdrive
teste
teste1
teste123
testen
tester
tester01
tester1
tester12
tester123
testerer
testes
testify
testing
testing1
testing123
testing1234
testit
testme
testpass
testtest
testtest1
testtest123
testtest23
testtesttest
testuser
testxxx
testxxxxxx
tet
tete
tetete
tetley
teton
tetris
tetsuo
teufel
teufelchen
tevez32
tevion
tex
texaco
texans
texas
texas1
texas12
texas123
texas2
texass
texastech
texmex
textile
textiletechnology
tezuka
tfb57ex9on
tficz30125
tfpgrd429t
tfzwruf346
tgbyhn
tgpw53j3kg
tgtgtg
th
th0mas
th123456
th22101988
tha
thaddeus
thai
thaibinh
thailand
thailand1
thais
thais22
thakur
thalassa
thales
thalia
thalie
thames
thanatos
thanchet
thang
thang123
thangkhung
thanh
thanh1
thanh123
thanhbinh
thanhcong
thanhdat
thanhduy
thanhha
thanhhai
thanhhoa
thanhhung
thanhhuyen
thanhlam
thanhlong
thanhluan
thanhmai
thanhminh
thanhnam
thanhnga
thanhnhan
thanhphong
thanhphuong
thanhson
thanhtam
thanhtan
thanhthanh
thanhthao
thanhthuy
thanhtruc
thanhtrung
thanhtu
thanhtuan
thanhtung
thanhtuyen
thanhtuyetvuonggialong
thanhvan
thankful
thankgod
thankgod1
thanks
thanks1
thanks123
thanksgod
thanku
thankyou
thankyou1
thankyou143
thanlong
thanos
thao123
thaonguyen
that
thatcher
thatguy
thatguy1
thatha
thatshot
thatsit
thatsme
thdahaoren12
the
the123
the1andonly
the1ring
the69eyes
thea
theangel
theanh
theanswer
theart
theater
theatre
theatre1
theband1
thebeach
thebear
thebears
thebeast
thebeast1
thebeatles
thebest
thebest1
thebest12
thebest123
thebest99
thebible
thebigboss
thebitch
theblack
theblock
theblues
thebomb
theboss
theboss1
theboy
theboy123
theboys
thebrain
thebull
thecakeisalie
thecat
thechamp
thecheat
thechosen1
theclash
thecross
thecrow
thecrow1
thecure
thecure1
thedancerfam
thedark
thedark1
thedarkness
thedead
thedeath
thedevil
thedoctor
thedog
thedon
thedoors
thedoors1
thedragon
thedream
thedude
thedude1
theduke
theedge
theend
theend1
thefallen
theflash
theforce
thefox
thefuture
thegame
thegame1
thegame123
thegamer
thegathering
thegazette
theghost
thegirl
thegirls
thegod
thegodfather
thegr81
thegreat
thegreat1
thegreat12
thegreat123
thegreatone
thegunners
thehatch
thehero
thehulk
thehunter
thejoker
thekey
thekid
thekids
thekiller
thekillers
theking
theking1
theking123
thekop
thelegend
thelema
thelight
thelma
thelma1
thelord
thelord1
thelove
theman
theman1
theman11
theman12
theman123
theman22
themask
themaster
themaster1
thematrix
thematrix1
themexp
themis
themoon
thenewme
thenumber1
theo
theo123
theodor
theodora
theodore
theodore1
theone
theone01
theone1
theone11
theone12
theone123
theoneandonly
theonly1
theonlyone
theory
theotheo
thepassword
thepower
theprince
thequeen
thequick
therapist
therapy
therapy1
therasmus
theraven
there
thereason
thereds
thereisnospoon
theresa
theresa1
therese
therese1
theresia
thering
therion
theriver
thermal
thermaltake
thermo
therock
therock1
therock11
therock123
therock2
theron
thesaint
thesame
thesecret
theshadow
theshit
theshit1
thesimpsons
thesims
thesims1
thesims2
thesims3
thespian
thestar
thestrokes
thesummer123
thesun
thethe
thethethe
thething
thetruth
thetruth1
thetwins
theundertaker
theused
theused1
thevirgin
thewall
thewanted
theway
thewho
thewinner
thewolf
theword
theworld
theworld1
thexfiles
thi
thiago
thiago10
thiago123
thibaud
thibault
thibaut
thien
thien123
thienduong
thienduong91
thienha
thienlong
thiensu
thientai
thienthan
thienthanh
thierry
thierry1
thierry14
thing
thing1
things
thingy
thinh123
think
think1
think123
thinkbig
thinker
thinking
thinking1
thinkpad
thinkpink
third
thirdday
thirdeye
thirdy
thirsty
thirteen
thirteen13
thirty
this
thisis
thisisapassword
thisisgay
thisisit
thisisme
thisisme1
thisismine
thisismypass
thisismypassword
thisisnotreal
thisissparta
thisisvalid
thislove
thisone
thissucks
thissucks1
thistle
thistle1
thmpv77d6f
tho
thom
thomas
thomas00
thomas007
thomas01
thomas02
thomas03
thomas04
thomas05
thomas06
thomas07
thomas08
thomas09
thomas1
thomas10
thomas11
thomas12
thomas123
thomas1234
thomas13
thomas14
thomas15
thomas16
thomas17
thomas18
thomas19
thomas2
thomas20
thomas2000
thomas2001
thomas21
thomas22
thomas23
thomas24
thomas25
thomas26
thomas27
thomas28
thomas3
thomas30
thomas33
thomas4
thomas44
thomas5
thomas55
thomas6
thomas66
thomas69
thomas7
thomas77
thomas85
thomas86
thomas87
thomas88
thomas89
thomas9
thomas90
thomas91
thomas92
thomas93
thomas94
thomas95
thomas96
thomas97
thomas98
thomas99
thommy
thompson
thompson1
thomson
thomson1
thong
thongs
thor
thorgal
thorin
thorne
thornhill
thorns
thornton
thorpe
thorsten
thorthor
thought
thought01
thoughts
thousand
thr
thrall
thrash
thrasher
thrasher1
thrawn
three
three3
three333
threeboys
threedaysgrace
threegirls
threekids
threesome
threyor9v
thrice
thrill
thriller
throwaway
thththniml12
thu
thuan123
thug
thug4life
thuggin
thuglife
thuglife1
thuglove
thugstools
thuhang
thuhien
thuhuong
thuhuyen
thumbs
thumper
thumper1
thumper123
thumper2
thunder
thunder0
thunder01
thunder1
thunder10
thunder11
thunder12
thunder123
thunder13
thunder2
thunder21
thunder22
thunder3
thunder4
thunder5
thunder6
thunder69
thunder7
thunder8
thunder9
thunder99
thunderbird
thunderbird1
thunderbirds
thunderbolt
thundercat
thundercats
thunderdome
thunders
thunderstorm
thunderstruck
thuong
thuongthoi
thuphuong
thurman
thursday
thursday1
thurston
thuthao
thuthu
thuthuy
thutrang
thuy
thuyan
thuyanh
thuydung
thuyduong
thuyha762
thuyhang
thuylinh
thuytien
thuytrang
thx1138
thxw5g69gn
ti
tia
tia123
tiago
tiago123
tiamaria
tiamat
tiamo
tiana
tiancai
tianlan520
tianna
tianshi
tiantian
tiara
tiatia
tiberian
tiberium
tiberius
tibet
tibet1979326
tibia
tibia1
tibia123
tibike
tiburcio
tiburon
tiburon1
tic
ticker
ticket
tickets
tickle
tickleme
tickles
ticktock
tico
ticoeur
ticotico
tictac
tictactoe
tiddles
tiddles1
tidus
tieger
tiempo
tien123
tiendung
tienganh
tienhai1234
tierney
tierra
tiesto
tietokone
tif
tiff
tiffani
tiffanie
tiffany
tiffany1
tiffany12
tiffany123
tiffany2
tiffany7
tiffanys
tiffy
tig
tiger
tiger001
tiger007
tiger01
tiger1
tiger10
tiger100
tiger101
tiger11
tiger111
tiger12
tiger123
tiger1234
tiger13
tiger14
tiger1986
tiger1998
tiger2
tiger2000
tiger21
tiger22
tiger23
tiger3
tiger321
tiger333
tiger4
tiger44
tiger45
tiger5
tiger55
tiger555
tiger6
tiger666
tiger69
tiger7
tiger77
tiger777
tiger8
tiger88
tiger9
tiger98
tiger99
tiger999
tigerboy
tigercat
tigerclaw
tigerente
tigereye
tigergirl
tigerlilly
tigerlily
tigerlily1
tigerman
tigers
tigers01
tigers05
tigers06
tigers07
tigers08
tigers09
tigers1
tigers10
tigers11
tigers12
tigers123
tigers13
tigers15
tigers2
tigers21
tigers22
tigers23
tigershark
tigertank
tigertiger
tigerwoods
tigerwoods1
tigger
tigger00
tigger01
tigger02
tigger04
tigger05
tigger06
tigger07
tigger08
tigger09
tigger1
tigger10
tigger101
tigger11
tigger12
tigger123
tigger1234
tigger13
tigger14
tigger15
tigger16
tigger17
tigger18
tigger19
tigger2
tigger21
tigger22
tigger23
tigger24
tigger25
tigger27
tigger3
tigger33
tigger4
tigger44
tigger45
tigger5
tigger55
tigger66
tigger68
tigger69
tigger7
tigger77
tigger88
tigger99
tiggers
tiggy
tiggy1
tight
tights
tigra
tigran
tigre
tigrenok
tigres
tigress
tigresse
tigrette
tigris
tigrotto
tigrou
tijana
tijger
tijger3417
tijgertje
tijuana
tikboy
tiki
tikitiki
tiktak
tiktik
tiktok
til
tileil
tiller
tilley
tillie
tillman
tilly
tilly1
tilly123
tiloup
tim
tim123
tim12345
tima
timao123
timati
timbaland
timber
timber1
timberlake
timberland
timberwolf
timbuktu
time
time123
time1234
time2die
time2fly
time2go
time2play
time415263
time4fun
timebomb
timeless
timeline
timelord
timeout
timeout1
timepass
times
timetime
timetodie
timewarp
timex
timezone
timi
timike
timisoara
timmer
timmie
timmy
timmy1
timmy12
timmy123
timmy2
timo
timofei
timofey
timoha
timon
timone
timosha
timoteo
timothee
timothy
timothy1
timothy12
timothy123
timothy2
timoxa
timoxa94
timtam
timtim
timtim123
timtimtim
timtom
timur
tin
tin123
tina
tina11
tina12
tina123
tina1234
tina3392
tina_999
tinamarie
tinapay
tinatina
tincan
tinchen
tindra
tingting
tingtong
tinhanh
tinhban
tinhdau12
tinhlagi
tinhyeu
tink
tink12
tink123
tinka
tinka1
tinkabell
tinker
tinker01
tinker1
tinker11
tinker12
tinker123
tinker2
tinkerbel
tinkerbel1
tinkerbell
tinkerbell1
tinkerbell12
tinkerbell123
tinkerbell2
tinkerbelle
tinkle
tinktink
tinku
tinkywinky
tinman
tino
tinsel
tintin
tintin1
tintin123
tinuviel
tiny
tiny123
tinydancer
tinytim
tinytiny
tip
tiphaine
tipper
tipperary
tippie
tippmann
tippmann98
tippy
tippy1
tippy123
tiptip
tiptoe
tipton
tiptop
tiramisu
tirana
tirupati
tiscali
tischtennis
tisdale
tisha
tisoy
tissemand
tissot
tissot1853
tissue
tit
tita
titan
titan1
titan123
titania
titanic
titanic1
titanic12
titanic123
titanic1912
titanic2
titanik
titanium
titanium1
titans
titans1
titans10
titans12
titeuf
titi
titi123
titicaca
tities
titikaka
titilayo
titina
titine
titing
tititi
titititi
titkos
titleist
titleist1
tito
tito123
titotito
titou
titouan
titoune
titounet
tits
titten
titti
titties
titties1
titty
tittys
titus
titus1
titus123
tivogliobene
tivoli
tiwari
tiziana
tiziano
tiziouzou
tj2gdvy938
tj9685
tjdrhd
tkbpfdtnf
tkfkd
tkfkd1
tkfkd12
tkfkd2
tkfkd486
tkfkdgo
tkfkdgo0
tkfkdgo1
tkfkdgo12
tkfkdgo2
tkfkdgo5
tkfkdgo7
tkfkdgody
tlbyjhju
tlh123
tlsghk
tm7tv3wt
tmm
tmnet123
tmobile
tmobile1
tmoney
tnlgjok545
tnt
tnt123
tnttnt
to
toa
toad
toandao
toast
toast123
toaster
toaster1
toasty
tob
tobacco
tobago
tobeornottobe
tobi
tobi123
tobias
tobias1
tobias11
tobias12
tobias123
toblerone
toby
toby01
toby11
toby12
toby123
toby1234
tobycat
tobydog
tobydog1
tobytoby
tochukwu
tocool
toctoc
tod
today
today1
today123
todd
toddler
todocvcd
todotorrents
toejam
toenail
toenails
toffee
toffee1
toffee123
togepi
together
together1
toggle
tohoshinki
toi
toiditimtoi
toietmoi
toilaai
toilatoi
toilet
toilet1
toilette
toinkz
toinou
toitoi
toiyeuban
toiyeuem
tokidoki
tokio
tokiohotel
tokiohotel1
toktok
tokugawa
tokunbo
tokyo
tokyo1
tokyodrift
tol
toledo
toledo1
tolentino
tolentino1
tolerance
tolga
tolga123
tolik
tolits
tolkien
tolkien1
tolosa
tolstoy
toluca
tolulope
tom
tom123
tom1234
tom12345
tom123456
toma
tomahawk
tomandjerr
tomandjerry
tomas
tomas1
tomas123
tomasa
tomasek
tomasito
tomasko
tomass
tomasz
tomasz1
tomaszek
tomate
tomate123
tomato
tomato1
tomatoes
tomatoma
tomboy
tombrady
tombrady12
tombraider
tombstone
tomcat
tomcat1
tomcat14
tomcio
tomcruise
tomdelonge
tomek
tomek1
tomek12
tomek123
tomfelton
tomgreen
tomhanks
tomi
tomik
tomika
tomino
tomislav
tomita
tomitomi
tomjerry
tomjones
tomkat
tomkaulitz
tomlinson
tommaso
tommi
tommie
tommy
tommy01
tommy1
tommy10
tommy11
tommy12
tommy123
tommy1234
tommy2
tommy3
tommyb
tommyboy
tommyboy1
tommycat
tommyg
tommygirl
tommygun
tommylee
tommys
tommyt
tommytommy
tomodachi
tomodati
tomohiro
tomohisa
tomokazu
tomoko
tomonori
tomorrow
tomorrow1
tomotomo
tomoyo
tomoyuki
tompetty
tomservo
tomson
tomten
tomtom
tomtom1
tomtom11
tomtom12
tomtom123
tomtomtom
tomwaits
tomwelling
tomy
ton
tone
tonette
tong
tongkur58
tongtong
tongue
toni
toni123
tonight
tonino
tonio
tonito
tonitoni
tonka
tonka1
tonkpils
tonto
tonton
tonton1
tony
tony01
tony1
tony11
tony12
tony123
tony1234
tony13
tony14
tony20
tony22
tony8669
tonya
tonya1
tonyboy
tonyhawk
tonyhawk1
tonymontana
tonytony
too
toobad
toocool
toocool1
toocute
toodles
toogood
toohot
tookie
tool
tool123
toolband
toolbox
toolman
tools
toolshed
tooltime
tooltool
toomuch
toon
toonami
toonarmy
toonarmy1
toonces
tooninbz
toontoon
toontown
toontown1
toontown99
toor
toosexy
tooshort
toosweet
toot
tooter
tooth
toothbrush
toothfairy
toothless
toothpaste
toothpick
tootie
tootie1
tootles
tootoo
toots
tootsie
tootsie1
tootsie2
toottoot
top
top100
top123
top123456
topanga
topaz
topaz.null
topaz1
topaze
topbutton
topcat
topcat1
topdevice
topdog
topgear
topgear1
topgun
topgun1
tophat
topher
topina
topino
topless
topman
topmodel
topnotch
topo
topogigio
topography
topolina
topolino
topone
topp
topper
topper1
toprak
topsecret
topsecret1
topshop
topshop1
topspin
topten
toptop
tor
toradora
torana
toratora
torben
torchwood
torchwood1
torcida
toreador
torero
tori
tori123
toriamos
toribio
torino
torito
toritori
torment
tormenta
tormentor
torn15
tornade
tornado
tornado1
tornado123
tornados
toro
toronto
toronto1
torotoro
torpedo
torpedo1
torquay
torque
torrance
torrent
torrente
torrents
torres
torres09
torres1
torres10
torres12
torres123
torres9
torrey
torrie
torsten
torterra
tortilla
tortoise
tortor
tortue
tortuga
tortuga1
tortugas
torture
torwart
tos
tosca
toscana
toscane
toshiaki
toshiba
toshiba1
toshiba123
toshiro
tosser
tot
total
total90
totally
totalwar
totenkopf
totito
toto
toto12
toto123
toto1234
totoche
totodile
totong
totoro
totot123
tototo
totototo
totoy
totoybato
tottenham
tottenham1
totti
totti10
tottigol
tou
touareg
toucan
touch
touchdown
touche
touchme
toufik
toughguy
toujours
toulon
toulouse
toulouse31
toupie
tourism
tourist
tournament
tournesol
toussaint
toutou
toutoune
towanda
tower
tower1
towers
town
townsend
towtruck
toxic
toxic1
toxicity
toy
toybox
toyboy
toymachine
toyota
toyota01
toyota1
toyota11
toyota12
toyota123
toyota99
toyotamr2
toyotarav4
toyotasupra
toyplanet
toys
toystory
toystory2
toytoy
tozlu
tozlugiyim
tpklmq9668
tpxerxjmp
tqvxzm11q
tr
tr1n1ty
tra
trabajo
trabalho
trabant
trabzon
trabzon61
trabzonspor
trace
tracer
tracer1
tracey
tracey1
traci
tracie
track
track1
track4
tracker
tracker1
tracking
trackmania
tracks
trackstar
trackstar1
tracteur
tractor
tractor1
tractors
tracy
tracy1
tracy123
trade
trademark
trader
trader1
trading
trafalgar
traffic
traffic1
traffme
trafford
tragedy
tragic
trail
trailblazer
trailer
trails
train
train1
train123
trainer
trainer1
training
training1
trains
traitor
trakinas
traktor
traktor1
tralala
tralala1
tramp
trampoline
tran
trance
trance1
trandafir
trang
trangyeu
tranmere
tranny
tranquil
trans
transalp
transam
transam1
transcend
transfer
transform
transforme
transformer
transformers
transformice
transistor
transit
transit1
translator
transport
transporter
transportonline
traore
trapped
trapper
trapper1
trapstar
trash
trashcan
trasher
trashman
tratata
trauma
traumfrau
travail
travel
travel1
travel123
traveler
traveller
travelling
travelmate
travelpack1
travian
traviesa
travieso
travis
travis01
travis1
travis10
travis11
travis12
travis123
travis13
travolta
travon
traxdata
traxxas
trazenkvarel
tre
tre123
treacle
treacle1
treasure
treasure1
treasures
treats
trebla
treble
treble99
treblig
trebor
trebor1
trecool
tree
tree123
tree1234
treefrog
treehouse
treehouse1
treehugger
treeman
trees
trees1
treetop
treetops
treetree
treize
trek
trekker
trekkie
tremaine
tremere
tremor
trend
trendy
trent
trent1
trent123
trenton
trenton1
tresd5
tresor
tretre
trever
trevon
trevor
trevor01
trevor1
trevor11
trevor12
trevor123
trevor99
trewq
trewq123
trey
treysongz
treytrey
trezeguet
trfnthbyf
tri
tri123
triada
trial
trials
triana
triangle
triangle1
triathlon
triatlon
tribal
tribal1
tribalwars
tribble
tribe
tribes
tribunal
tribute
tricia
tricia1
trick
tricks
trickster
tricky
tricky1
tricolor
trident
trident1
trieste
triforce
triforce1
trigger
trigger1
trigger123
trigger2
trigun
trigun1
trilli
trillian
trillium
trilly
trilogy
trimanh1
trimanic
trina
trina1
trindade
trini
trinidad
trinidad1
triniti
trinitron
trinitron1
trinity
trinity01
trinity1
trinity11
trinity12
trinity123
trinity2
trinity3
trinity7
trinket
trip
tripathi
triple
triple6
triplea
tripleh
tripleh1
triplehhh
triplej
triplet
triplets
triplets3
triplex
tripod
tripoli
tripper
tripper1
trippin
trippy
trish
trish1
trisha
trisha1
triskelion
triskelion1
trista
tristan
tristan1
tristan12
tristan123
tristan2
tristar
triste
tristen
tristen1
tristian
tristin
triston
triton
tritri
triumph
triumph1
trivial
trivium
trivium1
trixi
trixia
trixie
trixie1
trixie12
trixie123
tro
trogdor
trogdor1
trojan
trojan1
trojans
trojans1
troll
troll1
troll123
troller
trollface
trolling
trolls
trollz
trolol
trololo
trololol
tromba
trombone
trombone1
trompeta
trompete
trompette
tron
tronic
tronwell
trooper
trooper1
trooper123
trooper2
troopers
tropa
trophy
tropic
tropical
tropical1
tropicana
tropico
trotsky
trottel
trotter
trouble
trouble1
trouble2
troublemaker
troubles
trouduc
trouducul
trousers
trout
trout1
trouts
troy
troy123
troy1234
troyboy
troytroy
trstno1
trtrtr
tru
truand
truck
truck1
truck123
truckdriver
trucker
trucker1
truckers
truckin
trucking
trucks
trucks1
trudt66
trudy
true
trueblood
trueblue
truecrime
truefriend
truelies
truelove
truelove1
trueno
trueno86
truffe
truffle
truffle1
truffles
truite
trujillo
truman
trumpet
trumpet1
trumpets
trung
trung123
trungdung
trunghai1179
trunghieu
trungkien
trungthanh
trunk
trunks
trunks1
truong
truong123
trupti
truskawka
truskawka1
trust
trust1
trust123
trustgod
trusting
trustingod
trustme
trustme1
trustn01
trustno
trustno1
trustno11
trustno123
trustno2
trustnoone
trusty
truth
truth1
try
tryagain
tryagain1
trying
tryitnow
tryme
trystan
trythis
trythis1
trytry
tsgxebtu
tshirt
tsubasa
tsubasa1
tsukasa
tsunade
tsunami
tsunami1
tsuyoshi
tsv1860
tt
tt123456
tt1234567
ttat4pu71&n
ttc77663
ttt
ttt123
tttt
ttttt
tttttt
tttttt1
ttttttt
tttttttt
ttttttttt
tttttttttt
tty
tu
tu190022
tuan
tuan123
tuananh
tuandaica11
tuanhung
tuankiet
tuanlinh
tuantuan
tuazon
tubas
tubby
tubby1
tuborg
tucano
tucker
tucker01
tucker1
tucker10
tucker11
tucker12
tucker123
tucker2
tucker22
tucker99
tucson
tudou
tuesday
tuesday1
tuffy
tuffy1
tugboat
tugger
tuhanyesus
tujheirf
tujhrf
tukmol
tuktuk
tulane
tulip
tulip1
tulipa
tulipan
tulipano
tulipe
tulips
tumadre
tumadre1
tumama
tumbin
tumble
tumbleweed
tumblr123
tummy
tumtum
tun
tuna
tunafish
tunafish1
tunahan
tunatuna
tuncay
tunde
tundra
tunes
tunesien
tung
tung123
tung1234
tungsten
tungtung
tuning
tunisia
tunisie
tunnel
tunning
tuntun
tuong
tuonglai
tuongvi
tupac
tupac1
tupac123
tupac2
tupacs
tupacshakur
tupapi
tupelo
tuppence
tupper
tupperware
tuputamadre
tur
turambar
turandot
turbine
turbo
turbo1
turbo123
turbo2
turbo911
turbos
turd
turion64
turismo
turk
turk182
turkey
turkey1
turkey12
turkey123
turkish
turkiye
turkiyem
turnbull
turner
turner1
turnip
turntable
turquie
turquoise
turtle
turtle01
turtle1
turtle11
turtle12
turtle123
turtle13
turtle2
turtle21
turtle22
turtle69
turtles
turtles1
turtoise
tururu
tuscan
tuscany
tushar
tutifruti
tutorial
tuttifrutti
tuttle
tuttut
tutu
tututu
tutututu
tuvieja
tuxedo
tv4ig24743
tvm0eu5eux
tw
tw1l1ght
twat
twe
tweedy
tweeling
tweenies
tweet
tweeter
tweetie
tweety
tweety01
tweety1
tweety11
tweety12
tweety123
tweety13
tweety2
tweety21
tweety22
tweety23
tweetybird
tweetypie
twelve
twelve12
twenty
twenty1
twenty2
twenty20
twenty3
twentyfive
twentyfour
twentynine
twentyone
twentysix
twentytwo
twi
twierdza
twiggy
twiggy1
twiglet
twilight
twilight09
twilight1
twilight101
twilight11
twilight12
twilight123
twilight13
twilight2
twilight4
twilight7
twilightsaga
twin
twinboys
twincam
twingirls
twingo
twinkie
twinkie1
twinkies
twinkle
twinkle1
twinkles
twinkletoes
twinky
twinpeaks
twins
twins1
twins123
twins2
twinss
twinturbo
twist
twista
twisted
twisted1
twister
twister1
twisters
twisty
twitch
twitter
twiztid
twiztid1
twizzler
twk0mu1ewx
two
twoboys
twocats
twodogs
twogirls
twojastara
twokids
twostep
twotwo
txurlfso1
ty
ty123456
ty2t1hv3oc
tyanna
tycoon
tyghbn
tygrys
tygrys1
tygrysek
tygrysek1
tyl
tyler
tyler01
tyler06
tyler07
tyler08
tyler1
tyler10
tyler101
tyler11
tyler12
tyler123
tyler1234
tyler13
tyler2
tyler2000
tyler2005
tyler22
tyler3
tyler4
tyler5
tyler6
tyler7
tyler8
tyler99
tylerb
tylerd
tylerdurden
tylerj
tylerjames
tylerm
tylers
tyngsboro1234
type
typecast
typetogether
typewriter
typhon
typhoon
typhoon1
typical
typing
tyr28siz5
tyrabanks
tyrael
tyrant
tyrell
tyrese
tyron
tyrone
tyrone1
tyskie
tyson
tyson1
tyson123
tysons
tyty
tytyty
tytytyty
tyuiop
tyutyu
tzeentch
u
u0hgtkt617
u0hgtkt6f17
u1v7hhh7ef
u2345
u23456
u23456789
u2u2u2
u4vid66kqz
u5j68dq0kve
u6dlpo9k8p
u6e6r9hwix
u6kz2lppto
u77789
u79999i
uandme
ub6ib9
uber1337
ubisoft
ubnfhf
ubuntu
ubvyfpbz
ucantcme
ucantseeme
ucguf683oc
uchenna
uchiha
uchiha12
uchiha123
uchihasasuke
uchipass
ud9nh4lh3w
udacha
udce
udechile
udinese
udx12vju3z
ue8xqv84cl
uetian12
uf
ufc
ufhhbgjnnth
ufhvjybz
ufkbyf
ufkfrnbrf
ug97kn6lfb
uganda
ugkcub179j
ugly
ugochukwu
uh766ujoad
uhbujhbq
uhf9qdh
uhfybn8888
uhx8lwp389
uiop
uiopuiop
uiouio
uiuiui
ujerfui8fjkd3
ujhjl312
ujhjlnfywtd
ujiujiuji
ujnbrf
uk7860loans
ukflbfnjh
ukflbfnjh12
ukflbfnjh12345
ukflbjkec
ukldi157
ukpr4qtb
ukraina
ukraine
ukraine1
ukulele
ukxda9p35a
ulises
ulisse
uloveme
ulquiorra
ulrich
ulrike
ulster
ult
ultima
ultima1
ultimate
ultimate1
ultimatum
ultimo
ultra
ultra1
ultra123
ultraman
ultras
ultraslan
ultrasound
ultraviolet
ulysse
ulysse31
ulysses
umart
umberto
umbrella
umbrella1
umbreon
umesh
ummagumma
umpalumpa
umpire
umut123
umutcan
un4given
unbekannt
unbreakable
uncharted
uncharted3
uncle
unclesam
uncr8eiv
und
undead
undead1
undefined
under
under0ath
under1
under123
under18
undercover
underdog
underdog1
undergroun
underground
underground1
underground2
underhill
underoath
underoath1
underpants
underscore
understand
undertaker
undertaker1
undertaker12
undertaker123
undertow
underwater
underwear
underwood
underworld
underworld1
undine
unfaithful
unforgiven
unggoy
unhappy
unholy
uni
unicef
unicorn
unicorn1
unicorn123
unicorn2
unicorn7
unicornio
unicorns
uniden
uniform
unilever
unimog
uninter2016
union
unique
unique1
united
united01
united07
united1
united10
united11
united12
united123
united7
united99
unitedkingdom
unitedstates
unity
univer
univers
univers2l
universal
universal1
universe
universe1
universidad
universitario
university
university1
universo
universum
unix
unknown
unknown1
unknown123
unkounko
unleashed
unlimited
unlimited1
unlock
unlocked
unloved
unlucky
unlucky13
unnamed
unodostres
unouno
unplugged
unreal
unreal1
unreal12
unreal123
unreal2004
unsecure
unseen
until
untitled
untouchable
unuttum
unwanted
uoyevoli
update
upgrade
uphill12
upload
uprising
upsidedown
upsilon
uptown
upv4r5cl5x
upyours
uqa9ebw445
uranium
uranus
urban
urban1
urbano
urchin
urgent
uriel
url4ile347
urlacher
urlacher54
urlaub
urmila
urmine
urmom
urmom1
urmom123
ursula
ursulet
uruguay
us7860loans
usa
usa123
usa12345
usagi
usajobs
usarmy
usasf1234
usausa
uschi
useless
user
user123
user1234
user345
user888
username
username1
username12
useruser
usg242
usha
usharani
usher
usher1
usher123
usman
usman123
usmarine
usmarines
usmc
usmc0311
usmc1775
usnavy
usuario
usuck
ut2004
ut3wgr58we
utahjazz
uthvfybz
util
utility
utjhubq
utjvtnhbz
utopia
utopie
utrecht
utvols
utyyflbq
uucp
uuuu
uuuuu
uuuuuu
uuuuuuuu
uv1n5tz869
uverworld
uvgx8f8232
uwaeu5j26e
uxpyuvl581
uyad471thi
uyqlvip773
uytrewq
uyw224yfqc
uzbekistan
uzbjnei451
uzumaki
uzumaki1
uzumaki123
uzumakinaruto
uzumymw
uzumymw1
uzumymw123
v
v00d00
v12345
v123456
v123456*
v1234567
v12345678
v123456789
v12j3s
v1ct0r1a
v1ct0ry
v1ctoria
v1l2a3d4
v1o2v3a4
v1v2v3v4
v2ceomj397
v3xafy4k3y
v435pelqea
v51nd3kvqo
v616qtqx1o
v61utbg5fx
v8ggxyc132
vacaciones
vacaloca
vacance
vacances
vacation
vacation1
vaches
vachette
vachier
vacuum
vad
vader
vader1
vader123
vader666
vadim
vadim1
vadim123
vadim1996
vadim1998
vadim2000
vadimka
vaffanculo
vagabond
vagabundo
vagina
vagina1
vagina123
vagina69
vagner
vagrant
vaibhav
vaillant
vailon
vaisefuder
vaishali
vaishnavi
vaishu
vaitomanocu
vakama
vakantie
val
val123
val353nxhc
valami
valdemar
valdes
valdez
valdivia
vale
vale123
vale46
valence
valencia
valencia1
valent
valente
valenti
valentin
valentin1
valentina
valentina1
valentina123
valentine
valentine1
valentine2
valentines
valentino
valentino1
valentino46
valenzuela
valera
valera123
valeri
valeria
valeria1
valeria123
valerian
valerie
valerie1
valerie123
valerija
valerio
valeriya
valerka
valero
valery
valeska
valhala
valhalla
valhalla1
valiant
valide
valiente
valinor
valium
valkiria
valkyrie
valladolid
vallarta
vallejo
valley
valley1
valleyforge
valmont
valoche
valparaiso
valter
valtra
valval
valverde
vam
vamp
vampir
vampira
vampire
vampire1
vampire11
vampire12
vampire123
vampire13
vampire2
vampire3
vampire6
vampire666
vampire7
vampirediaries
vampireknight
vampires
vampires1
vampiro
vampiros
vampyr
vampyre
van
van123
vanaja
vananh
vanbasten
vancouver
vancouver1
vanda
vandal
vandam
vandamme
vandana
vander
vandersar
vandread
vanesa
vaness
vanessa
vanessa01
vanessa1
vanessa10
vanessa11
vanessa12
vanessa123
vanessa13
vanessa2
vanessa3
vanessa7
vangelis
vangie
vangogh
vanguard
vanhalen
vanhalen1
vanhelsing
vania
vanigo
vanila
vanilla
vanilla1
vanilla5
vanille
vanille1
vanina
vanish
vanita
vanitha
vanity
vanman
vannesa
vanness
vannessa
vanoss
vanpersie
vanquish
vanshika
vantage
vanthanh
vanvan
vanya123
vaporeon
vaquero
var
varadero
varanasi
varela
varenne
varese
vargas
varghese
variant
varsha
varshini
varsity
varsity1
varun
varun123
varvara
vas
vasant
vasanth
vasantha
vasanthi
vasara
vascao
vasco
vasco123
vascodagama
vascorossi
vaseline
vasile
vasilek
vasileva
vasili
vasilica
vasilis
vasilisa
vasiliy
vasquez
vasser
vasya
vasya123
vatican
vatoloco
vatoslocos
vaughan
vaughn
vault101
vauxhall
vauxhall1
vava
vavava
vavilon
vaz2106
vaz2107
vaz21074
vaz21093
vaz21099
vazquez
vb
vball
vbhevbh
vbhjckfdf
vbhjyjdf
vbienrf
vbifyz
vbkbwbz
vbkfirf
vbkfyf
vbkkbjy
vbktyf
vbnm
vbnvbn
vbranqf115
vbulletin
vbvbvb
vbvbvbvb
vbw3u1ca9r
vc123456
vct1nx9313
vd9q8t7xfo
vdnqhh887g
vecmrf
vector
vectra
vectra1
vedant
vedder
veemon
veena
vef6g55frz
veg
vega
vegas
vegas1
vegas123
vegasbaby
vegemite
vegeta
vegeta01
vegeta1
vegeta11
vegeta12
vegeta123
vegeta13
vegeta22
vegeta777
vegetable
vegetables
vegeto
vegetta
vegetta777
vegetto
veggie
vegita
vegito
vehpbkrf
vehpbr
vehvfycr
veilside
vel
velasco
velasquez
velazquez
velcro
veloce
velociraptor
velocity
veloso
veltins
veluxptfcorp
velvet
velvet1
ven
vencedor
vendetta
vendetta1
vendredi
vendredi13
venecia
veneno
venera
venere
venezia
venezuela
venezuela1
vengeance
vengeance1
vengence
venice
venice1
venise
venividivici
venkat
venkata
venkatesh
venner
venom
venom1
venom123
venom666
venomous
ventana
ventilador
ventura
ventura1
venture
venture1
ventures
ventus
venugopal
venus
venus1
venus123
venuss
vepsrf
ver
ver4594gss45
vera
vera123
veracruz
verano
veravera
verbal
verbatim
verbatim1
verboten
vercetti
verdammt
verdao
verde
verdes
verdun
verena
vergara
vergel
vergessen
vergeten
vergil
vergine
verify
veritas
veritas1
verite
veritech
verito
verity
verizon
verizon1
verlaine
vermelho
vermilion
vermillion
vermin
vermont
vermont1
vernon
vero
veron
verona
verone
veronica
veronica1
veronica12
veronica2
veronika
veronika1
veronique
versace
versace1
versailles
versatile
verseau
version
version1
versus
vertex
vertical
vertigo
vertigo1
verto00q
verunka
very0a159b
verycool
verygood
verynice
verysexy
veslo
vesna
vespa
vesper
vestax
vester
vet
veteran
veterinaria
vette
vette1
veverita
veverka
veyron
vfcnth
vfczyz
vfh
vfhbfyyf
vfhbirf
vfhbjk1801
vfhbyf
vfhbyf123
vfhbyjxrf
vfhbyrf
vfhcbr
vfhctkm
vfhecmrf
vfhecz
vfhnbif5
vfhnby
vfhnsirf
vfhrbp
vfhrbpf
vfhufhbnf
vfhujif
vfhvtkfl
vfibyf
vfiekz
vfifvfif
vfitymrf
vfkbyf
vfkbyrf
vfkmdbyf
vfksirf
vflfufcrfh
vfnbkmlf
vfndtq
vfnhbwf
vfntvfnbrf
vfpfafrf
vfqyrhfan
vfr
vfr45tgb
vfr750
vfr800
vfrcbr
vfrcbv
vfrcbv12
vfrcbv123
vfrcbvec
vfrcbvev
vfrcbvjdf
vfrcbvrf
vfrcbvvfrcbv
vfrcpkfnf
vfrcvfrc
vfrfcekmrf
vfrfhjdf
vfrfhjys
vfrfrf
vfufpby
vfv
vfvekbxrf
vfvektxrf
vfvekz
vfvf
vfvf123
vfvf1234
vfvf12345
vfvfbgfgf
vfvfgfgf
vfvfgfgfz
vfvfvf
vfvfvfvf
vfvfvskfhfve
vfvihss591
vfvjxrf
vfvjxrf1
vfylfhby
vfylfhbyrf
vgdzyai992
vh5150
vhkbrk2616
vi009900
via
viaggiare
viagra
vialli
vianney
vibe
vibrator
vic
vic123
vicecity
vicecity1
vicente
vicente1
vicenza
viceroy
vicious
vicious1
vickers
vickey
vicki
vicki1
vickie
vicky
vicky1
vicky123
victim
victoire
victor
victor00
victor01
victor1
victor10
victor11
victor12
victor123
victor1234
victor13
victor2
victor21
victor22
victor99
victorhugo
victoria
victoria01
victoria1
victoria10
victoria11
victoria12
victoria123
victoria13
victoria2
victoria3
victoria7
victorian
victorine
victorio
victorious
victory
victory1
victory123
victory7
vicvic
vid
vida
vidaloca
vidaloka
vidaloka123
vidanova
video
video1
video123
videogame
videogames
videos
videoseven
vidhya
vidya
vie
vieira
vienna
viento
vierge
viernes
viet123
vietanh
vietcong
vietdung
viethung
vietnam
vietnam1
vietnam123
vietnamese
vietpride
view
viewsonic
viewsonic1
vigilante
vignesh
vijay
vijay123
vijaya
vijaykumar
vik
vika
vika123
vika1234
vika1995
vika1996
vika1997
vika1998
vika1999
vika2000
vika2001
vika2002
vika2003
vika2010
vikantaya
vikas
vikas123
vikash
vikavika
vikavika10
viki
viking
viking1
viking11
viking12
viking123
vikingo
vikings
vikings1
vikings11
vikings28
vikram
vikrant
viktor
viktor1
viktor123
viktoria
viktoria1
viktorija
viktoriya
viktory
vil
vilanova
villa
villa1
villa123
village
village1
villain
villalobos
villamor
villanova
villanueva
villanueva1
villar
villareal
villarin
villarosa
villarreal
villas
ville
villegas
villeneuve
villevalo
villevalo1
vilma
vilnius
vimala
vin
vinay
vinay123
vinayak
vinayaka
vince
vince1
vince123
vince15
vincecarter
vincen
vincent
vincent1
vincent11
vincent12
vincent123
vincent13
vincent2
vincent5
vincent7
vincenza
vincenzo
vindaloo
vindicated
vindiesel
vineet
vineyard
vinh123
vini123
vini1234
vinicio
vinicius
vinicius123
vinita
vinnie
vinnie1
vinny
vinny1
vinny123
vino
vinod
vinod123
vinograd
vinoth
vinson
vintage
vintage1
vinter
vinvin
vio
viola
viola1
violaine
violator
violence
violent
violentj
violet
violet1
violet12
violet123
violeta
violeta1
violets
violetta
violette
violin
violin1
violino
violon
viorel
viorica
vip
vip123
viper
viper007
viper1
viper12
viper123
viper2
viper666
viper7
viper99
vipera
vipergts
vipers
vipersrt10
viphv5j736
vipvip
vipvipvip
vir
virago
virendra
virgie
virgil
virgile
virgilio
virgin
virgin1
virginia
virginia1
virginie
virginity
virgo
virgo1
virgo123
virgola
virgos
virgule
viridiana
virtual
virtual1
virtue
virtus
virus
virus1
virus123
viruss
vis
visa
visaothe
vishakha
vishal
vishal123
vishnu
vishnu123
vishwa
vision
vision1
vision123
visionary
visions
visit
visitor
vissen
visser
vista
vista123
visual
visualbasic
vit
vita
vitale
vitali
vitalik
vitalik1
vitalik666
vitalina
vitality
vitaliy
vitaly
vitamia
vitamin
vitamin1
vitamina
vitaminc
vitamine
vitamins
vitara
vitesse
vitinho
vitinho123
vito
vitor
vitor123
vitoria
vitoria123
vittel
vittoria
vittorio
viv
viva
vivala
vivalabam
vivalafiga
vivalavida
vivaldi
vivali1
vivanco
vivaviva
vivayo
vivek
vivek123
vivemoi
vivera
vivere
vivi
vivi123
vivian
vivian1
vivian123
viviana
viviana1
viviane
vivien
vivienne
vivitron
vivivi
vixen
vjcrdf
vjhjpjdf
vjhrjdrf
vjkjrj
vjqgfhjkm
vjybnjh
vjzctvmz
vk_vk_777
vkontakte
vla
vlad
vlad123
vlad1234
vlad12345
vlad123456
vlad1994
vlad1995
vlad1996
vlad1997
vlad1998
vlad1999
vlad2000
vlad2001
vlad2002
vlad2003
vlad2004
vlad2005
vlad2010
vlad2012
vlada
vladik
vladik123
vladimir
vladimir1
vladislav
vladivostok
vladko
vladut
vladvlad
vlasta
vliegtuig
vlinder
vmax1200
vocaloid
vodafone
vodafone1
vodanh
vodka
vodka1
vodka123
vodoley
voetbal
voetbal1
voetbal12
voetbal123
voetballen
vofavu
vogel
voi
voices
void
voiture
voitures
vojta
vojykgi959
vol
voland
volare
volcan
volcano
volcano1
volcom
volcom1
volcom11
volcom12
volcom123
voldemort
voldemort1
volgograd
volimte
volkan
volkan123
volker
volkodav
volkov
volkova
volkswagen
volkswagen1
volkswagon
volley
volley1
volleyball
volleyball1
vollmilch
vollmond
volodia
volodya
volonter
voltage
voltage1
voltaire
voltron
voltron1
volume
volume1
volume123
volunteer
volution
volvic
volvo
volvo1
volvo123
volvo240
volvo440
volvo740
volvo850
volvo940
volvofh12
volvos40
volvos60
volvos80
volvov40
volvov70
volvoxc90
vondutch
vongola
vonnegut
vonnie
vonvon
voodoo
voodoo1
voodoo123
voodoo2
voodoo22
vorlon
vorobey
vorona
vortex
vostok
vothien110791
votinh
vova
vova123
vova123123
vova1234
vova12345
vova1996
vova1997
vova1998
vova1999
vova2000
vova2001
vova2002
vovan
vovavova
vovchik
vovochka
voyage
voyage1234
voyager
voyager1
voyager2
voyeur
vqsablpzla
vqz6qyo294
vragsav579
vredina
vrienden
vsevolod
vsijyjr
vsjasnel12
vthctltc
vthctltcs600
vtldtlm
vtr1000
vtuf36jhufpv
vtufgjkbc
vuitton
vukwhyk316
vulcain
vulcan
vulcano
vulkan
vulnerable
vulpix
vulture
vungoimora
vuurwerk
vv
vv123456
vvb425pbje
vvip-maker
vvv
vvvv
vvvvv
vvvvvv
vvvvvvv
vvvvvvvv
vvvvvvvvvv
vwbeetle
vwgolf
vwjetta
vwpassat
vwpolo
vx9b5qu8ev
vxto443yet
vyjujnjxbt
vzh7b1pe7x
w
w00tw00t
w05043883
w0rdpass
w0rds123
w111111
w123123
w12345
w123456
w1234567
w12345678
w123456789
w123456789w
w123456w
w19870215x
w19gftb1of
w1d4lhk9su
w1ll1am
w1ll1ams
w1lliam
w1w2w3
w1w2w3w4
w1w2w3w4w5
w2dlww3v5p
w2e3r4
w2e3r4t5
w2sqt6vy5s
w2w2w2
w2w2w2w2
w316497
w3e4r5t6
w3lc0m3
w4rcr4ft
w5201314
w5lichd722
w5tn36alfw
w6mfuyf167
w7hc36b452
w7wr8qj2hv
w810w810
w8woord
w91bybjq6h
wa123456
wabbit
wachtwoord
wachtwoord1
wacken
wacker
wacky
waddle
wade
wade03
wade123
wafako
waffen
waffenss
waffle
waffle1
waffles
waffles1
waffles123
wagamama
wagner
wagon
wahaha
waheed
waheguru
waheguru1
waheguruji
wahida
wahoo
wahwah
wahyu
wahyudi
waikiki
waiting
waiwai
wakacje
wakaranai
wakawaka
wakeboard
wakeboard1
wakefield
wakeup
wakoko
wakuwaku
wakwak
wal
wala
walalang
walawala
waldek
waldemar
walden
waldi
waldo
waldo1
waldo123
waldorf
waleed
wales
wales1
wales123
walhalla
walid
walik007
walkabout
walker
walker01
walker1
walker11
walker12
walker123
walkers
walkers1
walking
walkman
walkman1
wall
wallaby
wallace
wallace1
wallace123
wallace2
wallawalla
waller
wallet
walleye
walleye1
wallflower
wallhack
wallie
wallis
wallpaper
wallpaper1
wallstreet
wally
wally1
wally123
walmart
walmart1
walnut
walrus
walsall
waltdisney
walter
walter01
walter1
walter11
walter12
walter123
walter34
walters
walther
walton
waltraud
wambui
wampir
wan
wan0425
wan123
wanadoo
wanda
wanda1
wanda123
wander
wanderer
wanderers
wanderlust
wang
wang0420
wang0516
wang123
wang1234
wang123456
wangbin
wangchao
wangchen
wangdong
wanger
wangfei
wangfeng
wanggang
wanghao
wanghuan
wanghui
wangjian
wangjie
wangjing
wangjiusi123456
wangjun
wangkai
wanglei
wangliang
wangmeng
wangpeng
wangqiang
wangshuai
wangwang
wangwang2013
wangwei
wangxin
wangyan
wangyang
wangyi
wangyu
wangyut2
wanita
wanjiku
wanjiru
wanker
wanker1
wanker123
wanker69
wankers
wankers1
wanksta
wannabe
wannabe1
wannadupe
wanrltw
wanrltw1
wanted
wanted1
wanted12
wanted123
wanwan
wapbbs
wapiti
wapover
wapwap
waqas123
war
war123
warawara
warbird
warchild
warcraft
warcraft1
warcraft11
warcraft12
warcraft123
warcraft13
warcraft2
warcraft3
warcraft4
warcraft5
warcraft7
ward
warden
wardog
wardrobe
wareagle
wareagle1
warehouse
warewolf
warez
warface
warface123
warfare
warfare2
warfreak
wargames
wargod
wargreymon
warhamer
warhammer
warhammer1
warhammer123
warhammer4
warhammer40
warhammer40000
warhammer40k
warhawk
warhawk1
warhead
warhol
wariat
warinc
warior
warlock
warlock1
warlock123
warlord
warlord1
warlord123
warlords
warmachine
warman
warmaster
warner
warnet
warning
warning1
warpath
warped
warpten
warpten1
warrant
warranty
warren
warren1
warren123
warrington
warrior
warrior1
warrior11
warrior12
warrior123
warrior13
warrior2
warrior3
warrior5
warrior7
warriors
warriors1
warrock
warrock1
warrock123
warsaw
warsteiner
warszawa
warszawa1
wartburg
warthog
warthog1
wartune
warwar
warwarwar
warwick
warwick1
warzone
was
was123
wasabi
wasalak
wasd
wasd123
wasd1234
wasd12345
wasd123456
wasder
wasdqe
wasdwasd
wasdwasd1
wasdwasd123
waseem
wasgeht
wasgeht1
wasgehtab
washburn
washburn1
washer
washere
washington
washington1
wasiryear0721
wassaup
wassaw
wasser
wasser1
wasser11
wasser12
wasser123
wasserfall
wassermann
wassila
wassim
wassup
wassup1
wasted
wasteland
wasureta
waswas
waswas12
waswaswas
wat
watanabe
watashi
watashiwa
watch
watchdog
watcher
watches
watching
watchman
watchmen
watchout
watchtower
water
water1
water12
water123
water1234
water2
water5
waterart
waterbed
waterbottle
waterboy
waterboy1
waterdog
waterdragon
waterfall
waterfall1
waterfalls
waterford
waterfront
watergate
waterh2o
waterlily
waterloo
waterloo1
waterman
waterman1
watermelon
watermelon1
watermelon123
waterpolo
waterpolo1
waters
waters1
waterski
waterwater
waterworld
wateva
watever
watever1
watford
watford1
watkins
watkins1
watson
watson1
watsup
watwat
wauwau
wave
wavemaster
waverley
waverly
waves
wawa
wawa123
wawan
wawawa
wawawawa
way2cool
way2go
wayland
waylander
waylon
wayne
wayne1
wayne123
waynerooney
waynes
wazup
wazzub
wazzup
wb9t7jf9fe
wcdd93h9pq
wcfa2010
wcoffmvp
wcq4jbi457
wd39jh4bfr
wdjxqa1249
wdtnjr
wdtnjxtr
we
we123456
weak
weak123
weakako
weakka
weakling
weaklings
weakness
weakweak
wealth
wealthy
wealthy1
weapon
weapons
weaponx
weare1
weare138
weareone
weasel
weasel1
weasley
weather
weather1
weaver
web
web123
web123456
webber
webbie
webcam
webcam1
webcam123
webdesign
weber
webhompass
webhost
webhost1
webhost123
webkinz
webkinz1
webkinz123
weblogic
webmaster
webmaster1
webmaster123
weborder
webpass
website
website1
webstar
webster
webster1
webster7
webster78
websters
webweb
wecker
wedding
wedding1
wedding65
weddings
wednesday
wednesday1
wednesday13
wee
wee123
weeble
weed
weed12
weed123
weed1234
weed420
weed4life
weed69
weedhead
weedman
weedman1
weedman420
weeds
weedweed
weeeee
weegee
weekend
weekend1
weeman
weener
weenie
weetabix
weetikniet
weetikveel
weewee
weezer
weezer1
weezie
weezy
weezy1
weg63tt243
wehttam
wei
wei123
wei123456
weight
weightloss
weihnachten
weiner
weird
weirdo
weishenme
weiter
weiwei
weiwei520
wel
welc0me
welcom
welcome
welcome0
welcome01
welcome1
welcome1!
welcome10
welcome11
welcome12
welcome123
welcome123!
welcome1234
welcome12345
welcome2
welcome3
welcome4
welcome5
welcome7
welcome8
welcome9
welcome99
welcomehome
welcomes
welder
welder1
welding
weldon
welkom
welkom01
welkom1
welkom123
well
wellcome
welldone
weller
welling
wellington
wellness
wells
wellwell
weloveyou
wembley
wen
wendel
wendell
wendell1
wendi
wendigo
wendy
wendy1
wendy123
wendys
wenef45313
wenger
wengweng
wensil1066
wentworth
wentworthmiller
wenwen
wenyin09
wenyin12
wenzel
wer
wer11111
wer123
wer12345
wer123456
wer234
wera
werbung
werden
werder
werder1
werder12
werder123
werderbremen
werdna
were
werewere
werewolf
werewolf1
werilopert
werken
werner
werner1
werner123
werock
werock1
weronika
weronika1
werrew
wersdf
wert
wert12
wert123
wert1234
wert12345
wert3456
werter
werthrf
werthvfy
wertwert
wertwert1
werty
werty1
werty12
werty123
werty1234
werty12345
wertys
wertyu
wertyui
wertyuio
wertyuiop
wertywerty
wertz
wertz123
wertzu
wertzui
wertzuiop
werwer
werwer123
werwerwer
werwolf
wes
wes123
wesdxc
wesker
wesley
wesley1
wesley10
wesley12
wesley123
wessel
wessex
west
west12
west123
west1234
west49
westbrom
westbrom1
westbrook
westbury
westcoast
westcoast1
westend
wester
western
western1
westfield
westgate
westham
westham1
westham123
westie
westin
westlake
westland
westley
westlife
westlife1
westminster
weston
westpoint
westport
westside
westside1
westside12
westside13
westtransline
westview
westwest
westwind
westwing
westwood
westwood1
weswes
wet
wethepeople
wetpussy
wetter
wetwet
wetwilly
wewe
wewewa
wewewe
wewewewe
wexford
weymouth
wfstas12
wfusdfcf
wg8e3wjf
wgn529138165
wh123456
wh4t3v3r
wh58wg4fxi
wha
whale
whaler
whales
whassup
what
what123
what1234
what3v3r
whateva
whatever
whatever1
whatever11
whatever12
whatever123
whatever13
whatever2
whatever3
whatever4
whatever5
whatever69
whatever7
whatif
whatis
whatisit
whatislove
whatisthis
whatisup
whatitdo
whatnot
whatnow
whatpassword
whatsup
whatsup1
whatthe
whatthe1
whatthefuc
whatthefuck
whatthehell
whatup
whatwhat
whatwhat1
wheaton
wheelchair
wheeler
wheeler1
wheels
wheng
whi
whiplash
whippet
whirlwind
whiskas
whiskers
whiskers1
whiskey
whiskey1
whisky
whisky1
whisper
whisper1
whispers
whistle
whistler
whistler1
whitaker
whitby
white
white1
white123
whiteangel
whiteboy
whiteboy1
whitecat
whitedog
whitedove
whitedragon
whitefang
whitefox
whitehead
whitehorse
whitehouse
whiteknight
whitelion
whiteman
whiteout
whitepower
whiterabbit
whiterose
whites
whiteshock8
whitesnake
whitesox
whitesox1
whitestar
whitetail
whitetiger
whitewater
whitewidow
whitewolf
whitewolf1
whitey
whiting
whitley
whitman
whitney
whitney1
whittier
who
whoami
whoareyou
whocare2705
whocares
whocares1
whodat
whodey
whoknows
wholefoo
wholesale
whoopass
whoopie
whoops
whopper
whore
whore1
whores
whosyourdaddy
whowho
why
why123
whyme
whyme1
whyme123
whynot
whynot1
whynotme
whysoserious
whywhy
whywhywhy
wibble
wibowo
wicca
wiccan
wichita
wichser
wicked
wicked1
wicked12
wicked123
wicked13
wicked69
wicket
widder
widescreen
widespread
widget
widzew
widzew1
widzew1910
wiedzmin
wiener
wiesbaden
wiesel
wife
wifey
wifey1
wigger
wiggin
wiggins
wiggle
wiggles
wiggles1
wigolf
wigwam
wii123
wiiwii
wijaya
wiki
wikiko888
wiking
wikinger
wikipedia
wikiwiki
wiktor
wiktor1
wiktor123
wiktoria
wiktoria1
wil
wilber
wilbert
wilbur
wilbur1
wilcox
wild
wildan
wildarms
wildbill
wildcard
wildcat
wildcat1
wildcats
wildcats1
wildchild
wilder
wilderness
wildfire
wildfire1
wildflower
wildhorses
wildlife
wildman
wildman1
wildone
wildones
wildrose
wildside
wildthing
wildwest
wildwolf
wildwood
wilfred
wilfredo
wilfried
wilhelm
wilkins
wilkinson
will
will12
will123
will1234
willard
willard1
willem
willi
willi1
willi123
willia
william
william0
william01
william05
william06
william07
william08
william09
william1
william10
william11
william12
william123
william13
william14
william15
william16
william17
william2
william21
william22
william23
william24
william3
william4
william5
william6
william69
william7
william8
william88
william9
william97
william98
william99
williams
williams1
williams12
williams123
williams2
williamsburg
williamson
willian
willie
willie1
willie11
willie12
willie123
willing
willis
willis1
willkommen
willoughby
willow
willow01
willow1
willow10
willow11
willow12
willow123
willow13
willow2
willow99
willows
willowtree
willpower
willsmith
willson
willwill
willy
willy1
willy123
willyou
willys
willywonka
wilma
wilma1
wilmar
wilmer
wilmington
wilshire
wilson
wilson01
wilson1
wilson10
wilson11
wilson12
wilson123
wilson22
wilson23
wilsonws123
wilton
wimbledon
win
win123
win2000
winamp
winchester
wind
winder
windex
windmill
windmill1
window
window1
window12
window123
windows
windows1
windows11
windows12
windows123
windows2
windows2000
windows7
windows8
windows9
windows95
windows98
windowslive
windowsvista
windowsxp
windowsxp1
windsong
windsor
windsor1
windstar
windsurf
windwaker
windwind
windy
windy1
wine
winfield
winfixer
wing
wingate
wingchun
winger
wingman
wingman1
wingnut
wingnut1
wings
wings1
wingtsun
wingwing
wingzer0
wingzero
wingzero1
winifred
winkie
winkle
winkler
winky
winmx1
winner
winner01
winner1
winner11
winner12
winner123
winners
winners1
winnetou
winnie
winnie01
winnie1
winnie11
winnie12
winnie123
winniepooh
winniethepooh
winning
winnipeg
winnipeg2612
winona
winslow
winsome
winspiro
winston
winston1
winston12
winston123
winston2
winter
winter00
winter01
winter02
winter04
winter05
winter06
winter07
winter08
winter09
winter1
winter10
winter11
winter12
winter123
winter13
winter15
winter2
winter2010
winter21
winter22
winter45
winter77
winter98
winter99
winterfresh
wintermute
winters
winthrop
winwin
winwinwin
winx
winxclub
winxp
wiosna
wipeout
wipro
wipro123
wireless
wireless1
wis
wisconsin
wisconsin1
wisdom
wisdom1
wisdom123
wise
wiseguy
wiselka
wiseman
wish
wishbone
wishbone1
wishes
wishing
wishmaster
wiskers
wisla
wisla1
wisla1906
wisnia
wissam
wisteria
witch
witch1
witchblade
witchcraft
witcher
witches
witchy
wither
withlove
without
withoutu
withyou
witness
witspass1234
wixxer
wiz
wizard
wizard01
wizard1
wizard101
wizard11
wizard12
wizard123
wizard13
wizardofoz
wizardry
wizards
wizards1
wizkhalifa
wizkid
wizzard
wizzer
wj123456
wj7i5nwj3u
wkrh
wladimir
wlafiga
wm0001
wmilan
wn5n74xlqb
wo123456
woailaopo
woaimama
woaini
woaini1
woaini11
woaini110
woaini12
woaini123
woaini1314
woaini520
woaini521
woaini88
woainia
woainima
woaiwojia
woaiwoziji
wobble
wobuzhidao
wocao123
wocao5201314
wocaonima
wocaonima1
wocaonima123
wodahs
wodemima
wodnik
wojiushiwo
wojownik
wojtas
wojtek
wojtek1
wojtek12
wojtek123
wokao123
wokaonima
wol
wolf
wolf11
wolf12
wolf123
wolf1234
wolf13
wolf359
wolf666
wolf69
wolf9653
wolfbane
wolfdog
wolfe
wolfen
wolfenstein
wolfer
wolfgang
wolfgang1
wolfgirl
wolfhound
wolfi
wolfie
wolfie1
wolfman
wolfman1
wolfpac
wolfpack
wolfpack1
wolfram
wolfsburg
wolfsrain
wolfteam
wolfwolf
wolfwood
wolfy
wolverin
wolverine
wolverine1
wolverine2
wolverines
wolves
wolves01
wolves1
wolves11
wolves12
wolves123
wolvie
woman
womanizer
wombat
wombat1
womble
women
women123
womendeai
wonbin
wonder
wonder1
wonder123
wonderboy
wonderful
wonderful1
wonderfull
wondergirl
wonderland
wonderland1
wonderpolls
wonders
wonderwall
wonderwoma
wonderwoman
wong
wonton
woo
woobie
woobin
wood
woodbine
woodbridge
woodbury
woodchuck
woodcock
woodduck
wooden
woodford
woodhouse
woodie
woodland
woodlands
woodlawn
woodman
woodpecker
woodrow
woodrow1
woodruff
woods
woodside
woodson
woodstock
woodstock1
woodward
woodwind
woodwood
woodwork
woody
woody1
woody123
woof
woofer
woofie
woofwoof
woofwoof1
woogie
woohoo
woohoo1
wookie
wookie1
woopwoop
wooster
woot
wootwoot
woowoo
woozworld
wor
worcester
word
wordlife
wordlife1
wordpass
wordpass1
wordpass123
words
wordup
worinima
work
work123
work1234
work4me
worker
workhard
working
working1
workit
workout
workout1
workshop
worksucks
workwork
world
world1
world123
worldcup
worldoftanks
worldofwarcraft
worldofwarcraft1
worldpeace
worlds
worldwar
worldwar2
worldwar3
worldwide
worm
wormhole
wormix
worms
worms2
worms3d
wormwood
worship
worship1
worthless
worthy
woshi123
woshiniba
woshinidie
woshinima
woshiren
woshishei
woshishen
woshishui
woshitiancai
woshiwo
woshiyazi
woshizhu
wouter
wow
wow123
wow1234
wow12345
wow123456
wow4ever
wow4life
wowgold
wowowee
wowowo
wowwow
wowwowwow
wowzers
woxiangni
woxihuanni
wozhiaini
wpcakir264
wpf6cmw222
wq123456
wqer1314
wqwqwq
wraith
wrangler
wrangler1
wrapping
wrd28giz1p
wrecker
wrench
wrestle
wrestle1
wrestlemania
wrestler
wrestler1
wrestlin
wrestling
wrestling1
wrexham
wright
wright1
wrigley
wrigley1
wrinkle1
wrinkles
writer
writer1
writing
wrk93t8azl
wroclaw
wrong
wrwff212uu
wrxsti
ws123456
wsad123
wsad1234
wsadwsad
wsbe279qsg
wsx123
wsx123456
wsxcde
wsxedc
wsxedcrfv
wsxqaz
wsxwsx
wsxzaq
wsydcig761
wtf
wtf123
wtflol
wtfwtf
wtpfhm
wtpmjg
wtpmjgda
wu123456
wuchun
wuii3344
wulan
wulandari
wulfgar
wumeiyun123
wunder
wunderbar
wuppertal
wurst
wurstbrot
wurzel
wuschel
wutang
wutang1
wutang36
wutangclan
wuyuancc1
wuzzup
wv32ltue5c
ww
ww123456
ww1ww2ww3
ww6082516
wwe
wwe123
wwe12345
wwe4life
wwe619
wwefan
wweraw
wweraw123
wwerocks
wwewwe
wwewwe1
wwewwewwe
wwjd
wwjdwwjd
wwjjy7890
www
www.com
www111
www123
www12345
www123456
www123www
www333
wwweee
wwwooo1234
wwwsss
wwwsss1
wwww
wwww1111
wwww1234
wwwww
wwwwww
wwwwww1
wwwwwww
wwwwwww1
wwwwwwww
wwwwwwwww
wwwwwwwwww
wxc
wxcvbn
wxcvbn123
wy1000000
wy123456
wyatt
wyatt1
wyatt123
wybe4591
wymaxer
wyoming
wyoming1
wyq28giz1p
wysiwyg
wyvern
wyw28giz1o
wz362308
wzf2sme498
wzwl123
wzwl123456
x
x-files
x12345
x123456
x1234567
x12345678
x123456789
x123456x
x15piq8snj
x15piw8snj
x18152
x19485
x1x1x1
x1x2x3
x1x2x3x4
x1x2x3x4x5
x2005
x3mxxxwwwe
x4ivyga51f
x50862356
x60zay0468
x657glowyz
x72jhhu3za
x7k9zx3jwt
x7oj5q2fvp
x870624x
x92c240
x99qomx561
xaccess2
xanadu
xander
xander1
xandra
xantia
xaoyin78
xardas
xav
xavier
xavier01
xavier1
xavier11
xavier12
xavier123
xavier23
xaxaxa
xbox
xbox123
xbox1234
xbox360
xbox3600
xbox3601
xbox360iso
xboxiso
xboxlive
xboxlive1
xboxrules
xboxxbox
xbwioad866
xc63ax1eww
xcalibur
xchange
xcountry
xcvbnm
xcxcxc
xd123456
xdf65b6666
xdl65b6666
xdqwerty
xdxdxd
xdxdxdxd
xena
xenia
xenocide
xenogear
xenogears
xenomorph
xenon
xenosaga
xep624
xerox
xerxes
xexeylhf
xfactor
xfer
xfiles
xfpj9f44ln
xfqybr
xgames
xgl7vw5j5c
xhh787qpcd
xhl65b6666
xi4n73nqap
xi8ryh8u7a
xiang123456
xiao123
xiaobai
xiaobao
xiaodong
xiaofei
xiaofeng
xiaohui
xiaojian
xiaojie
xiaojing
xiaojing123
xiaolei
xiaolin
xiaolong
xiaomi11
xiaoming
xiaoqi
xiaoqiang
xiaotian
xiaowei
xiaoxiao
xiaoxin
xiaoxue
xiaoyang
xiaoyao
xiaoyu
xiaoyua123
xiaozhu
xihuanni
ximena
xin123456
xingfu
xingxing
xinxin
xiomara
xivg9ow11y
xj123456
xj4jaxee
xjapan
xl6w86wnbs
xlf65b6666
xman
xmas
xmen
xmf65b6666
xmodem
xmrsd30306
xmsemcn123
xn733lscdb
xnn13599
xnn9g4hy6b
xoxo
xoxota
xoxoxo
xoxoxoxo
xperia
xpeygeh934
xpress
xpressmusic
xqh85u6jaz
xqyd2uh935
xrated
xrmblyurl9
xrum1348
xs9x7l4hpg
xsazjft949
xsjbo7p383
xsplit
xsw21qaz
xsw23edc
xsw2zaq1
xswqaz
xswzaq
xt97794xt
xterra
xthtgfirf
xtian
xtkjdtr
xtkjdtrgfer
xtr86tzg2v
xtream
xtreme
xtreme1
xtreme123
xtseo2011tdx
xtube
xtvgbjy
xu123456
xuanxuan
xwing
xx
xx123456
xxkk01234
xxlxxl
xxx
xxx-xxx-xxxx
xxx000
xxx007
xxx111
xxx111xxx
xxx123
xxx1234
xxx12345
xxx123456
xxx123xxx
xxx333
xxx666
xxx777
xxxg00w0
xxxholic
xxxx
xxxx1111
xxxx1234
xxxxx
xxxxx1
xxxxxx
xxxxxx1
xxxxxx6
xxxxxxx
xxxxxxx1
xxxxxxxx
xxxxxxxxx
xxxxxxxxxx
xxxxxxxxxxxx
xxxxxxxxxxxxxxxxxxxxxxxxxxxxxx
xxxyyy
xxxzzz
xy151500
xyw2o7neg1
xyxy159753
xyxyxy
xyz
xyz123
xyz1234
xyz12345
xyz123456
xyzabc
xyzxyz
xyzzy
xzibit
xzsawq
xzsawq21
xzxzxz
y
y0y0y0
y12345
y123456
y1234567
y123456789
y2345
y23456
y23456789
y3
y3.com
y57e4lukgh
y57gjng4gh
y6p67ftrqj
y6t5r4e3w2q1
y7u8i9o0
y9i7l2bggx
y??
ya
ya0304nn
yaalimadad
yaallah
yacine
yaco
yadayada
yadira
yagami
yagmur
yah
yahoo
yahoo!
yahoo.com
yahoo1
yahoo100
yahoo11
yahoo12
yahoo123
yahoo1234
yahoo2
yahoocom
yahoomail
yahooo
yahoos
yahooyahoo
yahtzee
yahweh
yahya
yahyah
yajamee99
yakamoz
yakiniku
yakisoba
yakitori
yakumo
yakusoku
yakuza
yam
yamada
yamagata
yamaguchi
yamaha
yamaha01
yamaha1
yamaha11
yamaha12
yamaha123
yamaha125
yamaha22
yamaha250
yamaha46
yamahar1
yamahar6
yamakasi
yamakawa
yamamoto
yamanaka
yamapi
yamasaki
yamashita
yamasita
yamato
yamayama
yamazaki
yamila
yamina
yamini
yamiyugi
yamuna
yamyam
yan
yan0108s
yan123
yan123456
yana
yanayana
yandel
yandex
yang
yang123
yang123456
yangfan
yangguang6
yangjian
yangyang
yanick
yanina
yanira
yanis
yankee
yankee1
yankee13
yankee23
yankees
yankees02
yankees09
yankees1
yankees11
yankees12
yankees123
yankees13
yankees2
yankees21
yankees22
yankees23
yankees24
yankees26
yankees27
yankees3
yankees4
yankees5
yankees7
yanks
yanks1
yann
yannic
yannick
yannick1
yannik
yannis
yannou
yanochka
yanyan
yanyan1
yaoi
yaoilover
yaoming
yaorqw12334
yaounde
yaoyao
yaq12wsx
yaq1xsw2
yaqwsx
yarakasita
yaroslav
yarrak
yartue22
yas
yaseen
yasemin
yash
yashar
yashiro
yashpal
yasin
yasin123
yasmeen
yasmim
yasmin
yasmin1
yasmin12
yasmin123
yasmina
yasmine
yasmine1
yasser
yassin
yassine
yasuhiro
yasunori
yasuyasu
yasuyuki
yavin4
yawaka
yawdjof117
yay
yaya
yaya123
yayang
yayank
yayaya
yayayaya
yazmin
ybanez
ybccfy
ybg31owv1y
ybnkoia569
ybrbnf
ybrbnf123
ybrbnjc
ybrjkfq
ybrjkftdbx
ycei62p395
yd3qj8ss
yeager
yeah
yeah123
yeahbaby
yeahboy
yeahbuddy
yeahman
yeahright
yeahyeah
yeahyeah1
year2000
year2009
year2010
yearbook
yeayea
yecgaa
yeehaw
yeknom
yel
yelena
yelhsa
yeller
yellow
yellow00
yellow01
yellow02
yellow1
yellow10
yellow11
yellow12
yellow123
yellow13
yellow14
yellow15
yellow2
yellow20
yellow21
yellow22
yellow23
yellow24
yellow25
yellow3
yellow33
yellow4
yellow45
yellow5
yellow55
yellow66
yellow69
yellow7
yellow77
yellow8
yellow88
yellow9
yellow99
yellowbird
yellowcard
yellowdog
yellowrose
yellowstone
yemisi
yendor
yennhi
yenyen
yepyep
yermom
yes
yes123
yes123456
yes56yes
yes90125
yesenia
yesenia1
yeshua
yesiam
yesica
yesican
yesido
yesman
yesplease
yessenia
yessica
yessir
yesterday
yesterday1
yeswecan
yesyes
yesyes1
yesyesyes
yetunde
yeu1nguoi
yeuanh
yeuem
yeuemmai
yeuemnhieu
yeyeye
yf5ff0q7
yfafyz
yfcn.if
yfcntyf
yfcntymrf
yfcntyrf
yfcnz
yfcnz1
yfcnz123
yfcnz663
yfcnzyfcnz
yfdbufnjh
yfdbufnjh10305070
yfdbufnjh63
yfgjktjy
yfhenj
yfltymrf
yfnecbr
yfnfif
yfnfirf
yfnfitymrf
yfnfkb
yfnfkbz
yfnfkmz
yfz450
yggdrasil
yh3hnr4869
yhnujm
yi42wyq7wc
yijeong
yijeong1
yildirim
yildiz
yilmaz
yingyang
yingyang1
yingying
yinyang
yinyang1
yinyin
yippee
yisu123
yitbos
yj123456
yjdbrjdf
yjdsqgfhjkm
yjdsqujl
yjwfn73j
yk66o2kzpz
ykvpoia569
yldahaore12
ylenia
yli55nh1ny
ymerej
ynb7o2v1pf
yngwie
ynohtna
yo
yo1234
yo12cjf6vc
yoda
yoda123
yoda1234
yodayoda
yodude
yoga
yogayoga
yogesh
yogi
yogibear
yogibear1
yogita
yogurt
yogyakarta
yohan
yohana
yohanes
yohann
yojimbo
yokohama
yokohama0
yokoyama
yokoyoko
yokyok
yolanda
yolanda1
yolande
yolo
yolo123
yolo1234
yoloswag
yoloyolo
yomama
yomama1
yomama12
yomama123
yomamma
yomamma1
yoman
yomees
yomero
yomisma
yomismo
yomomma
yomomma1
yonathan
yondaime
yongyong
yonkers
yoohoo
yop7s55
yopyop
yorkie
yorkshire
yorkshire1
yorktown
yorosiku
yosemite
yoshi
yoshi1
yoshi123
yoshiaki
yoshihiro
yoshiki
yoshimitsu
yoshimura
yoteamo
you
you123
youaifa569
youandi
youandme
youandme1
youare
youaregay
youaremine
youboy3
youbye123
youcantseeme
youcef
youdontknow
youjean1
youjizz
youknow
youknow1
youknowit
youkofa569
youloveme
younes
youness
young
young1
young123
youngblood
youngbuck
younger
youngman
youngmoney
youngone
youngs
youporn
your
yourface
yourgay
yourgay1
yourlove
yourmama
yourmama1
yourmine
yourmom
yourmom1
yourmom12
yourmom123
yourmom2
yourmom69
yourmomma
yourmother
yourmum
yourmum1
yourname
yourock
yours
yourself
yourwork
yousef
yousif
yousmell
yousra
youssef
youssef123
yousuck
yousuck1
yousuck123
yousuck2
yousuf
youth
youtoo
youtube
youtube1
youtube12
youtube123
youtube2
youtuber
youwish
youyou
youyouyou
yoyo
yoyo12
yoyo123
yoyo1234
yoyoma
yoyoman
yoyong
yoyoyo
yoyoyo1
yoyoyo12
yoyoyo123
yoyoyoyo
yozgat
yozgat66
ypfu2vl856
yqpfrn9652
ysabel
ysabelle
yskj33333
ytngfhjkz
ytq9bkr
ytrewq
ytrewq1
ytrewq12
ytrewq123
ytrewq321
ytreza
ytrhjvfyn
ytyfdb
ytyfdbcnm
yu-gi-oh
yu0602
yu123456
yuantuo2012
yuantuo2013
yuanyuan
yuffie
yugioh
yugioh1
yugioh11
yugioh12
yugioh123
yugioh5ds
yugiohgx
yuiop
yuiyui
yukari
yukaund
yukayuka
yuki
yukichan
yukihiro
yukikaze
yukiko
yukimura
yukito
yukiyuki
yukon
yukon1
yulia
yuliana
yuliya
yumiko
yumiyumi
yummie
yummies
yummy
yummy1
yummy123
yumyum
yumyum1
yuna
yunalesca
yunita
yunus
yunus123
yunus12345
yunusemre
yunyun
yupyup
yurayura
yuri
yuri123
yuriko
yuriyuri
yusri97
yusuf
yusuf1
yusuf123
yusuke
yuvraj
yuyuhakusho
yuyuyu
yuyuyuyu
yv3bcdaq
yves
yvette
yvette1
yvonne
yvonne1
yx12345678
yxcvb
yxcvbn
yxcvbnm
yxcvbnm1
yxcvbnm123
yy
yy123456
yy7315
yygjmy1984
yygjmy333
yyy
yyyy
yyyyy
yyyyyy
yyyyyyy
yyyyyyyy
yyyyyyyyyy
yyz59gtp100
yzeglll756
yzerman
yzerman19
z
z00000
z000000z
z010203
z0102030405
z01234
z111111
z112233
z123123
z123123z
z123321
z12345
z123456
z1234567
z12345678
z123456789
z1234567890
z123456z
z12345z
z123z123
z1hb4sn7wg
z1v5x2x2
z1x1c1v1
z1x2c3
z1x2c3v4
z1x2c3v4b5
z1x2c3v4b5n6
z1x2c3v4b5n6m7
z1z1z1
z1z1z1z1
z1z2z3
z1z2z3z4
z1z2z3z4z5
z21xywkg3i
z223856
z23456
z2345678
z23456781
z2684615z
z28camaro
z5201314
z54hk6eudi
z7895123
za12345123
za123456
za123456789
zabava
zabcia
zabihah
zabimaru
zabuza
zac
zac123
zacarias
zacatecas
zaccaria
zacefron
zacefron1
zach
zach123
zach1234
zachariah
zacharie
zachary
zachary01
zachary1
zachary11
zachary12
zachary123
zachary2
zachary3
zachary5
zachary7
zachery
zachery1
zack
zack123
zack1234
zackary
zackary1
zackery
zackzack
zaczac
zadnica
zadrot
zadzad
zaebali
zafira
zafiro
zag12wsx
zagreb
zahara
zaharova
zaheer
zahira
zahra
zahraa
zain
zainab
zainal
zaira
zaizai
zak
zak123
zakaria
zakary
zakkanet0000
zakopane
zakzak
zalgiris
zalina
zalupa
zamalek
zambia
zamboanga
zamboni
zamira
zamora
zamorak
zamorano
zamzam
zan
zanarkand
zander
zander1
zandra
zane
zanessa
zaneta
zanetti
zangetsu
zangetsu1
zanoza
zanzibar
zap
zapata
zapatero
zapato
zapdos
zaphod
zaphod42
zappa
zappa1
zappa123
zapped
zapper
zappos123
zapzap
zaq
zaq!2wsx
zaq1
zaq1!qaz
zaq111
zaq11qaz
zaq123
zaq1234
zaq12345
zaq123456
zaq123edc
zaq123wsx
zaq12wsx
zaq12wsxcde3
zaq147
zaq1@wsx
zaq1qaz
zaq1xsw2
zaq1xsw2cde3
zaq1zaq!
zaq1zaq1
zaq9700
zaqqaz
zaqwedcxs
zaqwer
zaqwerty
zaqwsx
zaqwsx1
zaqwsx12
zaqwsx123
zaqwsxcde
zaqwsxcde123
zaqwsxcderfv
zaqxsw
zaqxsw12
zaqxsw123
zaqxswcde
zaqxswcde1
zaqxswcde123
zaqxswcdevfr
zaqzaq
zaqzaqzaq
zar
zara
zara123
zaragoza
zaraki
zarate
zarathustra
zaratustra
zaraza
zarazara
zardoz
zarina
zasada
zasada111
zasdf2468
zasranec
zaszas
zauber
zaubermaus
zavala
zavilov
zawisza
zaxscd
zaxscdvf
zaxscdvfbg
zaynmalik
zayzay
zaz
zaza
zaza123
zaza123123
zaza1234
zazaza
zazazaza
zazou
zb5v5o8scv
zbyszek
zbyszek1
zc123456
zcegth
zcxfcnkbdf
zdenek
zdenka
zealot
zeb
zebedee
zebra
zebra1
zebra123
zebras
zebulon
zee9zee9
zeenat
zeeshan
zeezee
zegarek
zegikniet
zeitgeist
zeitung
zeke
zelda
zelda1
zelda123
zelda2
zelda64
zeldalink
zeldas
zeldas12
zemfira
zen
zena
zenaida
zenit
zenith
zenitram
zenobia
zenzen
zephyr
zeppelin
zeppelin1
zepplin
zeqxpafvt
zer
zer0c00l
zeratul
zergling
zermatt
zero
zero00
zero0000
zero11
zero12
zero123
zero1234
zerocool
zerocool1
zerohour
zeroone
zeroordie
zerozero
zeta
zeus
zeus123
zeus1234
zeuszeus
zeynep
zezette
zezima
zgm123
zgmfx10a
zgmfx20a
zh123456
zh41aod44
zh8o9ly3gi
zhang
zhang123
zhang123456
zhang520
zhangbin
zhangchao
zhangfan
zhanghan
zhanghao
zhanghui
zhangjian
zhangjie
zhangjing
zhangjun
zhangkai
zhanglei
zhangliang
zhanglin
zhangpeng
zhangqi
zhangqiang
zhangtao
zhangwei
zhangxin
zhangyan
zhangyang
zhangyi
zhangying
zhangyu
zhanna
zhao123
zhaowei
zhd123
zhendeaini
zheng123
zheng2191015
zheng2568
zhengwei
zhenya
zhenyu2012
zhimakaimen
zhixing5784
zhjckfd
zhjckfdf
zhongguo
zhou123456
zhou1980
zhoujing
zhu123456
zhuzhu
zhuzhu123
zidane
zidane1
zidane10
zidane123
zidane5
zielony
ziemniak
zigazaga
ziggy
ziggy1
ziggy123
zigzag
zigzag1
zildjian
zildjian1
zimbabwe
zimbabwe1
zimmer
zimmer483
zimmerman
zimmermann
zimzim
zin
zinaida
zindagi
zinedine
zinfandel
zinger
zinnia
zinzin
zio
ziom
ziom12
ziom123
ziomal
ziomal1
ziomal12
ziomal123
ziomalek
ziomek
ziomek1
ziomek12
ziomek123
zion
zip
zipper
zipper1
zippo
zippo1
zippo123
zippy
zippy1
zippy123
zipzap
zipzip
zircon
ziruuff99
zitrone
zizi
zizo
zizou
zizou10
zj123456
zk.
zk123456
zl123456
zlatan
zlatko
zlldd986
zmalqp10
zmodem
zmx870919123
zmxncbv
znt
zocken
zocker
zodiac
zodiaco
zodiak
zoe
zoe101
zoe123
zoedog
zoegirl
zoey
zoey101
zoey123
zoey1234
zoezoe
zoidberg
zoidffq816
zola25
zolika
zoloft
zoloto
zoltan
zoltrix
zomato
zombi
zombie
zombie1
zombie11
zombie12
zombie123
zombie13
zombie666
zombie69
zombies
zombies1
zone
zonguldak
zonguldak67
zonzon
zoo
zoo123
zoolander
zoology
zoom
zoom1234
zoom12345
zoomer
zoomzoom
zooropa
zoosk
zooyork
zooyork1
zoozoo
zor
zorba
zorglub
zorky8356
zoro
zorro
zorro1
zorro123
zorros
zou
zoubida
zoulou
zouzou
zozo
zozozo
zpyhcqp464
zqzg51t2lz
zrszd9p238
zsajpx9211
zsazsa
zse45rdx
zse45tgb
zse4rfv
zse4xdr5
zserdx
zsexdr
zsolti
zsoltika
zsuzsa72
zsuzsi
zsvtufv911
zsxdcf
zsxdcfvg
zt2z6i9vtt
zubair
zucchero
zucker
zuhause
zuikis
zujlrf
zukunft
zulu
zumzum
zurich
zuzana
zuzanka
zuzanna
zuzanna1
zuzia
zuzia1
zuzka
zuzu
zuzuzu
zvezda
zvjmhgc355
zw123456
zw1kf07412
zwiebel
zwilling
zwillinge
zwinky
zwjbvhy184
zx
zx123123
zx1234
zx123456
zx123456789
zx12cv34
zx12zx12
zx3d56
zxasqw
zxasqw12
zxasqw123
zxc
zxc123
zxc123123
zxc123321
zxc1234
zxc12345
zxc123456
zxc123456789
zxc123asd
zxc123asd456
zxc123vbn
zxc123z
zxc123zxc
zxc123zxc123
zxc12zx
zxc321
zxc3325qtr
zxc456
zxc5555
zxc789
zxcasd
zxcasd12
zxcasd123
zxcasdqwe
zxcasdqwe1
zxcasdqwe123
zxccxz
zxccxz123
zxcdsa
zxcdsaqwe
zxcdsaqwe321
zxcmnb
zxcqwe
zxcqwe123
zxcv
zxcv0987
zxcv12
zxcv123
zxcv1234
zxcv12345
zxcv123456
zxcv4321
zxcvasdf
zxcvasdfqwer
zxcvb
zxcvb1
zxcvb12
zxcvb123
zxcvb1234
zxcvb12345
zxcvbasdfg
zxcvbbvcxz
zxcvbn
zxcvbn1
zxcvbn11
zxcvbn12
zxcvbn123
zxcvbn123456
zxcvbnm
zxcvbnm,
zxcvbnm,.
zxcvbnm,./
zxcvbnm.
zxcvbnm0
zxcvbnm00
zxcvbnm1
zxcvbnm11
zxcvbnm111
zxcvbnm12
zxcvbnm123
zxcvbnm1234
zxcvbnm12345
zxcvbnm123456
zxcvbnm1234567
zxcvbnm123456789
zxcvbnm2
zxcvbnm321
zxcvbnm7
zxcvbnm8
zxcvbnm9
zxcvbnma
zxcvbnmas
zxcvbnmasd
zxcvbnmasdfghjkl
zxcvbnmk
zxcvbnml
zxcvbnmm
zxcvbnmmnbvcxz
zxcvbnmz
zxcvbnmzxcvbnm
zxcvbnzxcvbn
zxcvbzxcvb
zxcvfdsa
zxcvvcxz
zxcvzxcv
zxcxz
zxczxc
zxczxc1
zxczxc12
zxczxc123
zxczxczxc
zxsaqw21
zxx25sys9x
zxzxzx
zxzxzxzx
zy123456
zy5240733
zydeco
zydfhm
zyjxrf
zz
zz123123
zz1234
zz123456
zz123456z
zz8807zpl
zzaaqq11
zzr1100
zzs000000
zztop
zzxxcc
zzxxccvv
zzz
zzz000
zzz111
zzz123
zzz12345
zzz123456
zzzxxx
zzzxxxccc
zzzz
zzzz1111
zzzz1234
zzzzxxxx
zzzzz
zzzzz1
zzzzzz
zzzzzz1
zzzzzzz
zzzzzzz1
zzzzzzzz
zzzzzzzzz
zzzzzzzzzz
~1
